D,q,trial,bot,success,reason,steps,deviations,ms
50,0.0,0,bot1,1,success,71,0,1.172
50,0.0,0,bot2,1,success,71,0,44.766
50,0.0,0,bot3,1,success,71,0,43.494
50,0.0,0,bot4,1,success,71,0,143.26
50,0.0,1,bot1,1,success,37,0,0.569
50,0.0,1,bot2,1,success,37,0,9.41
50,0.0,1,bot3,1,success,37,0,10.078
50,0.0,1,bot4,1,success,37,0,49.913
50,0.0,2,bot1,1,success,32,0,0.452
50,0.0,2,bot2,1,success,32,0,8.082
50,0.0,2,bot3,1,success,38,3,12.106
50,0.0,2,bot4,1,success,38,3,53.169
50,0.0,3,bot1,1,success,43,0,0.691
50,0.0,3,bot2,1,success,43,0,15.288
50,0.0,3,bot3,1,success,43,0,15.48
50,0.0,3,bot4,1,success,43,0,59.909
50,0.0,4,bot1,1,success,35,0,0.566
50,0.0,4,bot2,1,success,35,0,8.488
50,0.0,4,bot3,1,success,35,0,8.435
50,0.0,4,bot4,1,success,35,0,50.119
50,0.0,5,bot1,1,success,41,0,0.927
50,0.0,5,bot2,1,success,41,0,14.574
50,0.0,5,bot3,1,success,41,0,14.296
50,0.0,5,bot4,1,success,41,0,59.621
50,0.0,6,bot1,1,success,68,0,0.802
50,0.0,6,bot2,1,success,68,0,46.614
50,0.0,6,bot3,1,success,68,0,36.597
50,0.0,6,bot4,1,success,68,0,100.766
50,0.0,7,bot1,1,success,43,0,0.925
50,0.0,7,bot2,1,success,43,0,15.226
50,0.0,7,bot3,1,success,43,0,14.871
50,0.0,7,bot4,1,success,43,0,77.656
50,0.0,8,bot1,1,success,60,0,0.946
50,0.0,8,bot2,1,success,60,0,33.8
50,0.0,8,bot3,1,success,60,0,30.352
50,0.0,8,bot4,1,success,60,0,89.339
50,0.0,9,bot1,1,success,6,0,0.165
50,0.0,9,bot2,1,success,6,0,0.837
50,0.0,9,bot3,1,success,6,0,0.841
50,0.0,9,bot4,1,success,6,0,12.349
50,0.0,10,bot1,1,success,34,0,0.509
50,0.0,10,bot2,1,success,34,0,7.587
50,0.0,10,bot3,1,success,34,0,8.002
50,0.0,10,bot4,1,success,34,0,45.895
50,0.0,11,bot1,1,success,40,0,0.855
50,0.0,11,bot2,1,success,40,0,13.751
50,0.0,11,bot3,1,success,40,0,15.007
50,0.0,11,bot4,1,success,40,0,60.606
50,0.0,12,bot1,1,success,40,0,0.547
50,0.0,12,bot2,1,success,40,0,10.863
50,0.0,12,bot3,1,success,40,0,11.431
50,0.0,12,bot4,1,success,40,0,56.176
50,0.0,13,bot1,1,success,68,0,0.918
50,0.0,13,bot2,1,success,68,0,49.076
50,0.0,13,bot3,1,success,68,0,42.823
50,0.0,13,bot4,1,success,68,0,117.062
50,0.0,14,bot1,1,success,40,0,0.456
50,0.0,14,bot2,1,success,40,0,9.73
50,0.0,14,bot3,1,success,40,0,9.594
50,0.0,14,bot4,1,success,40,0,56.721
50,0.0,15,bot1,1,success,69,0,1.02
50,0.0,15,bot2,1,success,69,0,44.886
50,0.0,15,bot3,1,success,69,0,44.024
50,0.0,15,bot4,1,success,69,0,110.775
50,0.0,16,bot1,1,success,66,0,1.377
50,0.0,16,bot2,1,success,66,0,31.255
50,0.0,16,bot3,1,success,66,0,39.561
50,0.0,16,bot4,1,success,66,0,110.103
50,0.0,17,bot1,1,success,43,0,1.625
50,0.0,17,bot2,1,success,43,0,15.443
50,0.0,17,bot3,1,success,43,0,15.886
50,0.0,17,bot4,1,success,43,0,59.332
50,0.0,18,bot1,1,success,15,0,0.26
50,0.0,18,bot2,1,success,15,0,2.306
50,0.0,18,bot3,1,success,15,0,2.24
50,0.0,18,bot4,1,success,15,0,19.719
50,0.0,19,bot1,1,success,49,0,0.645
50,0.0,19,bot2,1,success,49,0,19.05
50,0.0,19,bot3,1,success,49,0,17.242
50,0.0,19,bot4,1,success,49,0,68.214
50,0.0,20,bot1,1,success,61,0,1.257
50,0.0,20,bot2,1,success,61,0,43.732
50,0.0,20,bot3,1,success,61,0,39.486
50,0.0,20,bot4,1,success,61,0,97.825
50,0.0,21,bot1,1,success,39,0,0.677
50,0.0,21,bot2,1,success,39,0,10.632
50,0.0,21,bot3,1,success,39,0,10.915
50,0.0,21,bot4,1,success,39,0,75.679
50,0.0,22,bot1,1,success,18,0,0.272
50,0.0,22,bot2,1,success,18,0,3.339
50,0.0,22,bot3,1,success,18,0,3.059
50,0.0,22,bot4,1,success,18,0,25.617
50,0.0,23,bot1,1,success,67,0,1.273
50,0.0,23,bot2,1,success,67,0,36.695
50,0.0,23,bot3,1,success,67,0,35.821
50,0.0,23,bot4,1,success,67,0,96.136
50,0.0,24,bot1,1,success,39,0,0.51
50,0.0,24,bot2,1,success,39,0,12.08
50,0.0,24,bot3,1,success,39,0,16.266
50,0.0,24,bot4,1,success,39,0,68.715
50,0.0,25,bot1,1,success,10,0,0.147
50,0.0,25,bot2,1,success,10,0,1.377
50,0.0,25,bot3,1,success,10,0,1.57
50,0.0,25,bot4,1,success,10,0,14.265
50,0.0,26,bot1,1,success,75,0,0.973
50,0.0,26,bot2,1,success,75,0,40.116
50,0.0,26,bot3,1,success,75,0,39.3
50,0.0,26,bot4,1,success,75,0,119.607
50,0.0,27,bot1,1,success,93,0,1.028
50,0.0,27,bot2,1,success,93,0,66.597
50,0.0,27,bot3,1,success,93,0,78.853
50,0.0,27,bot4,1,success,93,0,158.368
50,0.0,28,bot1,1,success,41,0,0.63
50,0.0,28,bot2,1,success,41,0,10.309
50,0.0,28,bot3,1,success,41,0,10.05
50,0.0,28,bot4,1,success,41,0,58.234
50,0.0,29,bot1,1,success,18,0,0.21
50,0.0,29,bot2,1,success,18,0,2.543
50,0.0,29,bot3,1,success,18,0,2.552
50,0.0,29,bot4,1,success,18,0,22.084
50,0.0,30,bot1,1,success,26,0,0.445
50,0.0,30,bot2,1,success,26,0,4.981
50,0.0,30,bot3,1,success,26,0,4.85
50,0.0,30,bot4,1,success,26,0,33.683
50,0.0,31,bot1,1,success,41,0,0.634
50,0.0,31,bot2,1,success,41,0,15.373
50,0.0,31,bot3,1,success,41,0,13.648
50,0.0,31,bot4,1,success,41,0,55.416
50,0.0,32,bot1,1,success,40,0,0.75
50,0.0,32,bot2,1,success,40,0,13.761
50,0.0,32,bot3,1,success,40,0,14.218
50,0.0,32,bot4,1,success,40,0,56.648
50,0.0,33,bot1,1,success,14,0,0.188
50,0.0,33,bot2,1,success,14,0,1.872
50,0.0,33,bot3,1,success,14,0,1.957
50,0.0,33,bot4,1,success,14,0,17.28
50,0.0,34,bot1,1,success,6,0,0.166
50,0.0,34,bot2,1,success,6,0,0.919
50,0.0,34,bot3,1,success,6,0,0.75
50,0.0,34,bot4,1,success,6,0,7.889
50,0.0,35,bot1,1,success,43,0,0.677
50,0.0,35,bot2,1,success,43,0,16.856
50,0.0,35,bot3,1,success,43,0,16.866
50,0.0,35,bot4,1,success,43,0,59.728
50,0.0,36,bot1,1,success,62,0,0.893
50,0.0,36,bot2,1,success,62,0,33.817
50,0.0,36,bot3,1,success,62,0,27.85
50,0.0,36,bot4,1,success,62,0,95.279
50,0.0,37,bot1,1,success,25,0,0.301
50,0.0,37,bot2,1,success,25,0,4.089
50,0.0,37,bot3,1,success,25,0,4.283
50,0.0,37,bot4,1,success,25,0,33.764
50,0.0,38,bot1,1,success,12,0,0.207
50,0.0,38,bot2,1,success,12,0,1.535
50,0.0,38,bot3,1,success,12,0,1.702
50,0.0,38,bot4,1,success,12,0,14.842
50,0.0,39,bot1,1,success,21,0,0.243
50,0.0,39,bot2,1,success,21,0,3.003
50,0.0,39,bot3,1,success,21,0,3.109
50,0.0,39,bot4,1,success,21,0,27.019
50,0.0,40,bot1,1,success,19,0,0.231
50,0.0,40,bot2,1,success,19,0,3.175
50,0.0,40,bot3,1,success,19,0,3.575
50,0.0,40,bot4,1,success,19,0,24.633
50,0.0,41,bot1,1,success,72,0,0.966
50,0.0,41,bot2,1,success,72,0,42.933
50,0.0,41,bot3,1,success,74,1,47.27
50,0.0,41,bot4,1,success,74,1,129.155
50,0.0,42,bot1,1,success,21,0,0.25
50,0.0,42,bot2,1,success,21,0,3.519
50,0.0,42,bot3,1,success,21,0,3.866
50,0.0,42,bot4,1,success,21,0,29.182
50,0.0,43,bot1,1,success,37,0,0.674
50,0.0,43,bot2,1,success,37,0,13.384
50,0.0,43,bot3,1,success,37,0,9.177
50,0.0,43,bot4,1,success,37,0,49.809
50,0.0,44,bot1,1,success,14,0,0.202
50,0.0,44,bot2,1,success,14,0,2.279
50,0.0,44,bot3,1,success,14,0,2.164
50,0.0,44,bot4,1,success,14,0,19.441
50,0.0,45,bot1,1,success,15,0,0.181
50,0.0,45,bot2,1,success,15,0,2.041
50,0.0,45,bot3,1,success,15,0,2.232
50,0.0,45,bot4,1,success,15,0,21.981
50,0.0,46,bot1,1,success,76,0,1.08
50,0.0,46,bot2,1,success,76,0,46.324
50,0.0,46,bot3,1,success,76,0,64.998
50,0.0,46,bot4,1,success,76,0,124.87
50,0.0,47,bot1,1,success,41,0,0.809
50,0.0,47,bot2,1,success,41,0,13.954
50,0.0,47,bot3,1,success,41,0,14.481
50,0.0,47,bot4,1,success,41,0,70.444
50,0.0,48,bot1,1,success,22,0,0.414
50,0.0,48,bot2,1,success,22,0,4.231
50,0.0,48,bot3,1,success,22,0,4.96
50,0.0,48,bot4,1,success,22,0,32.26
50,0.0,49,bot1,1,success,47,0,0.503
50,0.0,49,bot2,1,success,47,0,14.773
50,0.0,49,bot3,1,success,47,0,13.018
50,0.0,49,bot4,1,success,47,0,69.793
50,0.0,50,bot1,1,success,27,0,0.417
50,0.0,50,bot2,1,success,27,0,6.127
50,0.0,50,bot3,1,success,27,0,6.414
50,0.0,50,bot4,1,success,27,0,42.156
50,0.0,51,bot1,1,success,12,0,0.214
50,0.0,51,bot2,1,success,12,0,2.105
50,0.0,51,bot3,1,success,12,0,2.191
50,0.0,51,bot4,1,success,12,0,15.658
50,0.0,52,bot1,1,success,11,0,0.201
50,0.0,52,bot2,1,success,11,0,1.488
50,0.0,52,bot3,1,success,11,0,1.477
50,0.0,52,bot4,1,success,11,0,14.85
50,0.0,53,bot1,1,success,64,0,0.884
50,0.0,53,bot2,1,success,64,0,35.026
50,0.0,53,bot3,1,success,72,4,39.531
50,0.0,53,bot4,1,success,72,4,114.271
50,0.0,54,bot1,1,success,40,0,0.563
50,0.0,54,bot2,1,success,40,0,11.877
50,0.0,54,bot3,1,success,40,0,12.365
50,0.0,54,bot4,1,success,40,0,55.815
50,0.0,55,bot1,1,success,61,0,0.951
50,0.0,55,bot2,1,success,61,0,33.329
50,0.0,55,bot3,1,success,61,0,33.84
50,0.0,55,bot4,1,success,61,0,94.793
50,0.0,56,bot1,1,success,52,0,1.183
50,0.0,56,bot2,1,success,52,0,22.135
50,0.0,56,bot3,1,success,52,0,21.468
50,0.0,56,bot4,1,success,52,0,74.216
50,0.0,57,bot1,1,success,25,0,0.486
50,0.0,57,bot2,1,success,25,0,5.072
50,0.0,57,bot3,1,success,25,0,5.255
50,0.0,57,bot4,1,success,25,0,34.92
50,0.0,58,bot1,1,success,25,0,0.269
50,0.0,58,bot2,1,success,25,0,4.65
50,0.0,58,bot3,1,success,25,0,5.459
50,0.0,58,bot4,1,success,25,0,34.888
50,0.0,59,bot1,1,success,31,0,0.356
50,0.0,59,bot2,1,success,31,0,10.253
50,0.0,59,bot3,1,success,31,0,9.817
50,0.0,59,bot4,1,success,31,0,62.745
50,0.0,60,bot1,1,success,12,0,0.174
50,0.0,60,bot2,1,success,12,0,1.551
50,0.0,60,bot3,1,success,12,0,1.569
50,0.0,60,bot4,1,success,12,0,20.812
50,0.0,61,bot1,1,success,36,0,0.624
50,0.0,61,bot2,1,success,36,0,10.858
50,0.0,61,bot3,1,success,36,0,11.452
50,0.0,61,bot4,1,success,36,0,53.373
50,0.0,62,bot1,1,success,19,0,0.314
50,0.0,62,bot2,1,success,19,0,3.805
50,0.0,62,bot3,1,success,19,0,4.26
50,0.0,62,bot4,1,success,19,0,32.355
50,0.0,63,bot1,1,success,26,0,0.472
50,0.0,63,bot2,1,success,26,0,5.303
50,0.0,63,bot3,1,success,26,0,5.874
50,0.0,63,bot4,1,success,26,0,42.38
50,0.0,64,bot1,1,success,19,0,0.309
50,0.0,64,bot2,1,success,19,0,2.798
50,0.0,64,bot3,1,success,19,0,3.487
50,0.0,64,bot4,1,success,19,0,24.828
50,0.0,65,bot1,1,success,36,0,0.388
50,0.0,65,bot2,1,success,36,0,7.677
50,0.0,65,bot3,1,success,36,0,7.984
50,0.0,65,bot4,1,success,36,0,49.607
50,0.0,66,bot1,1,success,25,0,0.389
50,0.0,66,bot2,1,success,25,0,5.204
50,0.0,66,bot3,1,success,25,0,5.214
50,0.0,66,bot4,1,success,25,0,33.687
50,0.0,67,bot1,1,success,46,0,0.598
50,0.0,67,bot2,1,success,46,0,14.885
50,0.0,67,bot3,1,success,46,0,15.746
50,0.0,67,bot4,1,success,46,0,71.413
50,0.0,68,bot1,1,success,41,0,0.901
50,0.0,68,bot2,1,success,41,0,15.265
50,0.0,68,bot3,1,success,41,0,15.03
50,0.0,68,bot4,1,success,41,0,61.79
50,0.0,69,bot1,1,success,40,0,0.435
50,0.0,69,bot2,1,success,40,0,10.732
50,0.0,69,bot3,1,success,40,0,13.623
50,0.0,69,bot4,1,success,40,0,65.716
50,0.0,70,bot1,1,success,57,0,0.764
50,0.0,70,bot2,1,success,57,0,27.058
50,0.0,70,bot3,1,success,61,2,31.716
50,0.0,70,bot4,1,success,61,2,111.112
50,0.0,71,bot1,1,success,77,0,1.432
50,0.0,71,bot2,1,success,77,0,41.442
50,0.0,71,bot3,1,success,77,0,64.132
50,0.0,71,bot4,1,success,77,0,168.631
50,0.0,72,bot1,1,success,46,0,0.809
50,0.0,72,bot2,1,success,46,0,29.767
50,0.0,72,bot3,1,success,46,0,22.479
50,0.0,72,bot4,1,success,46,0,84.494
50,0.0,73,bot1,1,success,69,0,1.525
50,0.0,73,bot2,1,success,69,0,43.293
50,0.0,73,bot3,1,success,69,0,42.022
50,0.0,73,bot4,1,success,69,0,132.22
50,0.0,74,bot1,1,success,43,0,0.75
50,0.0,74,bot2,1,success,43,0,16.32
50,0.0,74,bot3,1,success,51,4,24.822
50,0.0,74,bot4,1,success,51,4,76.332
50,0.0,75,bot1,1,success,23,0,0.401
50,0.0,75,bot2,1,success,23,0,4.21
50,0.0,75,bot3,1,success,23,0,4.155
50,0.0,75,bot4,1,success,23,0,35.721
50,0.0,76,bot1,1,success,28,0,0.489
50,0.0,76,bot2,1,success,28,0,6.698
50,0.0,76,bot3,1,success,28,0,6.495
50,0.0,76,bot4,1,success,28,0,39.466
50,0.0,77,bot1,1,success,52,0,1.298
50,0.0,77,bot2,1,success,52,0,26.667
50,0.0,77,bot3,1,success,52,0,23.1
50,0.0,77,bot4,1,success,52,0,103.28
50,0.0,78,bot1,1,success,55,0,0.967
50,0.0,78,bot2,1,success,55,0,27.814
50,0.0,78,bot3,1,success,55,0,27.565
50,0.0,78,bot4,1,success,55,0,85.91
50,0.0,79,bot1,1,success,71,0,0.979
50,0.0,79,bot2,1,success,71,0,41.606
50,0.0,79,bot3,1,success,71,0,47.583
50,0.0,79,bot4,1,success,71,0,121.969
50,0.0,80,bot1,1,success,52,0,0.71
50,0.0,80,bot2,1,success,52,0,17.253
50,0.0,80,bot3,1,success,52,0,26.503
50,0.0,80,bot4,1,success,52,0,115.914
50,0.0,81,bot1,1,success,53,0,0.881
50,0.0,81,bot2,1,success,53,0,27.174
50,0.0,81,bot3,1,success,53,0,38.785
50,0.0,81,bot4,1,success,53,0,92.987
50,0.0,82,bot1,1,success,62,0,0.98
50,0.0,82,bot2,1,success,62,0,43.357
50,0.0,82,bot3,1,success,62,0,35.587
50,0.0,82,bot4,1,success,62,0,112.03
50,0.0,83,bot1,1,success,57,0,0.945
50,0.0,83,bot2,1,success,57,0,34.627
50,0.0,83,bot3,1,success,57,0,32.176
50,0.0,83,bot4,1,success,57,0,116.228
50,0.0,84,bot1,1,success,47,0,0.571
50,0.0,84,bot2,1,success,47,0,18.042
50,0.0,84,bot3,1,success,47,0,19.537
50,0.0,84,bot4,1,success,47,0,67.52
50,0.0,85,bot1,1,success,39,0,0.861
50,0.0,85,bot2,1,success,39,0,14.371
50,0.0,85,bot3,1,success,39,0,14.558
50,0.0,85,bot4,1,success,39,0,58.785
50,0.0,86,bot1,1,success,14,0,0.221
50,0.0,86,bot2,1,success,14,0,2.366
50,0.0,86,bot3,1,success,14,0,2.131
50,0.0,86,bot4,1,success,14,0,20.157
50,0.0,87,bot1,1,success,53,0,1.199
50,0.0,87,bot2,1,success,53,0,25.41
50,0.0,87,bot3,1,success,53,0,24.384
50,0.0,87,bot4,1,success,53,0,73.518
50,0.0,88,bot1,1,success,53,0,0.704
50,0.0,88,bot2,1,success,53,0,22.716
50,0.0,88,bot3,1,success,53,0,27.603
50,0.0,88,bot4,1,success,53,0,87.378
50,0.0,89,bot1,1,success,15,0,0.326
50,0.0,89,bot2,1,success,15,0,2.391
50,0.0,89,bot3,1,success,15,0,2.303
50,0.0,89,bot4,1,success,15,0,20.086
50,0.0,90,bot1,1,success,26,0,0.328
50,0.0,90,bot2,1,success,26,0,5.657
50,0.0,90,bot3,1,success,26,0,6.794
50,0.0,90,bot4,1,success,26,0,49.971
50,0.0,91,bot1,1,success,6,0,0.134
50,0.0,91,bot2,1,success,6,0,1.101
50,0.0,91,bot3,1,success,6,0,0.672
50,0.0,91,bot4,1,success,6,0,7.913
50,0.0,92,bot1,1,success,56,0,0.668
50,0.0,92,bot2,1,success,56,0,25.373
50,0.0,92,bot3,1,success,56,0,25.117
50,0.0,92,bot4,1,success,56,0,99.799
50,0.0,93,bot1,1,success,5,0,0.124
50,0.0,93,bot2,1,success,5,0,0.513
50,0.0,93,bot3,1,success,5,0,0.53
50,0.0,93,bot4,1,success,5,0,6.124
50,0.0,94,bot1,1,success,51,0,0.689
50,0.0,94,bot2,1,success,51,0,20.493
50,0.0,94,bot3,1,success,51,0,20.336
50,0.0,94,bot4,1,success,51,0,106.59
50,0.0,95,bot1,1,success,55,0,0.935
50,0.0,95,bot2,1,success,55,0,28.601
50,0.0,95,bot3,1,success,55,0,24.554
50,0.0,95,bot4,1,success,55,0,109.531
50,0.0,96,bot1,1,success,35,0,0.457
50,0.0,96,bot2,1,success,35,0,9.704
50,0.0,96,bot3,1,success,35,0,9.377
50,0.0,96,bot4,1,success,35,0,51.873
50,0.0,97,bot1,1,success,43,0,0.608
50,0.0,97,bot2,1,success,43,0,19.748
50,0.0,97,bot3,1,success,43,0,21.249
50,0.0,97,bot4,1,success,43,0,59.183
50,0.0,98,bot1,1,success,31,0,0.473
50,0.0,98,bot2,1,success,31,0,7.063
50,0.0,98,bot3,1,success,31,0,7.135
50,0.0,98,bot4,1,success,31,0,46.452
50,0.0,99,bot1,1,success,49,0,0.986
50,0.0,99,bot2,1,success,49,0,29.272
50,0.0,99,bot3,1,success,49,0,27.864
50,0.0,99,bot4,1,success,49,0,84.863
50,0.0,100,bot1,1,success,36,0,0.375
50,0.0,100,bot2,1,success,36,0,7.647
50,0.0,100,bot3,1,success,36,0,7.95
50,0.0,100,bot4,1,success,36,0,49.771
50,0.0,101,bot1,1,success,54,0,0.91
50,0.0,101,bot2,1,success,54,0,24.659
50,0.0,101,bot3,1,success,54,0,33.69
50,0.0,101,bot4,1,success,54,0,104.349
50,0.0,102,bot1,1,success,25,0,0.335
50,0.0,102,bot2,1,success,25,0,5.0
50,0.0,102,bot3,1,success,25,0,5.044
50,0.0,102,bot4,1,success,25,0,40.87
50,0.0,103,bot1,1,success,32,0,0.641
50,0.0,103,bot2,1,success,32,0,6.868
50,0.0,103,bot3,1,success,32,0,6.84
50,0.0,103,bot4,1,success,32,0,49.362
50,0.0,104,bot1,1,success,44,0,0.598
50,0.0,104,bot2,1,success,44,0,14.562
50,0.0,104,bot3,1,success,44,0,13.505
50,0.0,104,bot4,1,success,44,0,63.516
50,0.0,105,bot1,1,success,35,0,0.451
50,0.0,105,bot2,1,success,35,0,8.876
50,0.0,105,bot3,1,success,35,0,8.109
50,0.0,105,bot4,1,success,35,0,49.414
50,0.0,106,bot1,1,success,23,0,0.441
50,0.0,106,bot2,1,success,23,0,4.06
50,0.0,106,bot3,1,success,23,0,4.041
50,0.0,106,bot4,1,success,23,0,33.18
50,0.0,107,bot1,1,success,42,0,0.836
50,0.0,107,bot2,1,success,42,0,14.766
50,0.0,107,bot3,1,success,42,0,15.287
50,0.0,107,bot4,1,success,42,0,55.858
50,0.0,108,bot1,1,success,36,0,0.345
50,0.0,108,bot2,1,success,36,0,10.632
50,0.0,108,bot3,1,success,36,0,11.167
50,0.0,108,bot4,1,success,36,0,60.502
50,0.0,109,bot1,1,success,21,0,0.267
50,0.0,109,bot2,1,success,21,0,5.107
50,0.0,109,bot3,1,success,21,0,5.17
50,0.0,109,bot4,1,success,21,0,37.548
50,0.0,110,bot1,1,success,63,0,0.933
50,0.0,110,bot2,1,success,63,0,38.847
50,0.0,110,bot3,1,success,63,0,41.929
50,0.0,110,bot4,1,success,63,0,142.728
50,0.0,111,bot1,1,success,28,0,0.289
50,0.0,111,bot2,1,success,28,0,5.435
50,0.0,111,bot3,1,success,28,0,7.778
50,0.0,111,bot4,1,success,28,0,59.647
50,0.0,112,bot1,1,success,75,0,1.008
50,0.0,112,bot2,1,success,75,0,57.638
50,0.0,112,bot3,1,success,75,0,46.12
50,0.0,112,bot4,1,success,75,0,164.985
50,0.0,113,bot1,1,success,52,0,0.688
50,0.0,113,bot2,1,success,52,0,19.663
50,0.0,113,bot3,1,success,52,0,19.914
50,0.0,113,bot4,1,success,52,0,74.846
50,0.0,114,bot1,1,success,9,0,0.179
50,0.0,114,bot2,1,success,9,0,1.179
50,0.0,114,bot3,1,success,9,0,1.208
50,0.0,114,bot4,1,success,9,0,12.508
50,0.0,115,bot1,1,success,37,0,0.833
50,0.0,115,bot2,1,success,37,0,14.431
50,0.0,115,bot3,1,success,37,0,13.048
50,0.0,115,bot4,1,success,37,0,58.121
50,0.0,116,bot1,1,success,42,0,0.409
50,0.0,116,bot2,1,success,42,0,11.891
50,0.0,116,bot3,1,success,42,0,11.0
50,0.0,116,bot4,1,success,42,0,63.283
50,0.0,117,bot1,1,success,54,0,0.704
50,0.0,117,bot2,1,success,54,0,24.048
50,0.0,117,bot3,1,success,54,0,29.421
50,0.0,117,bot4,1,success,54,0,92.517
50,0.0,118,bot1,1,success,28,0,0.278
50,0.0,118,bot2,1,success,28,0,5.731
50,0.0,118,bot3,1,success,28,0,5.321
50,0.0,118,bot4,1,success,28,0,38.468
50,0.0,119,bot1,1,success,46,0,0.685
50,0.0,119,bot2,1,success,46,0,15.149
50,0.0,119,bot3,1,success,46,0,15.528
50,0.0,119,bot4,1,success,46,0,99.19
50,0.0,120,bot1,1,success,70,0,0.92
50,0.0,120,bot2,1,success,70,0,40.167
50,0.0,120,bot3,1,success,70,0,39.368
50,0.0,120,bot4,1,success,70,0,107.548
50,0.0,121,bot1,1,success,38,0,0.596
50,0.0,121,bot2,1,success,38,0,12.222
50,0.0,121,bot3,1,success,38,0,12.728
50,0.0,121,bot4,1,success,38,0,52.778
50,0.0,122,bot1,1,success,29,0,0.544
50,0.0,122,bot2,1,success,29,0,9.458
50,0.0,122,bot3,1,success,29,0,8.867
50,0.0,122,bot4,1,success,29,0,49.76
50,0.0,123,bot1,1,success,72,0,0.999
50,0.0,123,bot2,1,success,72,0,49.81
50,0.0,123,bot3,1,success,72,0,54.308
50,0.0,123,bot4,1,success,72,0,131.567
50,0.0,124,bot1,1,success,32,0,0.436
50,0.0,124,bot2,1,success,32,0,7.81
50,0.0,124,bot3,1,success,32,0,7.965
50,0.0,124,bot4,1,success,32,0,44.115
50,0.0,125,bot1,1,success,29,0,0.639
50,0.0,125,bot2,1,success,29,0,6.122
50,0.0,125,bot3,1,success,29,0,6.177
50,0.0,125,bot4,1,success,29,0,42.455
50,0.0,126,bot1,1,success,62,0,0.757
50,0.0,126,bot2,1,success,62,0,28.085
50,0.0,126,bot3,1,success,62,0,26.525
50,0.0,126,bot4,1,success,62,0,93.773
50,0.0,127,bot1,1,success,79,0,1.261
50,0.0,127,bot2,1,success,79,0,53.988
50,0.0,127,bot3,1,success,79,0,52.885
50,0.0,127,bot4,1,success,79,0,142.2
50,0.0,128,bot1,1,success,38,0,0.399
50,0.0,128,bot2,1,success,38,0,8.899
50,0.0,128,bot3,1,success,38,0,10.115
50,0.0,128,bot4,1,success,38,0,54.94
50,0.0,129,bot1,1,success,24,0,0.498
50,0.0,129,bot2,1,success,24,0,5.545
50,0.0,129,bot3,1,success,24,0,5.547
50,0.0,129,bot4,1,success,24,0,30.349
50,0.0,130,bot1,1,success,27,0,0.473
50,0.0,130,bot2,1,success,27,0,6.62
50,0.0,130,bot3,1,success,27,0,6.399
50,0.0,130,bot4,1,success,27,0,38.588
50,0.0,131,bot1,1,success,44,0,1.496
50,0.0,131,bot2,1,success,44,0,17.953
50,0.0,131,bot3,1,success,44,0,21.772
50,0.0,131,bot4,1,success,44,0,60.481
50,0.0,132,bot1,1,success,30,0,0.41
50,0.0,132,bot2,1,success,30,0,7.953
50,0.0,132,bot3,1,success,30,0,8.645
50,0.0,132,bot4,1,success,30,0,43.093
50,0.0,133,bot1,1,success,16,0,0.24
50,0.0,133,bot2,1,success,16,0,2.406
50,0.0,133,bot3,1,success,16,0,3.34
50,0.0,133,bot4,1,success,16,0,29.153
50,0.0,134,bot1,1,success,18,0,0.275
50,0.0,134,bot2,1,success,18,0,3.669
50,0.0,134,bot3,1,success,18,0,4.166
50,0.0,134,bot4,1,success,18,0,32.0
50,0.0,135,bot1,1,success,41,0,1.274
50,0.0,135,bot2,1,success,41,0,14.928
50,0.0,135,bot3,1,success,41,0,19.397
50,0.0,135,bot4,1,success,41,0,65.26
50,0.0,136,bot1,1,success,41,0,0.401
50,0.0,136,bot2,1,success,41,0,10.558
50,0.0,136,bot3,1,success,41,0,10.339
50,0.0,136,bot4,1,success,41,0,62.687
50,0.0,137,bot1,1,success,65,0,1.705
50,0.0,137,bot2,1,success,65,0,40.986
50,0.0,137,bot3,1,success,65,0,50.563
50,0.0,137,bot4,1,success,65,0,108.587
50,0.0,138,bot1,1,success,25,0,0.392
50,0.0,138,bot2,1,success,25,0,5.42
50,0.0,138,bot3,1,success,25,0,5.334
50,0.0,138,bot4,1,success,25,0,41.85
50,0.0,139,bot1,1,success,32,0,0.66
50,0.0,139,bot2,1,success,32,0,7.963
50,0.0,139,bot3,1,success,32,0,9.718
50,0.0,139,bot4,1,success,32,0,66.652
50,0.0,140,bot1,1,success,9,0,0.161
50,0.0,140,bot2,1,success,9,0,1.234
50,0.0,140,bot3,1,success,9,0,1.416
50,0.0,140,bot4,1,success,9,0,17.463
50,0.0,141,bot1,1,success,64,0,0.828
50,0.0,141,bot2,1,success,64,0,29.902
50,0.0,141,bot3,1,success,64,0,30.53
50,0.0,141,bot4,1,success,64,0,104.652
50,0.0,142,bot1,1,success,22,0,0.216
50,0.0,142,bot2,1,success,22,0,3.403
50,0.0,142,bot3,1,success,22,0,3.447
50,0.0,142,bot4,1,success,22,0,28.478
50,0.0,143,bot1,1,success,70,0,0.98
50,0.0,143,bot2,1,success,70,0,54.769
50,0.0,143,bot3,1,success,70,0,43.395
50,0.0,143,bot4,1,success,70,0,117.486
50,0.0,144,bot1,1,success,27,0,0.838
50,0.0,144,bot2,1,success,27,0,7.873
50,0.0,144,bot3,1,success,27,0,7.336
50,0.0,144,bot4,1,success,27,0,46.849
50,0.0,145,bot1,1,success,34,0,0.548
50,0.0,145,bot2,1,success,34,0,8.466
50,0.0,145,bot3,1,success,34,0,9.6
50,0.0,145,bot4,1,success,34,0,50.788
50,0.0,146,bot1,1,success,14,0,0.176
50,0.0,146,bot2,1,success,14,0,1.963
50,0.0,146,bot3,1,success,14,0,2.019
50,0.0,146,bot4,1,success,14,0,22.12
50,0.0,147,bot1,1,success,35,0,0.597
50,0.0,147,bot2,1,success,35,0,11.117
50,0.0,147,bot3,1,success,35,0,10.934
50,0.0,147,bot4,1,success,35,0,46.461
50,0.0,148,bot1,1,success,28,0,0.415
50,0.0,148,bot2,1,success,28,0,6.031
50,0.0,148,bot3,1,success,28,0,6.159
50,0.0,148,bot4,1,success,28,0,45.066
50,0.0,149,bot1,1,success,78,0,1.441
50,0.0,149,bot2,1,success,78,0,54.025
50,0.0,149,bot3,1,success,78,0,56.801
50,0.0,149,bot4,1,success,78,0,143.655
50,0.0,150,bot1,1,success,24,0,0.327
50,0.0,150,bot2,1,success,24,0,4.772
50,0.0,150,bot3,1,success,24,0,7.03
50,0.0,150,bot4,1,success,24,0,52.429
50,0.0,151,bot1,1,success,51,0,0.831
50,0.0,151,bot2,1,success,51,0,28.225
50,0.0,151,bot3,1,success,51,0,36.915
50,0.0,151,bot4,1,success,51,0,80.605
50,0.0,152,bot1,1,success,50,0,1.113
50,0.0,152,bot2,1,success,50,0,27.568
50,0.0,152,bot3,1,success,50,0,23.343
50,0.0,152,bot4,1,success,50,0,81.687
50,0.0,153,bot1,1,success,30,0,0.533
50,0.0,153,bot2,1,success,30,0,7.981
50,0.0,153,bot3,1,success,30,0,7.511
50,0.0,153,bot4,1,success,30,0,72.888
50,0.0,154,bot1,1,success,52,0,0.725
50,0.0,154,bot2,1,success,52,0,32.068
50,0.0,154,bot3,1,success,52,0,30.491
50,0.0,154,bot4,1,success,52,0,78.089
50,0.0,155,bot1,1,success,13,0,0.216
50,0.0,155,bot2,1,success,13,0,1.977
50,0.0,155,bot3,1,success,13,0,1.931
50,0.0,155,bot4,1,success,13,0,17.831
50,0.0,156,bot1,1,success,49,0,0.601
50,0.0,156,bot2,1,success,49,0,18.238
50,0.0,156,bot3,1,success,49,0,18.185
50,0.0,156,bot4,1,success,49,0,66.291
50,0.0,157,bot1,1,success,26,0,0.337
50,0.0,157,bot2,1,success,26,0,4.706
50,0.0,157,bot3,1,success,26,0,4.627
50,0.0,157,bot4,1,success,26,0,51.369
50,0.0,158,bot1,1,success,48,0,0.605
50,0.0,158,bot2,1,success,48,0,18.532
50,0.0,158,bot3,1,success,48,0,18.52
50,0.0,158,bot4,1,success,48,0,68.419
50,0.0,159,bot1,1,success,28,0,0.494
50,0.0,159,bot2,1,success,28,0,8.79
50,0.0,159,bot3,1,success,28,0,6.674
50,0.0,159,bot4,1,success,28,0,39.108
50,0.0,160,bot1,1,success,23,0,0.4
50,0.0,160,bot2,1,success,23,0,4.4
50,0.0,160,bot3,1,success,23,0,4.329
50,0.0,160,bot4,1,success,23,0,31.92
50,0.0,161,bot1,1,success,57,0,0.983
50,0.0,161,bot2,1,success,57,0,22.941
50,0.0,161,bot3,1,success,57,0,37.966
50,0.0,161,bot4,1,success,57,0,90.468
50,0.0,162,bot1,1,success,51,0,1.021
50,0.0,162,bot2,1,success,51,0,25.542
50,0.0,162,bot3,1,success,51,0,26.801
50,0.0,162,bot4,1,success,51,0,99.15
50,0.0,163,bot1,1,success,28,0,0.362
50,0.0,163,bot2,1,success,28,0,5.233
50,0.0,163,bot3,1,success,28,0,5.446
50,0.0,163,bot4,1,success,28,0,37.778
50,0.0,164,bot1,1,success,15,0,0.211
50,0.0,164,bot2,1,success,15,0,2.244
50,0.0,164,bot3,1,success,15,0,2.343
50,0.0,164,bot4,1,success,15,0,21.824
50,0.0,165,bot1,1,success,56,0,1.011
50,0.0,165,bot2,1,success,56,0,33.66
50,0.0,165,bot3,1,success,56,0,30.217
50,0.0,165,bot4,1,success,56,0,91.053
50,0.0,166,bot1,1,success,66,0,1.083
50,0.0,166,bot2,1,success,66,0,41.302
50,0.0,166,bot3,1,success,66,0,39.291
50,0.0,166,bot4,1,success,66,0,104.904
50,0.0,167,bot1,1,success,36,0,0.397
50,0.0,167,bot2,1,success,36,0,11.649
50,0.0,167,bot3,1,success,36,0,8.985
50,0.0,167,bot4,1,success,36,0,49.356
50,0.0,168,bot1,1,success,32,0,0.463
50,0.0,168,bot2,1,success,32,0,9.291
50,0.0,168,bot3,1,success,32,0,8.544
50,0.0,168,bot4,1,success,32,0,44.455
50,0.0,169,bot1,1,success,43,0,0.66
50,0.0,169,bot2,1,success,43,0,14.682
50,0.0,169,bot3,1,success,43,0,16.536
50,0.0,169,bot4,1,success,43,0,74.682
50,0.0,170,bot1,1,success,43,0,0.426
50,0.0,170,bot2,1,success,43,0,12.998
50,0.0,170,bot3,1,success,43,0,17.417
50,0.0,170,bot4,1,success,43,0,83.165
50,0.0,171,bot1,1,success,72,0,1.007
50,0.0,171,bot2,1,success,72,0,71.355
50,0.0,171,bot3,1,success,72,0,61.81
50,0.0,171,bot4,1,success,72,0,135.301
50,0.0,172,bot1,1,success,41,0,0.591
50,0.0,172,bot2,1,success,41,0,15.491
50,0.0,172,bot3,1,success,41,0,54.599
50,0.0,172,bot4,1,success,41,0,83.476
50,0.0,173,bot1,1,success,67,0,1.027
50,0.0,173,bot2,1,success,67,0,39.838
50,0.0,173,bot3,1,success,67,0,41.236
50,0.0,173,bot4,1,success,67,0,120.087
50,0.0,174,bot1,1,success,21,0,0.311
50,0.0,174,bot2,1,success,21,0,3.41
50,0.0,174,bot3,1,success,21,0,3.972
50,0.0,174,bot4,1,success,21,0,29.753
50,0.0,175,bot1,1,success,19,0,0.255
50,0.0,175,bot2,1,success,19,0,3.063
50,0.0,175,bot3,1,success,19,0,3.322
50,0.0,175,bot4,1,success,19,0,25.933
50,0.0,176,bot1,1,success,61,0,1.05
50,0.0,176,bot2,1,success,61,0,33.382
50,0.0,176,bot3,1,success,61,0,34.149
50,0.0,176,bot4,1,success,61,0,92.952
50,0.0,177,bot1,1,success,40,0,0.62
50,0.0,177,bot2,1,success,40,0,20.199
50,0.0,177,bot3,1,success,40,0,19.605
50,0.0,177,bot4,1,success,40,0,99.965
50,0.0,178,bot1,1,success,39,0,0.868
50,0.0,178,bot2,1,success,39,0,15.064
50,0.0,178,bot3,1,success,39,0,14.287
50,0.0,178,bot4,1,success,39,0,56.458
50,0.0,179,bot1,1,success,61,0,1.082
50,0.0,179,bot2,1,success,61,0,25.99
50,0.0,179,bot3,1,success,61,0,26.973
50,0.0,179,bot4,1,success,61,0,110.226
50,0.0,180,bot1,1,success,40,0,0.833
50,0.0,180,bot2,1,success,40,0,23.133
50,0.0,180,bot3,1,success,40,0,16.021
50,0.0,180,bot4,1,success,40,0,59.96
50,0.0,181,bot1,1,success,29,0,0.37
50,0.0,181,bot2,1,success,29,0,5.797
50,0.0,181,bot3,1,success,29,0,6.888
50,0.0,181,bot4,1,success,29,0,43.348
50,0.0,182,bot1,1,success,54,0,0.921
50,0.0,182,bot2,1,success,54,0,26.038
50,0.0,182,bot3,1,success,54,0,21.656
50,0.0,182,bot4,1,success,54,0,114.034
50,0.0,183,bot1,1,success,37,0,0.49
50,0.0,183,bot2,1,success,37,0,9.173
50,0.0,183,bot3,1,success,37,0,9.507
50,0.0,183,bot4,1,success,37,0,56.1
50,0.0,184,bot1,1,success,67,0,1.116
50,0.0,184,bot2,1,success,67,0,48.001
50,0.0,184,bot3,1,success,67,0,59.93
50,0.0,184,bot4,1,success,67,0,103.091
50,0.0,185,bot1,1,success,75,0,1.565
50,0.0,185,bot2,1,success,75,0,73.483
50,0.0,185,bot3,1,success,75,0,48.325
50,0.0,185,bot4,1,success,75,0,127.995
50,0.0,186,bot1,1,success,64,0,0.903
50,0.0,186,bot2,1,success,64,0,30.729
50,0.0,186,bot3,1,success,64,0,31.311
50,0.0,186,bot4,1,success,64,0,97.961
50,0.0,187,bot1,1,success,21,0,0.28
50,0.0,187,bot2,1,success,21,0,4.57
50,0.0,187,bot3,1,success,21,0,5.835
50,0.0,187,bot4,1,success,21,0,44.559
50,0.0,188,bot1,1,success,27,0,0.249
50,0.0,188,bot2,1,success,27,0,5.744
50,0.0,188,bot3,1,success,27,0,4.598
50,0.0,188,bot4,1,success,27,0,36.508
50,0.0,189,bot1,1,success,37,0,0.815
50,0.0,189,bot2,1,success,37,0,13.453
50,0.0,189,bot3,1,success,37,0,11.939
50,0.0,189,bot4,1,success,37,0,81.33
50,0.0,190,bot1,1,success,29,0,0.571
50,0.0,190,bot2,1,success,29,0,10.218
50,0.0,190,bot3,1,success,29,0,9.729
50,0.0,190,bot4,1,success,29,0,39.285
50,0.0,191,bot1,1,success,41,0,0.736
50,0.0,191,bot2,1,success,41,0,13.654
50,0.0,191,bot3,1,success,41,0,13.729
50,0.0,191,bot4,1,success,41,0,58.687
50,0.0,192,bot1,1,success,24,0,0.34
50,0.0,192,bot2,1,success,24,0,5.833
50,0.0,192,bot3,1,success,24,0,5.847
50,0.0,192,bot4,1,success,24,0,37.884
50,0.0,193,bot1,1,success,21,0,0.243
50,0.0,193,bot2,1,success,21,0,3.359
50,0.0,193,bot3,1,success,21,0,3.428
50,0.0,193,bot4,1,success,21,0,34.368
50,0.0,194,bot1,1,success,50,0,0.907
50,0.0,194,bot2,1,success,50,0,21.961
50,0.0,194,bot3,1,success,50,0,23.354
50,0.0,194,bot4,1,success,50,0,70.631
50,0.0,195,bot1,1,success,36,0,0.719
50,0.0,195,bot2,1,success,36,0,14.239
50,0.0,195,bot3,1,success,36,0,12.073
50,0.0,195,bot4,1,success,36,0,50.748
50,0.0,196,bot1,1,success,36,0,0.534
50,0.0,196,bot2,1,success,36,0,10.264
50,0.0,196,bot3,1,success,36,0,11.335
50,0.0,196,bot4,1,success,36,0,57.308
50,0.0,197,bot1,1,success,67,0,1.11
50,0.0,197,bot2,1,success,67,0,39.451
50,0.0,197,bot3,1,success,67,0,34.738
50,0.0,197,bot4,1,success,67,0,121.876
50,0.0,198,bot1,1,success,86,0,1.029
50,0.0,198,bot2,1,success,86,0,57.992
50,0.0,198,bot3,1,success,86,0,61.167
50,0.0,198,bot4,1,success,86,0,123.575
50,0.0,199,bot1,1,success,35,0,0.46
50,0.0,199,bot2,1,success,35,0,8.806
50,0.0,199,bot3,1,success,35,0,8.551
50,0.0,199,bot4,1,success,35,0,56.797
50,0.05,0,bot1,1,success,71,0,1.131
50,0.05,0,bot2,1,success,71,0,51.73
50,0.05,0,bot3,1,success,71,0,51.372
50,0.05,0,bot4,1,success,71,0,108.709
50,0.05,1,bot1,1,success,37,0,0.599
50,0.05,1,bot2,1,success,37,0,10.125
50,0.05,1,bot3,1,success,37,0,10.42
50,0.05,1,bot4,1,success,37,0,58.896
50,0.05,2,bot1,1,success,32,0,0.49
50,0.05,2,bot2,1,success,32,0,7.745
50,0.05,2,bot3,1,success,38,3,10.559
50,0.05,2,bot4,1,success,38,3,53.897
50,0.05,3,bot1,1,success,43,0,0.697
50,0.05,3,bot2,1,success,43,0,16.33
50,0.05,3,bot3,1,success,43,0,15.418
50,0.05,3,bot4,1,success,43,0,71.901
50,0.05,4,bot1,1,success,35,0,0.492
50,0.05,4,bot2,1,success,35,0,10.383
50,0.05,4,bot3,1,success,35,0,13.05
50,0.05,4,bot4,1,success,35,0,80.447
50,0.05,5,bot1,1,success,41,0,0.817
50,0.05,5,bot2,1,success,41,0,16.08
50,0.05,5,bot3,1,success,41,0,15.349
50,0.05,5,bot4,1,success,41,0,57.307
50,0.05,6,bot1,1,success,68,0,0.75
50,0.05,6,bot2,1,success,68,0,33.376
50,0.05,6,bot3,1,success,68,0,34.883
50,0.05,6,bot4,1,success,68,0,100.967
50,0.05,7,bot1,1,success,43,0,0.568
50,0.05,7,bot2,1,success,43,0,15.479
50,0.05,7,bot3,1,success,43,0,14.925
50,0.05,7,bot4,1,success,43,0,65.68
50,0.05,8,bot1,1,success,60,0,0.83
50,0.05,8,bot2,1,success,60,0,34.094
50,0.05,8,bot3,1,success,60,0,42.603
50,0.05,8,bot4,1,success,60,0,99.54
50,0.05,9,bot1,1,success,6,0,0.176
50,0.05,9,bot2,1,success,6,0,0.898
50,0.05,9,bot3,1,success,6,0,0.882
50,0.05,9,bot4,1,success,6,0,8.085
50,0.05,10,bot1,1,success,34,0,0.464
50,0.05,10,bot2,1,success,34,0,8.261
50,0.05,10,bot3,1,success,34,0,9.125
50,0.05,10,bot4,1,success,34,0,47.277
50,0.05,11,bot1,1,success,40,0,0.694
50,0.05,11,bot2,1,success,40,0,14.936
50,0.05,11,bot3,1,success,40,0,14.165
50,0.05,11,bot4,1,success,40,0,86.864
50,0.05,12,bot1,1,success,40,0,0.618
50,0.05,12,bot2,1,success,40,0,12.796
50,0.05,12,bot3,1,success,40,0,41.838
50,0.05,12,bot4,1,success,40,0,62.416
50,0.05,13,bot1,0,entered_fire,60,5,0.843
50,0.05,13,bot2,1,success,90,0,64.459
50,0.05,13,bot3,1,success,90,0,63.749
50,0.05,13,bot4,1,success,90,0,167.904
50,0.05,14,bot1,1,success,40,0,0.455
50,0.05,14,bot2,1,success,40,0,9.581
50,0.05,14,bot3,1,success,40,0,11.247
50,0.05,14,bot4,1,success,40,0,56.169
50,0.05,15,bot1,1,success,69,0,1.571
50,0.05,15,bot2,1,success,69,0,49.288
50,0.05,15,bot3,1,success,69,0,47.281
50,0.05,15,bot4,1,success,69,0,123.659
50,0.05,16,bot1,1,success,66,0,1.085
50,0.05,16,bot2,1,success,66,0,33.045
50,0.05,16,bot3,1,success,66,0,48.669
50,0.05,16,bot4,1,success,66,0,111.095
50,0.05,17,bot1,1,success,43,0,1.676
50,0.05,17,bot2,1,success,43,0,21.268
50,0.05,17,bot3,1,success,43,0,22.909
50,0.05,17,bot4,1,success,43,0,62.72
50,0.05,18,bot1,1,success,15,0,0.247
50,0.05,18,bot2,1,success,15,0,2.415
50,0.05,18,bot3,1,success,15,0,2.344
50,0.05,18,bot4,1,success,15,0,20.791
50,0.05,19,bot1,1,success,49,0,0.964
50,0.05,19,bot2,1,success,49,0,21.135
50,0.05,19,bot3,1,success,49,0,26.877
50,0.05,19,bot4,1,success,49,0,83.779
50,0.05,20,bot1,1,success,61,0,4.184
50,0.05,20,bot2,1,success,61,0,36.314
50,0.05,20,bot3,1,success,61,0,39.082
50,0.05,20,bot4,1,success,61,0,101.43
50,0.05,21,bot1,1,success,39,0,0.473
50,0.05,21,bot2,1,success,39,0,10.801
50,0.05,21,bot3,1,success,39,0,10.811
50,0.05,21,bot4,1,success,39,0,60.181
50,0.05,22,bot1,1,success,18,0,0.299
50,0.05,22,bot2,1,success,18,0,3.459
50,0.05,22,bot3,1,success,18,0,3.604
50,0.05,22,bot4,1,success,18,0,25.325
50,0.05,23,bot1,1,success,67,0,1.078
50,0.05,23,bot2,1,success,67,0,41.836
50,0.05,23,bot3,1,success,67,0,40.767
50,0.05,23,bot4,1,success,67,0,111.885
50,0.05,24,bot1,1,success,39,0,0.847
50,0.05,24,bot2,1,success,39,0,12.293
50,0.05,24,bot3,1,success,39,0,13.216
50,0.05,24,bot4,1,success,39,0,75.411
50,0.05,25,bot1,1,success,10,0,0.228
50,0.05,25,bot2,1,success,10,0,1.36
50,0.05,25,bot3,1,success,10,0,1.318
50,0.05,25,bot4,1,success,10,0,13.501
50,0.05,26,bot1,1,success,75,0,1.026
50,0.05,26,bot2,1,success,75,0,46.938
50,0.05,26,bot3,1,success,75,0,41.757
50,0.05,26,bot4,1,success,75,0,140.064
50,0.05,27,bot1,1,success,93,0,1.059
50,0.05,27,bot2,1,success,93,0,66.825
50,0.05,27,bot3,1,success,93,0,69.828
50,0.05,27,bot4,1,success,93,0,192.132
50,0.05,28,bot1,1,success,41,0,0.506
50,0.05,28,bot2,1,success,41,0,12.223
50,0.05,28,bot3,1,success,41,0,13.615
50,0.05,28,bot4,1,success,41,0,90.736
50,0.05,29,bot1,1,success,18,0,0.331
50,0.05,29,bot2,1,success,18,0,2.708
50,0.05,29,bot3,1,success,18,0,2.63
50,0.05,29,bot4,1,success,18,0,23.653
50,0.05,30,bot1,1,success,26,0,0.282
50,0.05,30,bot2,1,success,26,0,4.86
50,0.05,30,bot3,1,success,26,0,5.116
50,0.05,30,bot4,1,success,26,0,35.055
50,0.05,31,bot1,1,success,41,0,0.647
50,0.05,31,bot2,1,success,41,0,14.666
50,0.05,31,bot3,1,success,41,0,14.731
50,0.05,31,bot4,1,success,41,0,57.533
50,0.05,32,bot1,1,success,40,0,0.672
50,0.05,32,bot2,1,success,40,0,19.109
50,0.05,32,bot3,1,success,40,0,15.161
50,0.05,32,bot4,1,success,40,0,56.158
50,0.05,33,bot1,1,success,14,0,0.178
50,0.05,33,bot2,1,success,14,0,3.481
50,0.05,33,bot3,1,success,14,0,2.082
50,0.05,33,bot4,1,success,14,0,21.372
50,0.05,34,bot1,1,success,6,0,0.179
50,0.05,34,bot2,1,success,6,0,0.818
50,0.05,34,bot3,1,success,6,0,0.975
50,0.05,34,bot4,1,success,6,0,7.865
50,0.05,35,bot1,1,success,43,0,1.141
50,0.05,35,bot2,1,success,43,0,22.36
50,0.05,35,bot3,1,success,43,0,23.394
50,0.05,35,bot4,1,success,43,0,83.114
50,0.05,36,bot1,1,success,62,0,0.83
50,0.05,36,bot2,1,success,62,0,28.727
50,0.05,36,bot3,1,success,62,0,27.56
50,0.05,36,bot4,1,success,62,0,99.123
50,0.05,37,bot1,1,success,25,0,0.307
50,0.05,37,bot2,1,success,25,0,4.418
50,0.05,37,bot3,1,success,25,0,4.944
50,0.05,37,bot4,1,success,25,0,33.881
50,0.05,38,bot1,1,success,12,0,0.166
50,0.05,38,bot2,1,success,12,0,1.529
50,0.05,38,bot3,1,success,12,0,1.622
50,0.05,38,bot4,1,success,12,0,15.558
50,0.05,39,bot1,1,success,21,0,0.267
50,0.05,39,bot2,1,success,21,0,3.038
50,0.05,39,bot3,1,success,21,0,2.984
50,0.05,39,bot4,1,success,21,0,28.723
50,0.05,40,bot1,1,success,19,0,0.239
50,0.05,40,bot2,1,success,19,0,3.124
50,0.05,40,bot3,1,success,19,0,3.271
50,0.05,40,bot4,1,success,19,0,24.738
50,0.05,41,bot1,0,button_burned,37,1,0.884
50,0.05,41,bot2,0,button_burned,37,0,33.615
50,0.05,41,bot3,0,button_burned,37,0,59.746
50,0.05,41,bot4,0,button_burned,37,0,87.82
50,0.05,42,bot1,1,success,21,0,0.292
50,0.05,42,bot2,1,success,21,0,3.861
50,0.05,42,bot3,1,success,21,0,3.978
50,0.05,42,bot4,1,success,21,0,28.739
50,0.05,43,bot1,1,success,37,0,0.482
50,0.05,43,bot2,1,success,37,0,9.699
50,0.05,43,bot3,1,success,37,0,10.174
50,0.05,43,bot4,1,success,37,0,52.487
50,0.05,44,bot1,1,success,14,0,0.247
50,0.05,44,bot2,1,success,14,0,2.086
50,0.05,44,bot3,1,success,14,0,2.029
50,0.05,44,bot4,1,success,14,0,19.456
50,0.05,45,bot1,1,success,15,0,0.295
50,0.05,45,bot2,1,success,15,0,2.801
50,0.05,45,bot3,1,success,15,0,2.124
50,0.05,45,bot4,1,success,15,0,20.524
50,0.05,46,bot1,1,success,76,0,1.589
50,0.05,46,bot2,1,success,76,0,48.195
50,0.05,46,bot3,1,success,76,0,53.892
50,0.05,46,bot4,1,success,76,0,145.361
50,0.05,47,bot1,1,success,41,0,0.735
50,0.05,47,bot2,1,success,41,0,16.312
50,0.05,47,bot3,1,success,41,0,14.671
50,0.05,47,bot4,1,success,41,0,59.4
50,0.05,48,bot1,1,success,22,0,0.56
50,0.05,48,bot2,1,success,22,0,5.231
50,0.05,48,bot3,1,success,22,0,5.623
50,0.05,48,bot4,1,success,22,0,31.996
50,0.05,49,bot1,1,success,47,0,0.485
50,0.05,49,bot2,1,success,47,0,12.992
50,0.05,49,bot3,1,success,47,0,13.224
50,0.05,49,bot4,1,success,47,0,85.596
50,0.05,50,bot1,1,success,27,0,0.413
50,0.05,50,bot2,1,success,27,0,6.285
50,0.05,50,bot3,1,success,27,0,6.287
50,0.05,50,bot4,1,success,27,0,37.211
50,0.05,51,bot1,1,success,12,0,0.173
50,0.05,51,bot2,1,success,12,0,1.622
50,0.05,51,bot3,1,success,12,0,1.638
50,0.05,51,bot4,1,success,12,0,14.692
50,0.05,52,bot1,1,success,11,0,0.168
50,0.05,52,bot2,1,success,11,0,1.403
50,0.05,52,bot3,1,success,11,0,1.483
50,0.05,52,bot4,1,success,11,0,14.355
50,0.05,53,bot1,0,entered_fire,17,1,0.959
50,0.05,53,bot2,1,success,64,0,31.651
50,0.05,53,bot3,1,success,72,4,38.366
50,0.05,53,bot4,1,success,72,4,110.46
50,0.05,54,bot1,1,success,40,0,0.596
50,0.05,54,bot2,1,success,40,0,13.618
50,0.05,54,bot3,1,success,40,0,18.768
50,0.05,54,bot4,1,success,40,0,53.83
50,0.05,55,bot1,1,success,61,0,0.992
50,0.05,55,bot2,1,success,61,0,41.718
50,0.05,55,bot3,1,success,61,0,35.079
50,0.05,55,bot4,1,success,61,0,97.954
50,0.05,56,bot1,1,success,52,0,0.742
50,0.05,56,bot2,1,success,52,0,22.663
50,0.05,56,bot3,1,success,52,0,21.405
50,0.05,56,bot4,1,success,52,0,76.584
50,0.05,57,bot1,1,success,25,0,0.348
50,0.05,57,bot2,1,success,25,0,6.649
50,0.05,57,bot3,1,success,25,0,7.233
50,0.05,57,bot4,1,success,25,0,49.709
50,0.05,58,bot1,1,success,25,0,0.266
50,0.05,58,bot2,1,success,25,0,4.905
50,0.05,58,bot3,1,success,25,0,5.414
50,0.05,58,bot4,1,success,25,0,33.975
50,0.05,59,bot1,1,success,31,0,0.387
50,0.05,59,bot2,1,success,31,0,6.93
50,0.05,59,bot3,1,success,31,0,6.551
50,0.05,59,bot4,1,success,31,0,45.564
50,0.05,60,bot1,1,success,12,0,0.178
50,0.05,60,bot2,1,success,12,0,1.506
50,0.05,60,bot3,1,success,12,0,1.552
50,0.05,60,bot4,1,success,12,0,15.751
50,0.05,61,bot1,1,success,36,0,0.664
50,0.05,61,bot2,1,success,36,0,11.81
50,0.05,61,bot3,1,success,36,0,10.846
50,0.05,61,bot4,1,success,36,0,50.692
50,0.05,62,bot1,1,success,19,0,0.313
50,0.05,62,bot2,1,success,19,0,4.029
50,0.05,62,bot3,1,success,19,0,4.781
50,0.05,62,bot4,1,success,19,0,31.224
50,0.05,63,bot1,1,success,26,0,0.502
50,0.05,63,bot2,1,success,26,0,5.124
50,0.05,63,bot3,1,success,26,0,5.139
50,0.05,63,bot4,1,success,26,0,40.063
50,0.05,64,bot1,1,success,19,0,0.35
50,0.05,64,bot2,1,success,19,0,3.019
50,0.05,64,bot3,1,success,19,0,2.675
50,0.05,64,bot4,1,success,19,0,23.838
50,0.05,65,bot1,1,success,36,0,0.471
50,0.05,65,bot2,1,success,36,0,7.491
50,0.05,65,bot3,1,success,36,0,8.502
50,0.05,65,bot4,1,success,36,0,59.623
50,0.05,66,bot1,1,success,25,0,0.384
50,0.05,66,bot2,1,success,25,0,5.062
50,0.05,66,bot3,1,success,25,0,5.118
50,0.05,66,bot4,1,success,25,0,36.732
50,0.05,67,bot1,1,success,46,0,0.906
50,0.05,67,bot2,1,success,46,0,15.009
50,0.05,67,bot3,1,success,46,0,14.431
50,0.05,67,bot4,1,success,46,0,75.48
50,0.05,68,bot1,1,success,41,0,1.49
50,0.05,68,bot2,1,success,41,0,15.65
50,0.05,68,bot3,1,success,41,0,15.076
50,0.05,68,bot4,1,success,41,0,76.031
50,0.05,69,bot1,1,success,40,0,0.419
50,0.05,69,bot2,1,success,40,0,9.176
50,0.05,69,bot3,1,success,40,0,9.284
50,0.05,69,bot4,1,success,40,0,55.48
50,0.05,70,bot1,1,success,57,0,0.707
50,0.05,70,bot2,1,success,57,0,34.286
50,0.05,70,bot3,1,success,61,2,41.764
50,0.05,70,bot4,1,success,61,2,96.549
50,0.05,71,bot1,1,success,77,0,0.965
50,0.05,71,bot2,1,success,77,0,42.155
50,0.05,71,bot3,1,success,77,0,41.936
50,0.05,71,bot4,1,success,77,0,123.716
50,0.05,72,bot1,1,success,46,0,0.805
50,0.05,72,bot2,1,success,46,0,20.556
50,0.05,72,bot3,1,success,46,0,19.497
50,0.05,72,bot4,1,success,46,0,99.493
50,0.05,73,bot1,1,success,69,0,0.906
50,0.05,73,bot2,1,success,69,0,37.014
50,0.05,73,bot3,1,success,69,0,37.6
50,0.05,73,bot4,1,success,69,0,115.278
50,0.05,74,bot1,0,entered_fire,17,1,1.027
50,0.05,74,bot2,1,success,51,0,22.134
50,0.05,74,bot3,1,success,51,0,22.613
50,0.05,74,bot4,1,success,51,0,78.796
50,0.05,75,bot1,1,success,23,0,0.288
50,0.05,75,bot2,1,success,23,0,3.946
50,0.05,75,bot3,1,success,23,0,4.01
50,0.05,75,bot4,1,success,23,0,30.138
50,0.05,76,bot1,1,success,28,0,0.533
50,0.05,76,bot2,1,success,28,0,6.67
50,0.05,76,bot3,1,success,28,0,6.558
50,0.05,76,bot4,1,success,28,0,39.723
50,0.05,77,bot1,1,success,52,0,1.354
50,0.05,77,bot2,1,success,52,0,22.701
50,0.05,77,bot3,1,success,52,0,21.741
50,0.05,77,bot4,1,success,52,0,71.441
50,0.05,78,bot1,1,success,55,0,0.854
50,0.05,78,bot2,1,success,55,0,27.615
50,0.05,78,bot3,1,success,55,0,32.053
50,0.05,78,bot4,1,success,55,0,87.738
50,0.05,79,bot1,1,success,71,0,0.92
50,0.05,79,bot2,1,success,71,0,37.969
50,0.05,79,bot3,1,success,71,0,41.563
50,0.05,79,bot4,1,success,71,0,109.645
50,0.05,80,bot1,1,success,52,0,0.627
50,0.05,80,bot2,1,success,52,0,17.099
50,0.05,80,bot3,1,success,52,0,18.557
50,0.05,80,bot4,1,success,52,0,76.231
50,0.05,81,bot1,1,success,53,0,0.927
50,0.05,81,bot2,1,success,53,0,24.63
50,0.05,81,bot3,1,success,53,0,25.97
50,0.05,81,bot4,1,success,53,0,80.115
50,0.05,82,bot1,1,success,62,0,0.983
50,0.05,82,bot2,1,success,62,0,29.953
50,0.05,82,bot3,1,success,62,0,31.195
50,0.05,82,bot4,1,success,62,0,120.528
50,0.05,83,bot1,1,success,57,0,0.965
50,0.05,83,bot2,1,success,57,0,32.561
50,0.05,83,bot3,1,success,57,0,45.208
50,0.05,83,bot4,1,success,57,0,81.69
50,0.05,84,bot1,1,success,47,0,0.758
50,0.05,84,bot2,1,success,47,0,19.05
50,0.05,84,bot3,1,success,47,0,17.744
50,0.05,84,bot4,1,success,47,0,77.78
50,0.05,85,bot1,1,success,39,0,0.78
50,0.05,85,bot2,1,success,39,0,13.027
50,0.05,85,bot3,1,success,39,0,12.774
50,0.05,85,bot4,1,success,39,0,77.594
50,0.05,86,bot1,1,success,14,0,0.194
50,0.05,86,bot2,1,success,14,0,2.073
50,0.05,86,bot3,1,success,14,0,2.015
50,0.05,86,bot4,1,success,14,0,18.536
50,0.05,87,bot1,0,caught,45,2,0.921
50,0.05,87,bot2,1,success,53,0,24.156
50,0.05,87,bot3,1,success,53,0,26.946
50,0.05,87,bot4,1,success,53,0,77.63
50,0.05,88,bot1,1,success,53,0,0.729
50,0.05,88,bot2,1,success,53,0,21.673
50,0.05,88,bot3,1,success,53,0,24.473
50,0.05,88,bot4,1,success,53,0,80.979
50,0.05,89,bot1,1,success,15,0,0.215
50,0.05,89,bot2,1,success,15,0,1.92
50,0.05,89,bot3,1,success,15,0,2.073
50,0.05,89,bot4,1,success,15,0,20.009
50,0.05,90,bot1,1,success,26,0,0.333
50,0.05,90,bot2,1,success,26,0,4.82
50,0.05,90,bot3,1,success,26,0,4.831
50,0.05,90,bot4,1,success,26,0,35.185
50,0.05,91,bot1,1,success,6,0,0.133
50,0.05,91,bot2,1,success,6,0,0.671
50,0.05,91,bot3,1,success,6,0,0.658
50,0.05,91,bot4,1,success,6,0,7.973
50,0.05,92,bot1,1,success,56,0,0.718
50,0.05,92,bot2,1,success,56,0,28.684
50,0.05,92,bot3,1,success,56,0,26.676
50,0.05,92,bot4,1,success,56,0,89.193
50,0.05,93,bot1,1,success,5,0,0.124
50,0.05,93,bot2,1,success,5,0,0.538
50,0.05,93,bot3,1,success,5,0,0.554
50,0.05,93,bot4,1,success,5,0,6.493
50,0.05,94,bot1,1,success,51,0,0.734
50,0.05,94,bot2,1,success,51,0,22.058
50,0.05,94,bot3,1,success,51,0,28.62
50,0.05,94,bot4,1,success,51,0,88.389
50,0.05,95,bot1,1,success,55,0,0.748
50,0.05,95,bot2,1,success,55,0,25.924
50,0.05,95,bot3,1,success,55,0,25.521
50,0.05,95,bot4,1,success,55,0,87.268
50,0.05,96,bot1,1,success,35,0,0.489
50,0.05,96,bot2,1,success,35,0,9.629
50,0.05,96,bot3,1,success,35,0,9.617
50,0.05,96,bot4,1,success,35,0,54.536
50,0.05,97,bot1,1,success,43,0,0.718
50,0.05,97,bot2,1,success,43,0,18.567
50,0.05,97,bot3,1,success,43,0,15.944
50,0.05,97,bot4,1,success,43,0,60.669
50,0.05,98,bot1,1,success,31,0,0.709
50,0.05,98,bot2,1,success,31,0,10.746
50,0.05,98,bot3,1,success,31,0,9.873
50,0.05,98,bot4,1,success,31,0,66.761
50,0.05,99,bot1,1,success,49,0,1.043
50,0.05,99,bot2,1,success,49,0,22.447
50,0.05,99,bot3,1,success,49,0,29.09
50,0.05,99,bot4,1,success,49,0,97.133
50,0.05,100,bot1,1,success,36,0,0.368
50,0.05,100,bot2,1,success,36,0,7.879
50,0.05,100,bot3,1,success,36,0,8.227
50,0.05,100,bot4,1,success,36,0,49.36
50,0.05,101,bot1,1,success,54,0,0.718
50,0.05,101,bot2,1,success,54,0,24.783
50,0.05,101,bot3,1,success,54,0,23.673
50,0.05,101,bot4,1,success,54,0,74.173
50,0.05,102,bot1,1,success,25,0,0.361
50,0.05,102,bot2,1,success,25,0,4.972
50,0.05,102,bot3,1,success,25,0,5.075
50,0.05,102,bot4,1,success,25,0,31.966
50,0.05,103,bot1,1,success,32,0,0.523
50,0.05,103,bot2,1,success,32,0,6.806
50,0.05,103,bot3,1,success,32,0,7.877
50,0.05,103,bot4,1,success,32,0,59.917
50,0.05,104,bot1,1,success,44,0,0.845
50,0.05,104,bot2,1,success,44,0,13.267
50,0.05,104,bot3,1,success,44,0,13.648
50,0.05,104,bot4,1,success,44,0,59.832
50,0.05,105,bot1,1,success,35,0,0.438
50,0.05,105,bot2,1,success,35,0,9.35
50,0.05,105,bot3,1,success,35,0,9.861
50,0.05,105,bot4,1,success,35,0,54.092
50,0.05,106,bot1,1,success,23,0,0.301
50,0.05,106,bot2,1,success,23,0,4.193
50,0.05,106,bot3,1,success,23,0,4.577
50,0.05,106,bot4,1,success,23,0,35.638
50,0.05,107,bot1,1,success,42,0,0.681
50,0.05,107,bot2,1,success,42,0,18.387
50,0.05,107,bot3,1,success,42,0,22.891
50,0.05,107,bot4,1,success,42,0,65.372
50,0.05,108,bot1,1,success,36,0,0.47
50,0.05,108,bot2,1,success,36,0,7.572
50,0.05,108,bot3,1,success,36,0,7.954
50,0.05,108,bot4,1,success,36,0,50.623
50,0.05,109,bot1,1,success,21,0,0.406
50,0.05,109,bot2,1,success,21,0,5.248
50,0.05,109,bot3,1,success,21,0,4.92
50,0.05,109,bot4,1,success,21,0,32.045
50,0.05,110,bot1,1,success,63,0,0.971
50,0.05,110,bot2,1,success,63,0,48.749
50,0.05,110,bot3,1,success,63,0,49.314
50,0.05,110,bot4,1,success,63,0,98.992
50,0.05,111,bot1,1,success,28,0,0.302
50,0.05,111,bot2,1,success,28,0,5.498
50,0.05,111,bot3,1,success,28,0,5.5
50,0.05,111,bot4,1,success,28,0,44.369
50,0.05,112,bot1,1,success,75,0,1.164
50,0.05,112,bot2,1,success,75,0,62.266
50,0.05,112,bot3,1,success,75,0,47.85
50,0.05,112,bot4,1,success,75,0,124.006
50,0.05,113,bot1,1,success,52,0,0.643
50,0.05,113,bot2,1,success,52,0,22.263
50,0.05,113,bot3,1,success,52,0,21.531
50,0.05,113,bot4,1,success,52,0,87.741
50,0.05,114,bot1,1,success,9,0,0.173
50,0.05,114,bot2,1,success,9,0,1.166
50,0.05,114,bot3,1,success,9,0,1.071
50,0.05,114,bot4,1,success,9,0,12.02
50,0.05,115,bot1,1,success,37,0,0.99
50,0.05,115,bot2,1,success,37,0,17.244
50,0.05,115,bot3,1,success,37,0,12.67
50,0.05,115,bot4,1,success,37,0,50.667
50,0.05,116,bot1,1,success,42,0,0.412
50,0.05,116,bot2,1,success,42,0,11.582
50,0.05,116,bot3,1,success,42,0,11.64
50,0.05,116,bot4,1,success,42,0,57.344
50,0.05,117,bot1,1,success,54,0,0.667
50,0.05,117,bot2,1,success,54,0,29.558
50,0.05,117,bot3,1,success,54,0,24.48
50,0.05,117,bot4,1,success,54,0,95.741
50,0.05,118,bot1,1,success,28,0,0.404
50,0.05,118,bot2,1,success,28,0,13.001
50,0.05,118,bot3,1,success,28,0,6.644
50,0.05,118,bot4,1,success,28,0,45.462
50,0.05,119,bot1,1,success,46,0,0.586
50,0.05,119,bot2,1,success,46,0,17.0
50,0.05,119,bot3,1,success,46,0,17.016
50,0.05,119,bot4,1,success,46,0,71.795
50,0.05,120,bot1,1,success,70,0,1.012
50,0.05,120,bot2,1,success,70,0,44.777
50,0.05,120,bot3,1,success,70,0,56.339
50,0.05,120,bot4,1,success,70,0,112.249
50,0.05,121,bot1,1,success,38,0,0.569
50,0.05,121,bot2,1,success,38,0,11.879
50,0.05,121,bot3,1,success,38,0,12.182
50,0.05,121,bot4,1,success,38,0,56.578
50,0.05,122,bot1,1,success,29,0,0.984
50,0.05,122,bot2,1,success,29,0,6.725
50,0.05,122,bot3,1,success,29,0,7.62
50,0.05,122,bot4,1,success,29,0,42.556
50,0.05,123,bot1,1,success,72,0,1.082
50,0.05,123,bot2,1,success,72,0,44.287
50,0.05,123,bot3,1,success,72,0,46.615
50,0.05,123,bot4,1,success,72,0,141.095
50,0.05,124,bot1,1,success,32,0,0.442
50,0.05,124,bot2,1,success,32,0,8.632
50,0.05,124,bot3,1,success,32,0,8.803
50,0.05,124,bot4,1,success,32,0,44.022
50,0.05,125,bot1,1,success,29,0,0.367
50,0.05,125,bot2,1,success,29,0,6.4
50,0.05,125,bot3,1,success,29,0,7.196
50,0.05,125,bot4,1,success,29,0,41.649
50,0.05,126,bot1,0,entered_fire,51,7,1.222
50,0.05,126,bot2,1,success,66,0,36.831
50,0.05,126,bot3,1,success,62,0,25.093
50,0.05,126,bot4,1,success,62,0,106.888
50,0.05,127,bot1,1,success,79,0,1.048
50,0.05,127,bot2,1,success,79,0,54.09
50,0.05,127,bot3,1,success,83,2,54.863
50,0.05,127,bot4,1,success,83,2,165.202
50,0.05,128,bot1,1,success,38,0,2.0
50,0.05,128,bot2,1,success,38,0,9.586
50,0.05,128,bot3,1,success,38,0,9.303
50,0.05,128,bot4,1,success,38,0,51.861
50,0.05,129,bot1,1,success,24,0,0.446
50,0.05,129,bot2,1,success,24,0,6.995
50,0.05,129,bot3,1,success,24,0,6.292
50,0.05,129,bot4,1,success,24,0,34.016
50,0.05,130,bot1,1,success,27,0,0.479
50,0.05,130,bot2,1,success,27,0,6.358
50,0.05,130,bot3,1,success,27,0,6.47
50,0.05,130,bot4,1,success,27,0,48.806
50,0.05,131,bot1,1,success,44,0,0.74
50,0.05,131,bot2,1,success,44,0,16.799
50,0.05,131,bot3,1,success,44,0,18.891
50,0.05,131,bot4,1,success,44,0,63.29
50,0.05,132,bot1,1,success,30,0,0.516
50,0.05,132,bot2,1,success,30,0,8.036
50,0.05,132,bot3,1,success,30,0,8.093
50,0.05,132,bot4,1,success,30,0,42.184
50,0.05,133,bot1,1,success,16,0,0.244
50,0.05,133,bot2,1,success,16,0,3.539
50,0.05,133,bot3,1,success,16,0,2.727
50,0.05,133,bot4,1,success,16,0,20.477
50,0.05,134,bot1,1,success,18,0,0.352
50,0.05,134,bot2,1,success,18,0,3.323
50,0.05,134,bot3,1,success,18,0,3.188
50,0.05,134,bot4,1,success,18,0,51.758
50,0.05,135,bot1,1,success,41,0,1.423
50,0.05,135,bot2,1,success,41,0,21.353
50,0.05,135,bot3,1,success,41,0,16.711
50,0.05,135,bot4,1,success,41,0,58.624
50,0.05,136,bot1,1,success,41,0,0.441
50,0.05,136,bot2,1,success,41,0,11.714
50,0.05,136,bot3,1,success,41,0,14.456
50,0.05,136,bot4,1,success,41,0,59.878
50,0.05,137,bot1,1,success,65,0,1.102
50,0.05,137,bot2,1,success,65,0,53.231
50,0.05,137,bot3,1,success,65,0,55.427
50,0.05,137,bot4,1,success,65,0,111.165
50,0.05,138,bot1,1,success,25,0,0.333
50,0.05,138,bot2,1,success,25,0,5.227
50,0.05,138,bot3,1,success,25,0,5.805
50,0.05,138,bot4,1,success,25,0,39.539
50,0.05,139,bot1,1,success,32,0,0.497
50,0.05,139,bot2,1,success,32,0,9.198
50,0.05,139,bot3,1,success,32,0,8.096
50,0.05,139,bot4,1,success,32,0,47.672
50,0.05,140,bot1,1,success,9,0,0.178
50,0.05,140,bot2,1,success,9,0,1.309
50,0.05,140,bot3,1,success,9,0,1.186
50,0.05,140,bot4,1,success,9,0,12.044
50,0.05,141,bot1,1,success,64,0,0.907
50,0.05,141,bot2,1,success,64,0,36.975
50,0.05,141,bot3,1,success,64,0,42.117
50,0.05,141,bot4,1,success,64,0,112.766
50,0.05,142,bot1,1,success,22,0,0.219
50,0.05,142,bot2,1,success,22,0,3.614
50,0.05,142,bot3,1,success,22,0,3.593
50,0.05,142,bot4,1,success,22,0,29.989
50,0.05,143,bot1,1,success,70,0,1.028
50,0.05,143,bot2,1,success,70,0,61.101
50,0.05,143,bot3,1,success,70,0,44.138
50,0.05,143,bot4,1,success,70,0,133.156
50,0.05,144,bot1,1,success,27,0,0.503
50,0.05,144,bot2,1,success,27,0,6.815
50,0.05,144,bot3,1,success,27,0,8.323
50,0.05,144,bot4,1,success,27,0,39.657
50,0.05,145,bot1,1,success,34,0,0.704
50,0.05,145,bot2,1,success,34,0,12.703
50,0.05,145,bot3,1,success,34,0,10.556
50,0.05,145,bot4,1,success,34,0,50.449
50,0.05,146,bot1,1,success,14,0,0.242
50,0.05,146,bot2,1,success,14,0,2.271
50,0.05,146,bot3,1,success,14,0,2.171
50,0.05,146,bot4,1,success,14,0,22.704
50,0.05,147,bot1,1,success,35,0,1.018
50,0.05,147,bot2,1,success,35,0,11.474
50,0.05,147,bot3,1,success,35,0,11.42
50,0.05,147,bot4,1,success,35,0,57.991
50,0.05,148,bot1,1,success,28,0,0.67
50,0.05,148,bot2,1,success,28,0,5.647
50,0.05,148,bot3,1,success,28,0,5.941
50,0.05,148,bot4,1,success,28,0,38.464
50,0.05,149,bot1,1,success,78,0,1.051
50,0.05,149,bot2,1,success,78,0,63.928
50,0.05,149,bot3,1,success,78,0,51.759
50,0.05,149,bot4,1,success,78,0,126.291
50,0.05,150,bot1,1,success,24,0,0.494
50,0.05,150,bot2,1,success,24,0,5.029
50,0.05,150,bot3,1,success,24,0,4.886
50,0.05,150,bot4,1,success,24,0,35.002
50,0.05,151,bot1,1,success,51,0,1.014
50,0.05,151,bot2,1,success,51,0,28.925
50,0.05,151,bot3,1,success,51,0,24.74
50,0.05,151,bot4,1,success,51,0,74.247
50,0.05,152,bot1,1,success,50,0,0.76
50,0.05,152,bot2,1,success,50,0,20.587
50,0.05,152,bot3,1,success,50,0,21.159
50,0.05,152,bot4,1,success,50,0,77.148
50,0.05,153,bot1,1,success,30,0,0.762
50,0.05,153,bot2,1,success,30,0,7.944
50,0.05,153,bot3,1,success,30,0,8.444
50,0.05,153,bot4,1,success,30,0,50.024
50,0.05,154,bot1,1,success,52,0,0.877
50,0.05,154,bot2,1,success,52,0,20.586
50,0.05,154,bot3,1,success,52,0,21.639
50,0.05,154,bot4,1,success,52,0,76.023
50,0.05,155,bot1,1,success,13,0,0.2
50,0.05,155,bot2,1,success,13,0,1.821
50,0.05,155,bot3,1,success,13,0,2.227
50,0.05,155,bot4,1,success,13,0,18.965
50,0.05,156,bot1,1,success,49,0,0.606
50,0.05,156,bot2,1,success,49,0,19.337
50,0.05,156,bot3,1,success,49,0,19.113
50,0.05,156,bot4,1,success,49,0,82.117
50,0.05,157,bot1,1,success,26,0,0.277
50,0.05,157,bot2,1,success,26,0,5.649
50,0.05,157,bot3,1,success,26,0,5.208
50,0.05,157,bot4,1,success,26,0,39.727
50,0.05,158,bot1,1,success,48,0,0.833
50,0.05,158,bot2,1,success,48,0,20.1
50,0.05,158,bot3,1,success,48,0,27.082
50,0.05,158,bot4,1,success,48,0,96.491
50,0.05,159,bot1,1,success,28,0,0.422
50,0.05,159,bot2,1,success,28,0,9.121
50,0.05,159,bot3,1,success,28,0,6.587
50,0.05,159,bot4,1,success,28,0,38.347
50,0.05,160,bot1,1,success,23,0,0.366
50,0.05,160,bot2,1,success,23,0,4.05
50,0.05,160,bot3,1,success,23,0,4.162
50,0.05,160,bot4,1,success,23,0,31.027
50,0.05,161,bot1,1,success,57,0,0.798
50,0.05,161,bot2,1,success,57,0,26.425
50,0.05,161,bot3,1,success,57,0,28.999
50,0.05,161,bot4,1,success,57,0,93.633
50,0.05,162,bot1,1,success,51,0,0.946
50,0.05,162,bot2,1,success,51,0,25.331
50,0.05,162,bot3,1,success,51,0,25.357
50,0.05,162,bot4,1,success,51,0,75.44
50,0.05,163,bot1,1,success,28,0,0.36
50,0.05,163,bot2,1,success,28,0,5.098
50,0.05,163,bot3,1,success,28,0,5.445
50,0.05,163,bot4,1,success,28,0,37.898
50,0.05,164,bot1,1,success,15,0,0.182
50,0.05,164,bot2,1,success,15,0,2.258
50,0.05,164,bot3,1,success,15,0,2.2
50,0.05,164,bot4,1,success,15,0,19.513
50,0.05,165,bot1,1,success,56,0,1.109
50,0.05,165,bot2,1,success,56,0,34.828
50,0.05,165,bot3,1,success,56,0,32.495
50,0.05,165,bot4,1,success,56,0,89.608
50,0.05,166,bot1,1,success,66,0,0.969
50,0.05,166,bot2,1,success,66,0,36.992
50,0.05,166,bot3,1,success,66,0,37.724
50,0.05,166,bot4,1,success,66,0,98.372
50,0.05,167,bot1,1,success,36,0,0.402
50,0.05,167,bot2,1,success,36,0,12.73
50,0.05,167,bot3,1,success,36,0,9.267
50,0.05,167,bot4,1,success,36,0,48.392
50,0.05,168,bot1,1,success,32,0,0.462
50,0.05,168,bot2,1,success,32,0,8.551
50,0.05,168,bot3,1,success,32,0,8.309
50,0.05,168,bot4,1,success,32,0,44.361
50,0.05,169,bot1,1,success,43,0,0.712
50,0.05,169,bot2,1,success,43,0,15.256
50,0.05,169,bot3,1,success,43,0,23.668
50,0.05,169,bot4,1,success,43,0,68.9
50,0.05,170,bot1,1,success,43,0,0.379
50,0.05,170,bot2,1,success,43,0,12.138
50,0.05,170,bot3,1,success,43,0,13.152
50,0.05,170,bot4,1,success,43,0,64.861
50,0.05,171,bot1,1,success,72,0,0.976
50,0.05,171,bot2,1,success,72,0,45.899
50,0.05,171,bot3,1,success,72,0,48.903
50,0.05,171,bot4,1,success,72,0,106.561
50,0.05,172,bot1,1,success,41,0,0.568
50,0.05,172,bot2,1,success,41,0,13.471
50,0.05,172,bot3,1,success,41,0,13.893
50,0.05,172,bot4,1,success,41,0,57.114
50,0.05,173,bot1,1,success,67,0,1.007
50,0.05,173,bot2,1,success,67,0,40.722
50,0.05,173,bot3,1,success,67,0,56.614
50,0.05,173,bot4,1,success,67,0,101.694
50,0.05,174,bot1,1,success,21,0,0.382
50,0.05,174,bot2,1,success,21,0,4.377
50,0.05,174,bot3,1,success,21,0,4.05
50,0.05,174,bot4,1,success,21,0,37.743
50,0.05,175,bot1,1,success,19,0,0.203
50,0.05,175,bot2,1,success,19,0,3.094
50,0.05,175,bot3,1,success,19,0,3.058
50,0.05,175,bot4,1,success,19,0,26.085
50,0.05,176,bot1,1,success,61,0,0.984
50,0.05,176,bot2,1,success,61,0,33.952
50,0.05,176,bot3,1,success,61,0,37.231
50,0.05,176,bot4,1,success,61,0,113.777
50,0.05,177,bot1,1,success,40,0,0.579
50,0.05,177,bot2,1,success,40,0,16.286
50,0.05,177,bot3,1,success,40,0,20.698
50,0.05,177,bot4,1,success,40,0,57.645
50,0.05,178,bot1,1,success,39,0,0.552
50,0.05,178,bot2,1,success,39,0,11.126
50,0.05,178,bot3,1,success,39,0,10.875
50,0.05,178,bot4,1,success,39,0,56.604
50,0.05,179,bot1,1,success,61,0,0.685
50,0.05,179,bot2,1,success,61,0,27.499
50,0.05,179,bot3,1,success,61,0,28.627
50,0.05,179,bot4,1,success,61,0,108.249
50,0.05,180,bot1,1,success,40,0,0.945
50,0.05,180,bot2,1,success,40,0,16.224
50,0.05,180,bot3,1,success,40,0,15.245
50,0.05,180,bot4,1,success,40,0,76.164
50,0.05,181,bot1,1,success,29,0,0.278
50,0.05,181,bot2,1,success,29,0,5.402
50,0.05,181,bot3,1,success,29,0,5.627
50,0.05,181,bot4,1,success,29,0,38.433
50,0.05,182,bot1,1,success,54,0,0.501
50,0.05,182,bot2,1,success,54,0,19.133
50,0.05,182,bot3,1,success,54,0,18.245
50,0.05,182,bot4,1,success,54,0,75.154
50,0.05,183,bot1,1,success,37,0,0.48
50,0.05,183,bot2,1,success,37,0,12.417
50,0.05,183,bot3,1,success,37,0,10.797
50,0.05,183,bot4,1,success,37,0,53.061
50,0.05,184,bot1,1,success,67,0,0.961
50,0.05,184,bot2,1,success,67,0,39.343
50,0.05,184,bot3,1,success,67,0,39.701
50,0.05,184,bot4,1,success,67,0,106.849
50,0.05,185,bot1,1,success,75,0,1.072
50,0.05,185,bot2,1,success,75,0,45.454
50,0.05,185,bot3,1,success,75,0,46.703
50,0.05,185,bot4,1,success,75,0,118.286
50,0.05,186,bot1,1,success,64,0,1.119
50,0.05,186,bot2,1,success,64,0,29.717
50,0.05,186,bot3,1,success,64,0,30.287
50,0.05,186,bot4,1,success,64,0,99.29
50,0.05,187,bot1,1,success,21,0,0.292
50,0.05,187,bot2,1,success,21,0,4.217
50,0.05,187,bot3,1,success,21,0,4.26
50,0.05,187,bot4,1,success,21,0,30.165
50,0.05,188,bot1,1,success,27,0,0.266
50,0.05,188,bot2,1,success,27,0,5.153
50,0.05,188,bot3,1,success,27,0,4.965
50,0.05,188,bot4,1,success,27,0,39.961
50,0.05,189,bot1,1,success,37,0,0.514
50,0.05,189,bot2,1,success,37,0,11.747
50,0.05,189,bot3,1,success,37,0,11.93
50,0.05,189,bot4,1,success,37,0,56.331
50,0.05,190,bot1,1,success,29,0,0.404
50,0.05,190,bot2,1,success,29,0,8.067
50,0.05,190,bot3,1,success,29,0,8.545
50,0.05,190,bot4,1,success,29,0,57.438
50,0.05,191,bot1,1,success,41,0,0.704
50,0.05,191,bot2,1,success,41,0,14.587
50,0.05,191,bot3,1,success,41,0,14.125
50,0.05,191,bot4,1,success,41,0,59.407
50,0.05,192,bot1,1,success,24,0,0.245
50,0.05,192,bot2,1,success,24,0,4.252
50,0.05,192,bot3,1,success,24,0,4.233
50,0.05,192,bot4,1,success,24,0,32.846
50,0.05,193,bot1,1,success,21,0,0.257
50,0.05,193,bot2,1,success,21,0,3.575
50,0.05,193,bot3,1,success,21,0,3.863
50,0.05,193,bot4,1,success,21,0,36.6
50,0.05,194,bot1,1,success,50,0,0.962
50,0.05,194,bot2,1,success,50,0,22.103
50,0.05,194,bot3,1,success,50,0,23.601
50,0.05,194,bot4,1,success,50,0,77.607
50,0.05,195,bot1,1,success,36,0,0.65
50,0.05,195,bot2,1,success,36,0,12.321
50,0.05,195,bot3,1,success,36,0,16.789
50,0.05,195,bot4,1,success,36,0,62.692
50,0.05,196,bot1,1,success,36,0,0.539
50,0.05,196,bot2,1,success,36,0,12.037
50,0.05,196,bot3,1,success,36,0,10.899
50,0.05,196,bot4,1,success,36,0,54.843
50,0.05,197,bot1,1,success,67,0,1.233
50,0.05,197,bot2,1,success,67,0,40.39
50,0.05,197,bot3,1,success,67,0,37.373
50,0.05,197,bot4,1,success,67,0,121.741
50,0.05,198,bot1,1,success,86,0,1.25
50,0.05,198,bot2,1,success,86,0,60.188
50,0.05,198,bot3,1,success,86,0,61.333
50,0.05,198,bot4,1,success,86,0,127.592
50,0.05,199,bot1,1,success,35,0,0.498
50,0.05,199,bot2,1,success,35,0,11.949
50,0.05,199,bot3,1,success,35,0,13.354
50,0.05,199,bot4,1,success,35,0,51.768
50,0.1,0,bot1,0,entered_fire,27,2,1.711
50,0.1,0,bot2,1,success,75,0,46.104
50,0.1,0,bot3,1,success,93,5,68.537
50,0.1,0,bot4,1,success,75,0,128.034
50,0.1,1,bot1,1,success,37,0,0.549
50,0.1,1,bot2,1,success,37,0,10.516
50,0.1,1,bot3,1,success,37,0,11.194
50,0.1,1,bot4,1,success,37,0,75.209
50,0.1,2,bot1,1,success,32,0,0.519
50,0.1,2,bot2,1,success,32,0,9.118
50,0.1,2,bot3,1,success,38,3,14.806
50,0.1,2,bot4,1,success,38,3,66.691
50,0.1,3,bot1,1,success,43,0,0.745
50,0.1,3,bot2,1,success,43,0,25.606
50,0.1,3,bot3,1,success,43,0,26.864
50,0.1,3,bot4,1,success,43,0,74.547
50,0.1,4,bot1,1,success,35,0,0.824
50,0.1,4,bot2,1,success,35,0,8.789
50,0.1,4,bot3,1,success,35,0,8.884
50,0.1,4,bot4,1,success,35,0,56.085
50,0.1,5,bot1,1,success,41,0,0.844
50,0.1,5,bot2,1,success,41,0,15.963
50,0.1,5,bot3,1,success,41,0,16.018
50,0.1,5,bot4,1,success,41,0,86.813
50,0.1,6,bot1,1,success,68,0,0.829
50,0.1,6,bot2,1,success,68,0,40.687
50,0.1,6,bot3,1,success,68,0,36.003
50,0.1,6,bot4,1,success,68,0,109.365
50,0.1,7,bot1,1,success,43,0,0.597
50,0.1,7,bot2,1,success,43,0,16.239
50,0.1,7,bot3,1,success,43,0,15.989
50,0.1,7,bot4,1,success,43,0,78.766
50,0.1,8,bot1,1,success,60,0,0.996
50,0.1,8,bot2,1,success,60,0,31.92
50,0.1,8,bot3,1,success,60,0,45.026
50,0.1,8,bot4,1,success,60,0,117.442
50,0.1,9,bot1,1,success,6,0,0.133
50,0.1,9,bot2,1,success,6,0,0.635
50,0.1,9,bot3,1,success,6,0,0.675
50,0.1,9,bot4,1,success,6,0,7.811
50,0.1,10,bot1,1,success,34,0,0.465
50,0.1,10,bot2,1,success,34,0,10.02
50,0.1,10,bot3,1,success,34,0,10.29
50,0.1,10,bot4,1,success,34,0,50.178
50,0.1,11,bot1,1,success,40,0,1.249
50,0.1,11,bot2,1,success,40,0,21.541
50,0.1,11,bot3,1,success,40,0,22.127
50,0.1,11,bot4,1,success,40,0,75.845
50,0.1,12,bot1,1,success,40,0,0.558
50,0.1,12,bot2,1,success,40,0,11.647
50,0.1,12,bot3,1,success,40,0,11.899
50,0.1,12,bot4,1,success,40,0,54.636
50,0.1,13,bot1,0,entered_fire,57,7,0.809
50,0.1,13,bot2,0,button_burned,86,0,66.5
50,0.1,13,bot3,0,button_burned,86,0,84.048
50,0.1,13,bot4,0,button_burned,86,0,196.608
50,0.1,14,bot1,1,success,40,0,0.452
50,0.1,14,bot2,1,success,40,0,9.667
50,0.1,14,bot3,1,success,40,0,9.665
50,0.1,14,bot4,1,success,40,0,53.46
50,0.1,15,bot1,1,success,69,0,1.018
50,0.1,15,bot2,1,success,69,0,42.498
50,0.1,15,bot3,1,success,69,0,50.964
50,0.1,15,bot4,1,success,69,0,132.915
50,0.1,16,bot1,1,success,66,0,0.865
50,0.1,16,bot2,1,success,66,0,33.899
50,0.1,16,bot3,1,success,66,0,36.152
50,0.1,16,bot4,1,success,66,0,105.663
50,0.1,17,bot1,1,success,43,0,1.047
50,0.1,17,bot2,1,success,43,0,16.565
50,0.1,17,bot3,1,success,43,0,16.5
50,0.1,17,bot4,1,success,43,0,58.803
50,0.1,18,bot1,1,success,15,0,0.229
50,0.1,18,bot2,1,success,15,0,2.305
50,0.1,18,bot3,1,success,15,0,2.228
50,0.1,18,bot4,1,success,15,0,19.559
50,0.1,19,bot1,1,success,49,0,0.596
50,0.1,19,bot2,1,success,49,0,17.264
50,0.1,19,bot3,1,success,49,0,17.157
50,0.1,19,bot4,1,success,49,0,65.645
50,0.1,20,bot1,1,success,61,0,0.977
50,0.1,20,bot2,1,success,61,0,51.034
50,0.1,20,bot3,1,success,61,0,53.108
50,0.1,20,bot4,1,success,61,0,85.376
50,0.1,21,bot1,1,success,39,0,0.482
50,0.1,21,bot2,1,success,39,0,10.609
50,0.1,21,bot3,1,success,39,0,10.427
50,0.1,21,bot4,1,success,39,0,56.405
50,0.1,22,bot1,1,success,18,0,0.225
50,0.1,22,bot2,1,success,18,0,2.999
50,0.1,22,bot3,1,success,18,0,2.887
50,0.1,22,bot4,1,success,18,0,24.912
50,0.1,23,bot1,1,success,67,0,1.368
50,0.1,23,bot2,1,success,67,0,38.617
50,0.1,23,bot3,1,success,67,0,40.263
50,0.1,23,bot4,1,success,67,0,130.412
50,0.1,24,bot1,1,success,39,0,0.525
50,0.1,24,bot2,1,success,39,0,11.449
50,0.1,24,bot3,1,success,39,0,11.325
50,0.1,24,bot4,1,success,39,0,60.683
50,0.1,25,bot1,1,success,10,0,0.166
50,0.1,25,bot2,1,success,10,0,1.339
50,0.1,25,bot3,1,success,10,0,1.304
50,0.1,25,bot4,1,success,10,0,12.983
50,0.1,26,bot1,1,success,75,0,0.976
50,0.1,26,bot2,1,success,75,0,39.818
50,0.1,26,bot3,1,success,75,0,48.605
50,0.1,26,bot4,1,success,75,0,125.126
50,0.1,27,bot1,1,success,93,0,1.257
50,0.1,27,bot2,1,success,93,0,74.571
50,0.1,27,bot3,1,success,93,0,80.739
50,0.1,27,bot4,1,success,93,0,162.255
50,0.1,28,bot1,1,success,41,0,0.522
50,0.1,28,bot2,1,success,41,0,10.232
50,0.1,28,bot3,1,success,41,0,9.922
50,0.1,28,bot4,1,success,41,0,56.384
50,0.1,29,bot1,1,success,18,0,0.236
50,0.1,29,bot2,1,success,18,0,2.774
50,0.1,29,bot3,1,success,18,0,3.1
50,0.1,29,bot4,1,success,18,0,31.223
50,0.1,30,bot1,1,success,26,0,0.254
50,0.1,30,bot2,1,success,26,0,4.752
50,0.1,30,bot3,1,success,26,0,4.836
50,0.1,30,bot4,1,success,26,0,38.837
50,0.1,31,bot1,1,success,41,0,0.585
50,0.1,31,bot2,1,success,41,0,13.628
50,0.1,31,bot3,1,success,41,0,13.89
50,0.1,31,bot4,1,success,41,0,61.927
50,0.1,32,bot1,1,success,40,0,0.683
50,0.1,32,bot2,1,success,40,0,15.21
50,0.1,32,bot3,1,success,40,0,14.527
50,0.1,32,bot4,1,success,40,0,55.315
50,0.1,33,bot1,1,success,14,0,0.229
50,0.1,33,bot2,1,success,14,0,1.975
50,0.1,33,bot3,1,success,14,0,1.986
50,0.1,33,bot4,1,success,14,0,19.089
50,0.1,34,bot1,1,success,6,0,0.145
50,0.1,34,bot2,1,success,6,0,0.759
50,0.1,34,bot3,1,success,6,0,0.796
50,0.1,34,bot4,1,success,6,0,8.272
50,0.1,35,bot1,1,success,43,0,0.721
50,0.1,35,bot2,1,success,43,0,16.452
50,0.1,35,bot3,1,success,43,0,16.675
50,0.1,35,bot4,1,success,43,0,63.194
50,0.1,36,bot1,1,success,62,0,0.804
50,0.1,36,bot2,1,success,62,0,27.57
50,0.1,36,bot3,1,success,62,0,28.483
50,0.1,36,bot4,1,success,62,0,97.251
50,0.1,37,bot1,1,success,25,0,0.316
50,0.1,37,bot2,1,success,25,0,4.272
50,0.1,37,bot3,1,success,25,0,4.237
50,0.1,37,bot4,1,success,25,0,33.921
50,0.1,38,bot1,1,success,12,0,0.187
50,0.1,38,bot2,1,success,12,0,1.635
50,0.1,38,bot3,1,success,12,0,1.6
50,0.1,38,bot4,1,success,12,0,16.307
50,0.1,39,bot1,1,success,21,0,0.254
50,0.1,39,bot2,1,success,21,0,3.09
50,0.1,39,bot3,1,success,21,0,3.476
50,0.1,39,bot4,1,success,21,0,32.864
50,0.1,40,bot1,1,success,19,0,0.238
50,0.1,40,bot2,1,success,19,0,3.13
50,0.1,40,bot3,1,success,19,0,3.11
50,0.1,40,bot4,1,success,19,0,23.888
50,0.1,41,bot1,0,button_burned,19,0,0.991
50,0.1,41,bot2,0,button_burned,19,0,16.583
50,0.1,41,bot3,0,button_burned,19,0,30.548
50,0.1,41,bot4,0,button_burned,19,0,59.092
50,0.1,42,bot1,1,success,21,0,0.263
50,0.1,42,bot2,1,success,21,0,3.561
50,0.1,42,bot3,1,success,21,0,3.557
50,0.1,42,bot4,1,success,21,0,29.118
50,0.1,43,bot1,1,success,37,0,0.398
50,0.1,43,bot2,1,success,37,0,11.018
50,0.1,43,bot3,1,success,37,0,12.213
50,0.1,43,bot4,1,success,37,0,74.048
50,0.1,44,bot1,1,success,14,0,0.277
50,0.1,44,bot2,1,success,14,0,2.805
50,0.1,44,bot3,1,success,14,0,2.772
50,0.1,44,bot4,1,success,14,0,29.286
50,0.1,45,bot1,1,success,15,0,0.17
50,0.1,45,bot2,1,success,15,0,1.94
50,0.1,45,bot3,1,success,15,0,2.015
50,0.1,45,bot4,1,success,15,0,20.106
50,0.1,46,bot1,1,success,76,0,1.622
50,0.1,46,bot2,1,success,76,0,48.968
50,0.1,46,bot3,1,success,76,0,60.404
50,0.1,46,bot4,1,success,76,0,168.941
50,0.1,47,bot1,1,success,41,0,1.193
50,0.1,47,bot2,1,success,41,0,15.628
50,0.1,47,bot3,1,success,41,0,14.806
50,0.1,47,bot4,1,success,41,0,57.545
50,0.1,48,bot1,1,success,22,0,0.358
50,0.1,48,bot2,1,success,22,0,4.138
50,0.1,48,bot3,1,success,22,0,4.093
50,0.1,48,bot4,1,success,22,0,41.501
50,0.1,49,bot1,1,success,47,0,0.706
50,0.1,49,bot2,1,success,47,0,12.788
50,0.1,49,bot3,1,success,47,0,13.731
50,0.1,49,bot4,1,success,47,0,68.649
50,0.1,50,bot1,1,success,27,0,0.587
50,0.1,50,bot2,1,success,27,0,6.643
50,0.1,50,bot3,1,success,27,0,6.345
50,0.1,50,bot4,1,success,27,0,37.921
50,0.1,51,bot1,1,success,12,0,0.168
50,0.1,51,bot2,1,success,12,0,1.575
50,0.1,51,bot3,1,success,12,0,1.666
50,0.1,51,bot4,1,success,12,0,16.641
50,0.1,52,bot1,1,success,11,0,0.199
50,0.1,52,bot2,1,success,11,0,1.348
50,0.1,52,bot3,1,success,11,0,1.496
50,0.1,52,bot4,1,success,11,0,16.929
50,0.1,53,bot1,0,entered_fire,17,1,0.923
50,0.1,53,bot2,1,success,64,0,44.936
50,0.1,53,bot3,1,success,72,4,39.878
50,0.1,53,bot4,1,success,72,4,131.487
50,0.1,54,bot1,1,success,40,0,0.503
50,0.1,54,bot2,1,success,40,0,12.725
50,0.1,54,bot3,1,success,40,0,13.149
50,0.1,54,bot4,1,success,40,0,63.229
50,0.1,55,bot1,1,success,61,0,0.973
50,0.1,55,bot2,1,success,61,0,33.65
50,0.1,55,bot3,1,success,61,0,34.88
50,0.1,55,bot4,1,success,61,0,96.822
50,0.1,56,bot1,1,success,52,0,0.781
50,0.1,56,bot2,1,success,52,0,22.295
50,0.1,56,bot3,1,success,52,0,22.458
50,0.1,56,bot4,1,success,52,0,79.226
50,0.1,57,bot1,1,success,25,0,0.35
50,0.1,57,bot2,1,success,25,0,6.974
50,0.1,57,bot3,1,success,25,0,7.323
50,0.1,57,bot4,1,success,25,0,44.37
50,0.1,58,bot1,1,success,25,0,0.294
50,0.1,58,bot2,1,success,25,0,5.174
50,0.1,58,bot3,1,success,25,0,4.92
50,0.1,58,bot4,1,success,25,0,33.86
50,0.1,59,bot1,1,success,31,0,0.39
50,0.1,59,bot2,1,success,31,0,7.21
50,0.1,59,bot3,1,success,31,0,7.553
50,0.1,59,bot4,1,success,31,0,45.005
50,0.1,60,bot1,1,success,12,0,0.176
50,0.1,60,bot2,1,success,12,0,1.57
50,0.1,60,bot3,1,success,12,0,1.638
50,0.1,60,bot4,1,success,12,0,17.64
50,0.1,61,bot1,1,success,36,0,1.07
50,0.1,61,bot2,1,success,36,0,11.793
50,0.1,61,bot3,1,success,36,0,15.135
50,0.1,61,bot4,1,success,36,0,53.704
50,0.1,62,bot1,1,success,19,0,0.315
50,0.1,62,bot2,1,success,19,0,3.555
50,0.1,62,bot3,1,success,19,0,5.103
50,0.1,62,bot4,1,success,19,0,39.447
50,0.1,63,bot1,1,success,26,0,0.398
50,0.1,63,bot2,1,success,26,0,5.843
50,0.1,63,bot3,1,success,26,0,8.104
50,0.1,63,bot4,1,success,26,0,55.991
50,0.1,64,bot1,1,success,19,0,0.228
50,0.1,64,bot2,1,success,19,0,3.095
50,0.1,64,bot3,1,success,19,0,3.555
50,0.1,64,bot4,1,success,19,0,31.911
50,0.1,65,bot1,1,success,36,0,0.616
50,0.1,65,bot2,1,success,36,0,8.013
50,0.1,65,bot3,1,success,36,0,11.455
50,0.1,65,bot4,1,success,36,0,70.053
50,0.1,66,bot1,1,success,25,0,0.377
50,0.1,66,bot2,1,success,25,0,5.567
50,0.1,66,bot3,1,success,25,0,5.496
50,0.1,66,bot4,1,success,25,0,34.896
50,0.1,67,bot1,1,success,46,0,0.565
50,0.1,67,bot2,1,success,46,0,15.146
50,0.1,67,bot3,1,success,46,0,15.841
50,0.1,67,bot4,1,success,46,0,68.998
50,0.1,68,bot1,1,success,41,0,0.775
50,0.1,68,bot2,1,success,41,0,20.753
50,0.1,68,bot3,1,success,41,0,24.409
50,0.1,68,bot4,1,success,41,0,94.382
50,0.1,69,bot1,1,success,40,0,0.428
50,0.1,69,bot2,1,success,40,0,10.292
50,0.1,69,bot3,1,success,40,0,10.729
50,0.1,69,bot4,1,success,40,0,55.917
50,0.1,70,bot1,1,success,57,0,0.705
50,0.1,70,bot2,1,success,57,0,25.216
50,0.1,70,bot3,1,success,61,2,27.879
50,0.1,70,bot4,1,success,61,2,85.136
50,0.1,71,bot1,1,success,77,0,0.97
50,0.1,71,bot2,1,success,77,0,45.324
50,0.1,71,bot3,1,success,77,0,49.626
50,0.1,71,bot4,1,success,77,0,126.933
50,0.1,72,bot1,1,success,46,0,0.796
50,0.1,72,bot2,1,success,46,0,19.449
50,0.1,72,bot3,1,success,46,0,21.358
50,0.1,72,bot4,1,success,46,0,91.208
50,0.1,73,bot1,1,success,69,0,0.926
50,0.1,73,bot2,1,success,69,0,45.076
50,0.1,73,bot3,1,success,69,0,62.217
50,0.1,73,bot4,1,success,69,0,149.472
50,0.1,74,bot1,0,entered_fire,16,2,1.201
50,0.1,74,bot2,1,success,51,0,22.639
50,0.1,74,bot3,1,success,51,0,24.408
50,0.1,74,bot4,1,success,51,0,94.867
50,0.1,75,bot1,1,success,23,0,0.325
50,0.1,75,bot2,1,success,23,0,4.411
50,0.1,75,bot3,1,success,23,0,4.552
50,0.1,75,bot4,1,success,23,0,32.798
50,0.1,76,bot1,1,success,28,0,0.54
50,0.1,76,bot2,1,success,28,0,6.475
50,0.1,76,bot3,1,success,28,0,6.407
50,0.1,76,bot4,1,success,28,0,39.101
50,0.1,77,bot1,1,success,52,0,0.804
50,0.1,77,bot2,1,success,52,0,25.114
50,0.1,77,bot3,1,success,52,0,31.112
50,0.1,77,bot4,1,success,52,0,98.018
50,0.1,78,bot1,1,success,55,0,1.481
50,0.1,78,bot2,1,success,55,0,27.45
50,0.1,78,bot3,1,success,55,0,42.314
50,0.1,78,bot4,1,success,55,0,132.343
50,0.1,79,bot1,1,success,71,0,0.985
50,0.1,79,bot2,1,success,71,0,46.526
50,0.1,79,bot3,1,success,71,0,60.829
50,0.1,79,bot4,1,success,71,0,139.318
50,0.1,80,bot1,1,success,52,0,0.715
50,0.1,80,bot2,1,success,52,0,18.172
50,0.1,80,bot3,1,success,52,0,19.676
50,0.1,80,bot4,1,success,52,0,81.496
50,0.1,81,bot1,1,success,53,0,0.971
50,0.1,81,bot2,1,success,53,0,26.521
50,0.1,81,bot3,1,success,53,0,25.269
50,0.1,81,bot4,1,success,53,0,82.997
50,0.1,82,bot1,1,success,62,0,1.026
50,0.1,82,bot2,1,success,62,0,30.963
50,0.1,82,bot3,1,success,62,0,32.45
50,0.1,82,bot4,1,success,62,0,108.463
50,0.1,83,bot1,0,button_burned,36,0,0.997
50,0.1,83,bot2,0,button_burned,36,0,32.766
50,0.1,83,bot3,0,button_burned,36,0,44.581
50,0.1,83,bot4,0,button_burned,36,0,64.751
50,0.1,84,bot1,1,success,47,0,0.802
50,0.1,84,bot2,1,success,47,0,17.654
50,0.1,84,bot3,1,success,47,0,18.764
50,0.1,84,bot4,1,success,47,0,111.141
50,0.1,85,bot1,1,success,39,0,1.063
50,0.1,85,bot2,1,success,39,0,14.474
50,0.1,85,bot3,1,success,39,0,14.705
50,0.1,85,bot4,1,success,39,0,75.785
50,0.1,86,bot1,1,success,14,0,0.264
50,0.1,86,bot2,1,success,14,0,2.869
50,0.1,86,bot3,1,success,14,0,2.244
50,0.1,86,bot4,1,success,14,0,20.8
50,0.1,87,bot1,0,entered_fire,44,0,1.769
50,0.1,87,bot2,0,trapped,21,0,30.048
50,0.1,87,bot3,0,trapped,21,0,34.432
50,0.1,87,bot4,0,trapped,21,0,63.822
50,0.1,88,bot1,1,success,53,0,1.31
50,0.1,88,bot2,1,success,53,0,22.796
50,0.1,88,bot3,1,success,53,0,25.819
50,0.1,88,bot4,1,success,53,0,79.545
50,0.1,89,bot1,1,success,15,0,0.192
50,0.1,89,bot2,1,success,15,0,2.194
50,0.1,89,bot3,1,success,15,0,2.834
50,0.1,89,bot4,1,success,15,0,26.157
50,0.1,90,bot1,1,success,26,0,0.519
50,0.1,90,bot2,1,success,26,0,7.436
50,0.1,90,bot3,1,success,26,0,7.964
50,0.1,90,bot4,1,success,26,0,45.778
50,0.1,91,bot1,1,success,6,0,0.128
50,0.1,91,bot2,1,success,6,0,0.785
50,0.1,91,bot3,1,success,6,0,0.769
50,0.1,91,bot4,1,success,6,0,8.173
50,0.1,92,bot1,1,success,56,0,0.839
50,0.1,92,bot2,1,success,56,0,26.868
50,0.1,92,bot3,1,success,56,0,25.911
50,0.1,92,bot4,1,success,56,0,86.241
50,0.1,93,bot1,1,success,5,0,0.13
50,0.1,93,bot2,1,success,5,0,0.574
50,0.1,93,bot3,1,success,5,0,0.549
50,0.1,93,bot4,1,success,5,0,7.126
50,0.1,94,bot1,1,success,51,0,0.711
50,0.1,94,bot2,1,success,51,0,21.199
50,0.1,94,bot3,1,success,51,0,21.654
50,0.1,94,bot4,1,success,51,0,81.563
50,0.1,95,bot1,1,success,55,0,0.777
50,0.1,95,bot2,1,success,55,0,24.455
50,0.1,95,bot3,1,success,55,0,33.055
50,0.1,95,bot4,1,success,55,0,102.968
50,0.1,96,bot1,1,success,35,0,0.519
50,0.1,96,bot2,1,success,35,0,11.182
50,0.1,96,bot3,1,success,35,0,11.321
50,0.1,96,bot4,1,success,35,0,50.986
50,0.1,97,bot1,1,success,43,0,1.071
50,0.1,97,bot2,1,success,43,0,22.636
50,0.1,97,bot3,1,success,43,0,21.471
50,0.1,97,bot4,1,success,43,0,80.316
50,0.1,98,bot1,1,success,31,0,0.437
50,0.1,98,bot2,1,success,31,0,7.232
50,0.1,98,bot3,1,success,31,0,7.366
50,0.1,98,bot4,1,success,31,0,42.371
50,0.1,99,bot1,1,success,49,0,1.055
50,0.1,99,bot2,1,success,49,0,22.828
50,0.1,99,bot3,1,success,49,0,22.379
50,0.1,99,bot4,1,success,49,0,71.79
50,0.1,100,bot1,1,success,36,0,0.368
50,0.1,100,bot2,1,success,36,0,8.095
50,0.1,100,bot3,1,success,36,0,8.404
50,0.1,100,bot4,1,success,36,0,57.228
50,0.1,101,bot1,1,success,54,0,0.783
50,0.1,101,bot2,1,success,54,0,23.71
50,0.1,101,bot3,1,success,54,0,24.145
50,0.1,101,bot4,1,success,54,0,77.067
50,0.1,102,bot1,1,success,25,0,0.373
50,0.1,102,bot2,1,success,25,0,5.218
50,0.1,102,bot3,1,success,25,0,5.126
50,0.1,102,bot4,1,success,25,0,36.887
50,0.1,103,bot1,1,success,32,0,0.664
50,0.1,103,bot2,1,success,32,0,9.186
50,0.1,103,bot3,1,success,32,0,9.922
50,0.1,103,bot4,1,success,32,0,52.347
50,0.1,104,bot1,1,success,44,0,0.611
50,0.1,104,bot2,1,success,44,0,19.097
50,0.1,104,bot3,1,success,44,0,15.121
50,0.1,104,bot4,1,success,44,0,64.305
50,0.1,105,bot1,1,success,35,0,0.455
50,0.1,105,bot2,1,success,35,0,11.071
50,0.1,105,bot3,1,success,35,0,13.737
50,0.1,105,bot4,1,success,35,0,52.164
50,0.1,106,bot1,1,success,23,0,0.261
50,0.1,106,bot2,1,success,23,0,4.416
50,0.1,106,bot3,1,success,23,0,4.325
50,0.1,106,bot4,1,success,23,0,34.587
50,0.1,107,bot1,1,success,42,0,0.83
50,0.1,107,bot2,1,success,42,0,17.025
50,0.1,107,bot3,1,success,42,0,16.535
50,0.1,107,bot4,1,success,42,0,71.415
50,0.1,108,bot1,1,success,36,0,0.638
50,0.1,108,bot2,1,success,36,0,11.437
50,0.1,108,bot3,1,success,36,0,10.479
50,0.1,108,bot4,1,success,36,0,74.336
50,0.1,109,bot1,1,success,21,0,0.261
50,0.1,109,bot2,1,success,21,0,3.696
50,0.1,109,bot3,1,success,21,0,3.873
50,0.1,109,bot4,1,success,21,0,30.882
50,0.1,110,bot1,1,success,63,0,0.923
50,0.1,110,bot2,1,success,63,0,47.312
50,0.1,110,bot3,1,success,63,0,43.758
50,0.1,110,bot4,1,success,63,0,120.3
50,0.1,111,bot1,1,success,28,0,0.462
50,0.1,111,bot2,1,success,28,0,6.642
50,0.1,111,bot3,1,success,28,0,5.923
50,0.1,111,bot4,1,success,28,0,44.913
50,0.1,112,bot1,1,success,75,0,1.085
50,0.1,112,bot2,1,success,75,0,45.438
50,0.1,112,bot3,1,success,75,0,53.062
50,0.1,112,bot4,1,success,75,0,115.152
50,0.1,113,bot1,1,success,52,0,0.813
50,0.1,113,bot2,1,success,52,0,27.464
50,0.1,113,bot3,1,success,52,0,26.756
50,0.1,113,bot4,1,success,52,0,78.295
50,0.1,114,bot1,1,success,9,0,0.154
50,0.1,114,bot2,1,success,9,0,1.201
50,0.1,114,bot3,1,success,9,0,1.171
50,0.1,114,bot4,1,success,9,0,12.146
50,0.1,115,bot1,1,success,37,0,0.731
50,0.1,115,bot2,1,success,37,0,13.351
50,0.1,115,bot3,1,success,37,0,13.633
50,0.1,115,bot4,1,success,37,0,56.64
50,0.1,116,bot1,1,success,42,0,0.47
50,0.1,116,bot2,1,success,42,0,12.052
50,0.1,116,bot3,1,success,46,2,13.035
50,0.1,116,bot4,1,success,46,2,67.653
50,0.1,117,bot1,1,success,54,0,0.708
50,0.1,117,bot2,1,success,54,0,21.236
50,0.1,117,bot3,1,success,54,0,25.54
50,0.1,117,bot4,1,success,54,0,93.123
50,0.1,118,bot1,1,success,28,0,0.264
50,0.1,118,bot2,1,success,28,0,5.594
50,0.1,118,bot3,1,success,28,0,6.133
50,0.1,118,bot4,1,success,28,0,40.886
50,0.1,119,bot1,1,success,46,0,0.601
50,0.1,119,bot2,1,success,46,0,16.875
50,0.1,119,bot3,1,success,46,0,18.196
50,0.1,119,bot4,1,success,46,0,72.719
50,0.1,120,bot1,1,success,70,0,0.91
50,0.1,120,bot2,1,success,70,0,46.357
50,0.1,120,bot3,1,success,70,0,47.32
50,0.1,120,bot4,1,success,70,0,110.674
50,0.1,121,bot1,1,success,38,0,0.542
50,0.1,121,bot2,1,success,38,0,11.707
50,0.1,121,bot3,1,success,38,0,11.858
50,0.1,121,bot4,1,success,38,0,79.013
50,0.1,122,bot1,1,success,29,0,0.603
50,0.1,122,bot2,1,success,29,0,11.309
50,0.1,122,bot3,1,success,29,0,7.811
50,0.1,122,bot4,1,success,29,0,44.977
50,0.1,123,bot1,1,success,72,0,1.064
50,0.1,123,bot2,1,success,72,0,46.077
50,0.1,123,bot3,1,success,72,0,47.528
50,0.1,123,bot4,1,success,72,0,122.677
50,0.1,124,bot1,1,success,32,0,0.659
50,0.1,124,bot2,1,success,32,0,7.851
50,0.1,124,bot3,1,success,32,0,8.487
50,0.1,124,bot4,1,success,32,0,62.59
50,0.1,125,bot1,1,success,29,0,0.683
50,0.1,125,bot2,1,success,29,0,6.703
50,0.1,125,bot3,1,success,29,0,6.525
50,0.1,125,bot4,1,success,29,0,42.838
50,0.1,126,bot1,0,button_burned,32,0,1.291
50,0.1,126,bot2,0,trapped,27,0,17.757
50,0.1,126,bot3,0,trapped,27,0,22.394
50,0.1,126,bot4,0,trapped,27,0,52.178
50,0.1,127,bot1,0,entered_fire,41,6,1.059
50,0.1,127,bot2,1,success,101,0,67.487
50,0.1,127,bot3,1,success,97,7,79.001
50,0.1,127,bot4,1,success,97,7,191.179
50,0.1,128,bot1,1,success,38,0,0.433
50,0.1,128,bot2,1,success,38,0,9.182
50,0.1,128,bot3,1,success,38,0,9.676
50,0.1,128,bot4,1,success,38,0,53.782
50,0.1,129,bot1,1,success,24,0,0.466
50,0.1,129,bot2,1,success,24,0,5.924
50,0.1,129,bot3,1,success,24,0,6.207
50,0.1,129,bot4,1,success,24,0,35.984
50,0.1,130,bot1,1,success,27,0,0.623
50,0.1,130,bot2,1,success,27,0,6.431
50,0.1,130,bot3,1,success,27,0,6.851
50,0.1,130,bot4,1,success,27,0,41.859
50,0.1,131,bot1,1,success,44,0,0.772
50,0.1,131,bot2,1,success,44,0,16.409
50,0.1,131,bot3,1,success,56,6,27.359
50,0.1,131,bot4,1,success,56,6,105.119
50,0.1,132,bot1,1,success,30,0,0.565
50,0.1,132,bot2,1,success,30,0,11.059
50,0.1,132,bot3,1,success,30,0,9.164
50,0.1,132,bot4,1,success,30,0,44.13
50,0.1,133,bot1,1,success,16,0,0.23
50,0.1,133,bot2,1,success,16,0,2.421
50,0.1,133,bot3,1,success,16,0,2.411
50,0.1,133,bot4,1,success,16,0,20.626
50,0.1,134,bot1,1,success,18,0,0.281
50,0.1,134,bot2,1,success,18,0,3.113
50,0.1,134,bot3,1,success,18,0,3.21
50,0.1,134,bot4,1,success,18,0,24.061
50,0.1,135,bot1,1,success,41,0,0.962
50,0.1,135,bot2,1,success,41,0,16.273
50,0.1,135,bot3,1,success,41,0,16.212
50,0.1,135,bot4,1,success,41,0,77.097
50,0.1,136,bot1,1,success,41,0,0.407
50,0.1,136,bot2,1,success,41,0,11.524
50,0.1,136,bot3,1,success,41,0,17.342
50,0.1,136,bot4,1,success,41,0,82.397
50,0.1,137,bot1,1,success,65,0,1.131
50,0.1,137,bot2,1,success,65,0,42.704
50,0.1,137,bot3,1,success,65,0,43.897
50,0.1,137,bot4,1,success,65,0,100.101
50,0.1,138,bot1,1,success,25,0,0.384
50,0.1,138,bot2,1,success,25,0,5.728
50,0.1,138,bot3,1,success,25,0,6.135
50,0.1,138,bot4,1,success,25,0,37.395
50,0.1,139,bot1,1,success,32,0,0.672
50,0.1,139,bot2,1,success,32,0,8.288
50,0.1,139,bot3,1,success,32,0,8.717
50,0.1,139,bot4,1,success,32,0,47.042
50,0.1,140,bot1,1,success,9,0,0.167
50,0.1,140,bot2,1,success,9,0,1.18
50,0.1,140,bot3,1,success,9,0,1.218
50,0.1,140,bot4,1,success,9,0,13.63
50,0.1,141,bot1,1,success,64,0,0.957
50,0.1,141,bot2,1,success,64,0,33.472
50,0.1,141,bot3,1,success,64,0,31.613
50,0.1,141,bot4,1,success,64,0,96.745
50,0.1,142,bot1,1,success,22,0,0.233
50,0.1,142,bot2,1,success,22,0,3.466
50,0.1,142,bot3,1,success,22,0,3.572
50,0.1,142,bot4,1,success,22,0,33.228
50,0.1,143,bot1,1,success,70,0,1.04
50,0.1,143,bot2,1,success,70,0,55.192
50,0.1,143,bot3,1,success,70,0,53.549
50,0.1,143,bot4,1,success,70,0,119.235
50,0.1,144,bot1,1,success,27,0,0.609
50,0.1,144,bot2,1,success,27,0,7.138
50,0.1,144,bot3,1,success,27,0,7.36
50,0.1,144,bot4,1,success,27,0,39.17
50,0.1,145,bot1,1,success,34,0,0.589
50,0.1,145,bot2,1,success,34,0,9.864
50,0.1,145,bot3,1,success,34,0,9.798
50,0.1,145,bot4,1,success,34,0,70.263
50,0.1,146,bot1,1,success,14,0,0.194
50,0.1,146,bot2,1,success,14,0,1.987
50,0.1,146,bot3,1,success,14,0,2.146
50,0.1,146,bot4,1,success,14,0,19.101
50,0.1,147,bot1,1,success,35,0,0.621
50,0.1,147,bot2,1,success,35,0,11.054
50,0.1,147,bot3,1,success,35,0,11.014
50,0.1,147,bot4,1,success,35,0,47.303
50,0.1,148,bot1,1,success,28,0,0.473
50,0.1,148,bot2,1,success,28,0,7.566
50,0.1,148,bot3,1,success,28,0,6.192
50,0.1,148,bot4,1,success,28,0,41.344
50,0.1,149,bot1,1,success,78,0,1.125
50,0.1,149,bot2,1,success,78,0,54.949
50,0.1,149,bot3,1,success,78,0,56.777
50,0.1,149,bot4,1,success,78,0,132.212
50,0.1,150,bot1,1,success,24,0,0.301
50,0.1,150,bot2,1,success,24,0,4.52
50,0.1,150,bot3,1,success,24,0,4.4
50,0.1,150,bot4,1,success,24,0,31.683
50,0.1,151,bot1,1,success,51,0,0.998
50,0.1,151,bot2,1,success,51,0,25.094
50,0.1,151,bot3,1,success,51,0,29.413
50,0.1,151,bot4,1,success,51,0,82.627
50,0.1,152,bot1,1,success,50,0,0.89
50,0.1,152,bot2,1,success,50,0,24.067
50,0.1,152,bot3,1,success,50,0,23.529
50,0.1,152,bot4,1,success,50,0,84.666
50,0.1,153,bot1,1,success,30,0,0.856
50,0.1,153,bot2,1,success,30,0,9.378
50,0.1,153,bot3,1,success,30,0,8.779
50,0.1,153,bot4,1,success,30,0,53.694
50,0.1,154,bot1,1,success,52,0,1.105
50,0.1,154,bot2,1,success,52,0,27.364
50,0.1,154,bot3,1,success,52,0,29.091
50,0.1,154,bot4,1,success,52,0,82.074
50,0.1,155,bot1,1,success,13,0,0.239
50,0.1,155,bot2,1,success,13,0,1.977
50,0.1,155,bot3,1,success,13,0,1.903
50,0.1,155,bot4,1,success,13,0,18.474
50,0.1,156,bot1,1,success,49,0,0.582
50,0.1,156,bot2,1,success,49,0,21.689
50,0.1,156,bot3,1,success,49,0,22.523
50,0.1,156,bot4,1,success,49,0,72.876
50,0.1,157,bot1,1,success,26,0,0.385
50,0.1,157,bot2,1,success,26,0,5.239
50,0.1,157,bot3,1,success,26,0,5.611
50,0.1,157,bot4,1,success,26,0,39.411
50,0.1,158,bot1,1,success,48,0,0.811
50,0.1,158,bot2,1,success,48,0,22.593
50,0.1,158,bot3,1,success,48,0,28.934
50,0.1,158,bot4,1,success,48,0,90.154
50,0.1,159,bot1,1,success,28,0,0.594
50,0.1,159,bot2,1,success,28,0,7.279
50,0.1,159,bot3,1,success,28,0,7.061
50,0.1,159,bot4,1,success,28,0,42.045
50,0.1,160,bot1,1,success,23,0,0.331
50,0.1,160,bot2,1,success,23,0,4.309
50,0.1,160,bot3,1,success,23,0,4.46
50,0.1,160,bot4,1,success,23,0,34.34
50,0.1,161,bot1,1,success,57,0,1.007
50,0.1,161,bot2,1,success,57,0,26.132
50,0.1,161,bot3,1,success,57,0,26.632
50,0.1,161,bot4,1,success,57,0,94.602
50,0.1,162,bot1,1,success,51,0,0.991
50,0.1,162,bot2,1,success,51,0,33.744
50,0.1,162,bot3,1,success,51,0,28.959
50,0.1,162,bot4,1,success,51,0,104.673
50,0.1,163,bot1,1,success,28,0,0.567
50,0.1,163,bot2,1,success,28,0,5.52
50,0.1,163,bot3,1,success,28,0,6.165
50,0.1,163,bot4,1,success,28,0,43.674
50,0.1,164,bot1,1,success,15,0,0.192
50,0.1,164,bot2,1,success,15,0,2.314
50,0.1,164,bot3,1,success,15,0,2.364
50,0.1,164,bot4,1,success,15,0,21.699
50,0.1,165,bot1,1,success,56,0,1.935
50,0.1,165,bot2,1,success,56,0,34.464
50,0.1,165,bot3,1,success,56,0,43.416
50,0.1,165,bot4,1,success,56,0,151.403
50,0.1,166,bot1,1,success,66,0,1.665
50,0.1,166,bot2,1,success,66,0,63.708
50,0.1,166,bot3,1,success,66,0,54.475
50,0.1,166,bot4,1,success,66,0,105.327
50,0.1,167,bot1,1,success,36,0,0.426
50,0.1,167,bot2,1,success,36,0,9.453
50,0.1,167,bot3,1,success,36,0,9.576
50,0.1,167,bot4,1,success,36,0,50.677
50,0.1,168,bot1,1,success,32,0,0.49
50,0.1,168,bot2,1,success,32,0,8.441
50,0.1,168,bot3,1,success,32,0,9.125
50,0.1,168,bot4,1,success,32,0,45.528
50,0.1,169,bot1,1,success,43,0,0.666
50,0.1,169,bot2,1,success,43,0,15.26
50,0.1,169,bot3,1,success,43,0,15.096
50,0.1,169,bot4,1,success,43,0,60.199
50,0.1,170,bot1,1,success,43,0,0.448
50,0.1,170,bot2,1,success,43,0,13.633
50,0.1,170,bot3,1,success,43,0,13.056
50,0.1,170,bot4,1,success,43,0,63.345
50,0.1,171,bot1,1,success,72,0,1.056
50,0.1,171,bot2,1,success,72,0,48.387
50,0.1,171,bot3,1,success,72,0,47.459
50,0.1,171,bot4,1,success,72,0,108.315
50,0.1,172,bot1,1,success,41,0,0.967
50,0.1,172,bot2,1,success,41,0,14.305
50,0.1,172,bot3,1,success,41,0,20.325
50,0.1,172,bot4,1,success,41,0,68.038
50,0.1,173,bot1,1,success,67,0,1.087
50,0.1,173,bot2,1,success,67,0,40.266
50,0.1,173,bot3,1,success,67,0,40.859
50,0.1,173,bot4,1,success,67,0,99.363
50,0.1,174,bot1,1,success,21,0,0.268
50,0.1,174,bot2,1,success,21,0,3.339
50,0.1,174,bot3,1,success,21,0,3.804
50,0.1,174,bot4,1,success,21,0,27.348
50,0.1,175,bot1,1,success,19,0,0.315
50,0.1,175,bot2,1,success,19,0,3.494
50,0.1,175,bot3,1,success,19,0,3.324
50,0.1,175,bot4,1,success,19,0,33.035
50,0.1,176,bot1,1,success,61,0,1.047
50,0.1,176,bot2,1,success,61,0,34.134
50,0.1,176,bot3,1,success,61,0,36.586
50,0.1,176,bot4,1,success,61,0,105.807
50,0.1,177,bot1,1,success,40,0,0.574
50,0.1,177,bot2,1,success,40,0,13.023
50,0.1,177,bot3,1,success,40,0,15.869
50,0.1,177,bot4,1,success,40,0,71.305
50,0.1,178,bot1,1,success,39,0,0.535
50,0.1,178,bot2,1,success,39,0,12.023
50,0.1,178,bot3,1,success,39,0,12.168
50,0.1,178,bot4,1,success,39,0,54.705
50,0.1,179,bot1,1,success,61,0,0.686
50,0.1,179,bot2,1,success,61,0,25.579
50,0.1,179,bot3,1,success,61,0,26.143
50,0.1,179,bot4,1,success,61,0,93.597
50,0.1,180,bot1,1,success,40,0,0.901
50,0.1,180,bot2,1,success,40,0,17.175
50,0.1,180,bot3,1,success,40,0,14.728
50,0.1,180,bot4,1,success,40,0,62.748
50,0.1,181,bot1,1,success,29,0,0.393
50,0.1,181,bot2,1,success,29,0,6.238
50,0.1,181,bot3,1,success,29,0,5.979
50,0.1,181,bot4,1,success,29,0,45.285
50,0.1,182,bot1,1,success,54,0,0.533
50,0.1,182,bot2,1,success,54,0,24.559
50,0.1,182,bot3,1,success,54,0,26.763
50,0.1,182,bot4,1,success,54,0,80.951
50,0.1,183,bot1,1,success,37,0,0.775
50,0.1,183,bot2,1,success,37,0,13.446
50,0.1,183,bot3,1,success,37,0,12.547
50,0.1,183,bot4,1,success,37,0,50.487
50,0.1,184,bot1,1,success,67,0,1.343
50,0.1,184,bot2,1,success,67,0,39.28
50,0.1,184,bot3,1,success,67,0,41.906
50,0.1,184,bot4,1,success,67,0,100.928
50,0.1,185,bot1,1,success,75,0,0.982
50,0.1,185,bot2,1,success,75,0,44.668
50,0.1,185,bot3,1,success,75,0,45.286
50,0.1,185,bot4,1,success,75,0,118.696
50,0.1,186,bot1,1,success,64,0,0.873
50,0.1,186,bot2,1,success,64,0,29.859
50,0.1,186,bot3,1,success,64,0,32.721
50,0.1,186,bot4,1,success,64,0,147.034
50,0.1,187,bot1,1,success,21,0,0.304
50,0.1,187,bot2,1,success,21,0,5.718
50,0.1,187,bot3,1,success,21,0,5.504
50,0.1,187,bot4,1,success,21,0,44.019
50,0.1,188,bot1,1,success,27,0,0.367
50,0.1,188,bot2,1,success,27,0,6.62
50,0.1,188,bot3,1,success,27,0,6.647
50,0.1,188,bot4,1,success,27,0,40.122
50,0.1,189,bot1,1,success,37,0,0.585
50,0.1,189,bot2,1,success,37,0,11.612
50,0.1,189,bot3,1,success,37,0,13.05
50,0.1,189,bot4,1,success,37,0,71.372
50,0.1,190,bot1,1,success,29,0,0.374
50,0.1,190,bot2,1,success,29,0,6.927
50,0.1,190,bot3,1,success,29,0,7.107
50,0.1,190,bot4,1,success,29,0,39.366
50,0.1,191,bot1,1,success,41,0,0.725
50,0.1,191,bot2,1,success,41,0,14.863
50,0.1,191,bot3,1,success,41,0,14.152
50,0.1,191,bot4,1,success,41,0,63.434
50,0.1,192,bot1,1,success,24,0,0.263
50,0.1,192,bot2,1,success,24,0,4.256
50,0.1,192,bot3,1,success,24,0,4.788
50,0.1,192,bot4,1,success,24,0,40.301
50,0.1,193,bot1,1,success,21,0,0.271
50,0.1,193,bot2,1,success,21,0,4.962
50,0.1,193,bot3,1,success,21,0,4.699
50,0.1,193,bot4,1,success,21,0,39.605
50,0.1,194,bot1,1,success,50,0,1.482
50,0.1,194,bot2,1,success,50,0,21.811
50,0.1,194,bot3,1,success,50,0,26.35
50,0.1,194,bot4,1,success,50,0,90.885
50,0.1,195,bot1,1,success,36,0,0.661
50,0.1,195,bot2,1,success,36,0,12.097
50,0.1,195,bot3,1,success,36,0,12.138
50,0.1,195,bot4,1,success,36,0,56.668
50,0.1,196,bot1,1,success,36,0,0.587
50,0.1,196,bot2,1,success,36,0,10.595
50,0.1,196,bot3,1,success,36,0,13.109
50,0.1,196,bot4,1,success,36,0,56.604
50,0.1,197,bot1,1,success,67,0,1.001
50,0.1,197,bot2,1,success,67,0,36.254
50,0.1,197,bot3,1,success,67,0,38.567
50,0.1,197,bot4,1,success,67,0,125.387
50,0.1,198,bot1,1,success,86,0,1.298
50,0.1,198,bot2,1,success,86,0,69.965
50,0.1,198,bot3,1,success,86,0,65.453
50,0.1,198,bot4,1,success,86,0,134.164
50,0.1,199,bot1,1,success,35,0,0.513
50,0.1,199,bot2,1,success,35,0,9.283
50,0.1,199,bot3,1,success,35,0,11.308
50,0.1,199,bot4,1,success,35,0,60.436
50,0.15,0,bot1,0,entered_fire,27,1,1.047
50,0.15,0,bot2,1,success,71,0,43.781
50,0.15,0,bot3,1,success,75,2,49.355
50,0.15,0,bot4,1,success,73,1,134.337
50,0.15,1,bot1,1,success,37,0,0.609
50,0.15,1,bot2,1,success,37,0,11.034
50,0.15,1,bot3,1,success,37,0,11.067
50,0.15,1,bot4,1,success,37,0,54.872
50,0.15,2,bot1,1,success,32,0,0.535
50,0.15,2,bot2,1,success,32,0,8.403
50,0.15,2,bot3,1,success,38,3,10.859
50,0.15,2,bot4,1,success,38,3,58.966
50,0.15,3,bot1,1,success,43,0,0.794
50,0.15,3,bot2,1,success,43,0,16.478
50,0.15,3,bot3,1,success,43,0,16.87
50,0.15,3,bot4,1,success,43,0,66.796
50,0.15,4,bot1,1,success,35,0,0.563
50,0.15,4,bot2,1,success,35,0,12.652
50,0.15,4,bot3,1,success,35,0,9.136
50,0.15,4,bot4,1,success,35,0,56.412
50,0.15,5,bot1,1,success,41,0,0.85
50,0.15,5,bot2,1,success,41,0,16.005
50,0.15,5,bot3,1,success,41,0,16.449
50,0.15,5,bot4,1,success,41,0,63.302
50,0.15,6,bot1,1,success,68,0,0.794
50,0.15,6,bot2,1,success,68,0,47.496
50,0.15,6,bot3,1,success,68,0,36.633
50,0.15,6,bot4,1,success,68,0,101.728
50,0.15,7,bot1,1,success,43,0,0.668
50,0.15,7,bot2,1,success,43,0,16.912
50,0.15,7,bot3,1,success,43,0,22.567
50,0.15,7,bot4,1,success,43,0,73.327
50,0.15,8,bot1,1,success,60,0,0.974
50,0.15,8,bot2,1,success,60,0,37.452
50,0.15,8,bot3,1,success,60,0,35.725
50,0.15,8,bot4,1,success,60,0,108.169
50,0.15,9,bot1,1,success,6,0,0.157
50,0.15,9,bot2,1,success,6,0,0.91
50,0.15,9,bot3,1,success,6,0,1.009
50,0.15,9,bot4,1,success,6,0,9.74
50,0.15,10,bot1,1,success,34,0,0.487
50,0.15,10,bot2,1,success,34,0,8.66
50,0.15,10,bot3,1,success,34,0,8.833
50,0.15,10,bot4,1,success,34,0,49.109
50,0.15,11,bot1,1,success,40,0,0.74
50,0.15,11,bot2,1,success,40,0,17.951
50,0.15,11,bot3,1,success,40,0,21.975
50,0.15,11,bot4,1,success,40,0,64.861
50,0.15,12,bot1,1,success,40,0,0.57
50,0.15,12,bot2,1,success,40,0,14.518
50,0.15,12,bot3,1,success,40,0,14.882
50,0.15,12,bot4,1,success,40,0,62.101
50,0.15,13,bot1,0,button_burned,32,0,0.973
50,0.15,13,bot2,0,button_burned,32,0,32.866
50,0.15,13,bot3,0,button_burned,32,0,35.402
50,0.15,13,bot4,0,button_burned,32,0,91.923
50,0.15,14,bot1,1,success,40,0,0.466
50,0.15,14,bot2,1,success,40,0,10.193
50,0.15,14,bot3,1,success,40,0,10.605
50,0.15,14,bot4,1,success,40,0,67.076
50,0.15,15,bot1,1,success,69,0,1.041
50,0.15,15,bot2,1,success,69,0,54.878
50,0.15,15,bot3,1,success,69,0,42.56
50,0.15,15,bot4,1,success,69,0,122.077
50,0.15,16,bot1,0,caught,49,3,0.854
50,0.15,16,bot2,0,button_burned,70,0,38.908
50,0.15,16,bot3,0,button_burned,70,0,42.304
50,0.15,16,bot4,0,button_burned,70,1,111.228
50,0.15,17,bot1,1,success,43,0,1.428
50,0.15,17,bot2,1,success,43,0,19.734
50,0.15,17,bot3,1,success,43,0,16.991
50,0.15,17,bot4,1,success,43,0,60.127
50,0.15,18,bot1,1,success,15,0,0.255
50,0.15,18,bot2,1,success,15,0,2.178
50,0.15,18,bot3,1,success,15,0,2.174
50,0.15,18,bot4,1,success,15,0,20.588
50,0.15,19,bot1,1,success,49,0,0.624
50,0.15,19,bot2,1,success,49,0,19.762
50,0.15,19,bot3,1,success,49,0,18.529
50,0.15,19,bot4,1,success,49,0,70.293
50,0.15,20,bot1,1,success,61,0,1.535
50,0.15,20,bot2,1,success,61,0,49.506
50,0.15,20,bot3,1,success,61,0,37.057
50,0.15,20,bot4,1,success,61,0,103.085
50,0.15,21,bot1,1,success,39,0,0.568
50,0.15,21,bot2,1,success,39,0,11.682
50,0.15,21,bot3,1,success,39,0,11.833
50,0.15,21,bot4,1,success,39,0,62.41
50,0.15,22,bot1,1,success,18,0,0.246
50,0.15,22,bot2,1,success,18,0,3.356
50,0.15,22,bot3,1,success,18,0,3.633
50,0.15,22,bot4,1,success,18,0,28.801
50,0.15,23,bot1,0,button_burned,42,0,0.989
50,0.15,23,bot2,0,button_burned,42,0,38.417
50,0.15,23,bot3,0,button_burned,42,5,45.552
50,0.15,23,bot4,0,button_burned,42,0,74.631
50,0.15,24,bot1,1,success,39,0,0.533
50,0.15,24,bot2,1,success,39,0,12.131
50,0.15,24,bot3,1,success,39,0,12.594
50,0.15,24,bot4,1,success,39,0,56.124
50,0.15,25,bot1,1,success,10,0,0.153
50,0.15,25,bot2,1,success,10,0,1.258
50,0.15,25,bot3,1,success,10,0,1.314
50,0.15,25,bot4,1,success,10,0,15.348
50,0.15,26,bot1,1,success,75,0,1.08
50,0.15,26,bot2,1,success,75,0,51.927
50,0.15,26,bot3,1,success,75,0,39.484
50,0.15,26,bot4,1,success,75,0,118.844
50,0.15,27,bot1,1,success,93,0,1.223
50,0.15,27,bot2,1,success,93,0,75.385
50,0.15,27,bot3,1,success,93,0,77.307
50,0.15,27,bot4,1,success,93,0,242.666
50,0.15,28,bot1,0,caught,24,0,0.513
50,0.15,28,bot2,0,caught,24,0,8.721
50,0.15,28,bot3,1,success,85,8,42.704
50,0.15,28,bot4,0,caught,24,0,34.4
50,0.15,29,bot1,1,success,18,0,0.223
50,0.15,29,bot2,1,success,18,0,2.598
50,0.15,29,bot3,1,success,18,0,2.71
50,0.15,29,bot4,1,success,18,0,23.32
50,0.15,30,bot1,1,success,26,0,0.295
50,0.15,30,bot2,1,success,26,0,5.83
50,0.15,30,bot3,1,success,26,0,5.7
50,0.15,30,bot4,1,success,26,0,41.264
50,0.15,31,bot1,1,success,41,0,0.75
50,0.15,31,bot2,1,success,41,0,14.557
50,0.15,31,bot3,1,success,41,0,14.067
50,0.15,31,bot4,1,success,41,0,54.946
50,0.15,32,bot1,1,success,40,0,0.679
50,0.15,32,bot2,1,success,40,0,13.099
50,0.15,32,bot3,1,success,40,0,13.601
50,0.15,32,bot4,1,success,40,0,57.571
50,0.15,33,bot1,1,success,14,0,0.18
50,0.15,33,bot2,1,success,14,0,2.06
50,0.15,33,bot3,1,success,14,0,2.07
50,0.15,33,bot4,1,success,14,0,19.413
50,0.15,34,bot1,1,success,6,0,0.135
50,0.15,34,bot2,1,success,6,0,0.727
50,0.15,34,bot3,1,success,6,0,0.768
50,0.15,34,bot4,1,success,6,0,8.379
50,0.15,35,bot1,1,success,43,0,0.698
50,0.15,35,bot2,1,success,43,0,26.847
50,0.15,35,bot3,1,success,43,0,27.139
50,0.15,35,bot4,1,success,43,0,67.342
50,0.15,36,bot1,1,success,62,0,0.813
50,0.15,36,bot2,1,success,62,0,30.962
50,0.15,36,bot3,1,success,62,0,32.084
50,0.15,36,bot4,1,success,62,0,107.789
50,0.15,37,bot1,1,success,25,0,0.3
50,0.15,37,bot2,1,success,25,0,4.678
50,0.15,37,bot3,1,success,25,0,4.871
50,0.15,37,bot4,1,success,25,0,34.585
50,0.15,38,bot1,1,success,12,0,0.185
50,0.15,38,bot2,1,success,12,0,1.649
50,0.15,38,bot3,1,success,12,0,1.632
50,0.15,38,bot4,1,success,12,0,15.659
50,0.15,39,bot1,1,success,21,0,0.269
50,0.15,39,bot2,1,success,21,0,3.101
50,0.15,39,bot3,1,success,21,0,3.875
50,0.15,39,bot4,1,success,21,0,28.444
50,0.15,40,bot1,1,success,19,0,0.26
50,0.15,40,bot2,1,success,19,0,4.563
50,0.15,40,bot3,1,success,19,0,4.792
50,0.15,40,bot4,1,success,19,0,41.801
50,0.15,41,bot1,0,button_burned,14,0,0.96
50,0.15,41,bot2,0,button_burned,14,0,15.266
50,0.15,41,bot3,0,button_burned,14,0,16.175
50,0.15,41,bot4,0,button_burned,14,0,32.417
50,0.15,42,bot1,1,success,21,0,0.25
50,0.15,42,bot2,1,success,21,0,3.58
50,0.15,42,bot3,1,success,21,0,3.943
50,0.15,42,bot4,1,success,21,0,35.734
50,0.15,43,bot1,1,success,37,0,0.381
50,0.15,43,bot2,1,success,37,0,9.365
50,0.15,43,bot3,1,success,37,0,9.432
50,0.15,43,bot4,1,success,37,0,49.857
50,0.15,44,bot1,1,success,14,0,0.176
50,0.15,44,bot2,1,success,14,0,2.093
50,0.15,44,bot3,1,success,14,0,2.129
50,0.15,44,bot4,1,success,14,0,19.531
50,0.15,45,bot1,1,success,15,0,0.224
50,0.15,45,bot2,1,success,15,0,2.722
50,0.15,45,bot3,1,success,15,0,3.678
50,0.15,45,bot4,1,success,15,0,26.278
50,0.15,46,bot1,1,success,76,0,1.712
50,0.15,46,bot2,1,success,76,0,52.591
50,0.15,46,bot3,1,success,76,0,50.041
50,0.15,46,bot4,1,success,76,0,143.836
50,0.15,47,bot1,1,success,41,0,0.713
50,0.15,47,bot2,1,success,41,0,16.061
50,0.15,47,bot3,1,success,41,0,16.868
50,0.15,47,bot4,1,success,41,0,68.193
50,0.15,48,bot1,1,success,22,0,0.377
50,0.15,48,bot2,1,success,22,0,4.083
50,0.15,48,bot3,1,success,22,0,4.197
50,0.15,48,bot4,1,success,22,0,31.98
50,0.15,49,bot1,1,success,47,0,0.538
50,0.15,49,bot2,1,success,47,0,12.947
50,0.15,49,bot3,1,success,47,0,13.085
50,0.15,49,bot4,1,success,47,0,69.412
50,0.15,50,bot1,1,success,27,0,0.431
50,0.15,50,bot2,1,success,27,0,6.273
50,0.15,50,bot3,1,success,27,0,6.55
50,0.15,50,bot4,1,success,27,0,46.804
50,0.15,51,bot1,1,success,12,0,0.163
50,0.15,51,bot2,1,success,12,0,5.42
50,0.15,51,bot3,1,success,12,0,1.725
50,0.15,51,bot4,1,success,12,0,16.956
50,0.15,52,bot1,1,success,11,0,0.176
50,0.15,52,bot2,1,success,11,0,1.338
50,0.15,52,bot3,1,success,11,0,1.416
50,0.15,52,bot4,1,success,11,0,15.921
50,0.15,53,bot1,0,entered_fire,13,4,1.003
50,0.15,53,bot2,1,success,72,0,39.326
50,0.15,53,bot3,1,success,72,0,38.895
50,0.15,53,bot4,1,success,72,0,114.182
50,0.15,54,bot1,1,success,40,0,0.896
50,0.15,54,bot2,1,success,40,0,14.355
50,0.15,54,bot3,1,success,40,0,13.056
50,0.15,54,bot4,1,success,40,0,60.891
50,0.15,55,bot1,1,success,61,0,1.008
50,0.15,55,bot2,1,success,61,0,34.636
50,0.15,55,bot3,1,success,61,0,35.341
50,0.15,55,bot4,1,success,61,0,99.848
50,0.15,56,bot1,1,success,52,0,0.738
50,0.15,56,bot2,1,success,52,0,21.003
50,0.15,56,bot3,1,success,52,0,25.071
50,0.15,56,bot4,1,success,52,0,80.957
50,0.15,57,bot1,1,success,25,0,0.52
50,0.15,57,bot2,1,success,25,0,5.109
50,0.15,57,bot3,1,success,25,0,5.537
50,0.15,57,bot4,1,success,25,0,35.127
50,0.15,58,bot1,1,success,25,0,0.26
50,0.15,58,bot2,1,success,25,0,5.154
50,0.15,58,bot3,1,success,25,0,5.119
50,0.15,58,bot4,1,success,25,0,34.281
50,0.15,59,bot1,1,success,31,0,0.44
50,0.15,59,bot2,1,success,31,0,6.884
50,0.15,59,bot3,1,success,31,0,7.668
50,0.15,59,bot4,1,success,31,0,47.442
50,0.15,60,bot1,1,success,12,0,0.194
50,0.15,60,bot2,1,success,12,0,1.584
50,0.15,60,bot3,1,success,12,0,1.56
50,0.15,60,bot4,1,success,12,0,15.695
50,0.15,61,bot1,1,success,36,0,0.616
50,0.15,61,bot2,1,success,36,0,10.625
50,0.15,61,bot3,1,success,36,0,11.398
50,0.15,61,bot4,1,success,36,0,55.664
50,0.15,62,bot1,1,success,19,0,0.301
50,0.15,62,bot2,1,success,19,0,3.404
50,0.15,62,bot3,1,success,19,0,3.397
50,0.15,62,bot4,1,success,19,0,24.722
50,0.15,63,bot1,1,success,26,0,0.434
50,0.15,63,bot2,1,success,26,0,6.587
50,0.15,63,bot3,1,success,26,0,7.603
50,0.15,63,bot4,1,success,26,0,38.881
50,0.15,64,bot1,1,success,19,0,0.215
50,0.15,64,bot2,1,success,19,0,2.831
50,0.15,64,bot3,1,success,19,0,2.99
50,0.15,64,bot4,1,success,19,0,25.649
50,0.15,65,bot1,1,success,36,0,0.378
50,0.15,65,bot2,1,success,36,0,8.36
50,0.15,65,bot3,1,success,36,0,9.315
50,0.15,65,bot4,1,success,36,0,59.9
50,0.15,66,bot1,0,button_burned,23,0,0.413
50,0.15,66,bot2,0,button_burned,23,0,6.305
50,0.15,66,bot3,0,button_burned,23,0,13.63
50,0.15,66,bot4,0,button_burned,23,0,31.696
50,0.15,67,bot1,1,success,46,0,0.577
50,0.15,67,bot2,1,success,46,0,14.472
50,0.15,67,bot3,1,success,46,0,16.065
50,0.15,67,bot4,1,success,46,0,69.553
50,0.15,68,bot1,1,success,41,0,0.877
50,0.15,68,bot2,1,success,41,0,15.446
50,0.15,68,bot3,1,success,41,0,16.686
50,0.15,68,bot4,1,success,41,0,74.728
50,0.15,69,bot1,1,success,40,0,0.396
50,0.15,69,bot2,1,success,40,0,14.136
50,0.15,69,bot3,1,success,40,0,10.335
50,0.15,69,bot4,1,success,40,0,57.426
50,0.15,70,bot1,1,success,57,0,0.674
50,0.15,70,bot2,1,success,57,0,24.792
50,0.15,70,bot3,1,success,61,2,28.165
50,0.15,70,bot4,1,success,61,2,89.519
50,0.15,71,bot1,1,success,77,0,1.436
50,0.15,71,bot2,1,success,77,0,44.465
50,0.15,71,bot3,1,success,77,0,46.06
50,0.15,71,bot4,1,success,77,0,131.391
50,0.15,72,bot1,1,success,46,0,0.848
50,0.15,72,bot2,1,success,46,0,19.368
50,0.15,72,bot3,1,success,46,0,19.499
50,0.15,72,bot4,1,success,46,0,62.024
50,0.15,73,bot1,1,success,69,0,0.934
50,0.15,73,bot2,1,success,69,0,40.366
50,0.15,73,bot3,1,success,69,0,44.893
50,0.15,73,bot4,1,success,69,0,113.309
50,0.15,74,bot1,0,entered_fire,15,1,0.707
50,0.15,74,bot2,1,success,51,0,24.796
50,0.15,74,bot3,1,success,51,0,22.205
50,0.15,74,bot4,1,success,51,0,96.629
50,0.15,75,bot1,1,success,23,0,0.28
50,0.15,75,bot2,1,success,23,0,4.491
50,0.15,75,bot3,1,success,23,0,4.478
50,0.15,75,bot4,1,success,23,0,35.962
50,0.15,76,bot1,1,success,28,0,0.809
50,0.15,76,bot2,1,success,28,0,6.713
50,0.15,76,bot3,1,success,28,0,6.653
50,0.15,76,bot4,1,success,28,0,43.319
50,0.15,77,bot1,1,success,52,0,0.748
50,0.15,77,bot2,1,success,52,0,27.392
50,0.15,77,bot3,1,success,52,0,25.024
50,0.15,77,bot4,1,success,52,0,76.485
50,0.15,78,bot1,1,success,55,0,0.928
50,0.15,78,bot2,1,success,55,0,25.839
50,0.15,78,bot3,1,success,55,0,26.552
50,0.15,78,bot4,1,success,55,0,83.889
50,0.15,79,bot1,1,success,71,0,1.626
50,0.15,79,bot2,1,success,71,0,41.265
50,0.15,79,bot3,1,success,71,0,43.551
50,0.15,79,bot4,1,success,71,0,120.51
50,0.15,80,bot1,1,success,52,0,0.77
50,0.15,80,bot2,1,success,52,0,21.151
50,0.15,80,bot3,1,success,52,0,19.463
50,0.15,80,bot4,1,success,52,0,85.625
50,0.15,81,bot1,1,success,53,0,1.228
50,0.15,81,bot2,1,success,53,0,26.261
50,0.15,81,bot3,1,success,53,0,24.773
50,0.15,81,bot4,1,success,53,0,73.606
50,0.15,82,bot1,1,success,62,0,0.882
50,0.15,82,bot2,1,success,62,0,30.662
50,0.15,82,bot3,1,success,62,0,31.699
50,0.15,82,bot4,1,success,62,0,92.611
50,0.15,83,bot1,0,button_burned,18,0,1.01
50,0.15,83,bot2,0,button_burned,18,0,16.508
50,0.15,83,bot3,0,button_burned,18,0,29.638
50,0.15,83,bot4,0,button_burned,18,0,33.598
50,0.15,84,bot1,1,success,47,0,0.57
50,0.15,84,bot2,1,success,47,0,14.992
50,0.15,84,bot3,1,success,47,0,15.326
50,0.15,84,bot4,1,success,47,0,64.134
50,0.15,85,bot1,1,success,39,0,0.835
50,0.15,85,bot2,1,success,39,0,12.248
50,0.15,85,bot3,1,success,39,0,12.438
50,0.15,85,bot4,1,success,39,0,50.778
50,0.15,86,bot1,1,success,14,0,0.214
50,0.15,86,bot2,1,success,14,0,2.106
50,0.15,86,bot3,1,success,14,0,2.435
50,0.15,86,bot4,1,success,14,0,19.114
50,0.15,87,bot1,0,button_burned,23,0,0.98
50,0.15,87,bot2,0,button_burned,23,0,17.257
50,0.15,87,bot3,0,button_burned,23,0,21.539
50,0.15,87,bot4,0,button_burned,23,0,36.073
50,0.15,88,bot1,1,success,53,0,0.748
50,0.15,88,bot2,1,success,53,0,23.619
50,0.15,88,bot3,1,success,53,0,22.409
50,0.15,88,bot4,1,success,53,0,94.213
50,0.15,89,bot1,1,success,15,0,0.183
50,0.15,89,bot2,1,success,15,0,2.112
50,0.15,89,bot3,1,success,15,0,2.06
50,0.15,89,bot4,1,success,15,0,19.029
50,0.15,90,bot1,1,success,26,0,0.318
50,0.15,90,bot2,1,success,26,0,5.076
50,0.15,90,bot3,1,success,26,0,5.096
50,0.15,90,bot4,1,success,26,0,36.814
50,0.15,91,bot1,1,success,6,0,0.139
50,0.15,91,bot2,1,success,6,0,0.712
50,0.15,91,bot3,1,success,6,0,0.813
50,0.15,91,bot4,1,success,6,0,9.735
50,0.15,92,bot1,1,success,56,0,0.748
50,0.15,92,bot2,1,success,56,0,29.031
50,0.15,92,bot3,1,success,56,0,22.611
50,0.15,92,bot4,1,success,56,0,80.059
50,0.15,93,bot1,1,success,5,0,0.118
50,0.15,93,bot2,1,success,5,0,0.564
50,0.15,93,bot3,1,success,5,0,0.54
50,0.15,93,bot4,1,success,5,0,9.543
50,0.15,94,bot1,1,success,51,0,1.014
50,0.15,94,bot2,1,success,51,0,21.525
50,0.15,94,bot3,1,success,51,0,21.228
50,0.15,94,bot4,1,success,51,0,81.076
50,0.15,95,bot1,1,success,55,0,0.728
50,0.15,95,bot2,1,success,55,0,25.705
50,0.15,95,bot3,1,success,55,0,25.801
50,0.15,95,bot4,1,success,55,0,81.774
50,0.15,96,bot1,1,success,35,0,0.471
50,0.15,96,bot2,1,success,35,0,10.118
50,0.15,96,bot3,1,success,35,0,13.476
50,0.15,96,bot4,1,success,35,0,45.129
50,0.15,97,bot1,1,success,43,0,0.701
50,0.15,97,bot2,1,success,43,0,19.9
50,0.15,97,bot3,1,success,43,0,15.953
50,0.15,97,bot4,1,success,43,0,64.016
50,0.15,98,bot1,1,success,31,0,0.435
50,0.15,98,bot2,1,success,31,0,7.977
50,0.15,98,bot3,1,success,31,0,8.262
50,0.15,98,bot4,1,success,31,0,46.04
50,0.15,99,bot1,1,success,49,0,1.022
50,0.15,99,bot2,1,success,49,0,22.693
50,0.15,99,bot3,1,success,49,0,22.59
50,0.15,99,bot4,1,success,49,0,75.38
50,0.15,100,bot1,1,success,36,0,0.367
50,0.15,100,bot2,1,success,36,0,7.704
50,0.15,100,bot3,1,success,36,0,8.192
50,0.15,100,bot4,1,success,36,0,48.942
50,0.15,101,bot1,1,success,54,0,0.755
50,0.15,101,bot2,1,success,54,0,22.005
50,0.15,101,bot3,1,success,54,0,23.318
50,0.15,101,bot4,1,success,54,0,71.954
50,0.15,102,bot1,1,success,25,0,0.342
50,0.15,102,bot2,1,success,25,0,5.63
50,0.15,102,bot3,1,success,25,0,5.723
50,0.15,102,bot4,1,success,25,0,35.476
50,0.15,103,bot1,1,success,32,0,0.365
50,0.15,103,bot2,1,success,32,0,6.791
50,0.15,103,bot3,1,success,32,0,12.008
50,0.15,103,bot4,1,success,32,0,49.196
50,0.15,104,bot1,1,success,44,0,0.698
50,0.15,104,bot2,1,success,44,0,17.926
50,0.15,104,bot3,1,success,44,0,14.653
50,0.15,104,bot4,1,success,44,0,63.239
50,0.15,105,bot1,1,success,35,0,0.48
50,0.15,105,bot2,1,success,35,0,8.683
50,0.15,105,bot3,1,success,35,0,9.28
50,0.15,105,bot4,1,success,35,0,51.258
50,0.15,106,bot1,1,success,23,0,0.253
50,0.15,106,bot2,1,success,23,0,4.261
50,0.15,106,bot3,1,success,23,0,6.137
50,0.15,106,bot4,1,success,23,0,42.764
50,0.15,107,bot1,1,success,42,0,0.741
50,0.15,107,bot2,1,success,42,0,16.37
50,0.15,107,bot3,1,success,42,0,16.439
50,0.15,107,bot4,1,success,42,0,72.306
50,0.15,108,bot1,1,success,36,0,0.328
50,0.15,108,bot2,1,success,36,0,8.941
50,0.15,108,bot3,1,success,36,0,10.348
50,0.15,108,bot4,1,success,36,0,62.201
50,0.15,109,bot1,1,success,21,0,0.432
50,0.15,109,bot2,1,success,21,0,4.641
50,0.15,109,bot3,1,success,21,0,4.311
50,0.15,109,bot4,1,success,21,0,32.913
50,0.15,110,bot1,1,success,63,0,1.171
50,0.15,110,bot2,1,success,63,0,39.163
50,0.15,110,bot3,1,success,63,0,37.141
50,0.15,110,bot4,1,success,63,0,110.315
50,0.15,111,bot1,1,success,28,0,0.28
50,0.15,111,bot2,1,success,28,0,5.681
50,0.15,111,bot3,1,success,28,0,5.713
50,0.15,111,bot4,1,success,28,0,45.575
50,0.15,112,bot1,1,success,75,0,0.994
50,0.15,112,bot2,1,success,75,0,55.029
50,0.15,112,bot3,1,success,75,0,71.086
50,0.15,112,bot4,1,success,75,0,119.986
50,0.15,113,bot1,1,success,52,0,0.648
50,0.15,113,bot2,1,success,52,0,19.925
50,0.15,113,bot3,1,success,52,0,21.747
50,0.15,113,bot4,1,success,52,0,73.272
50,0.15,114,bot1,1,success,9,0,0.178
50,0.15,114,bot2,1,success,9,0,1.104
50,0.15,114,bot3,1,success,9,0,1.135
50,0.15,114,bot4,1,success,9,0,11.357
50,0.15,115,bot1,0,button_burned,34,0,0.705
50,0.15,115,bot2,0,button_burned,34,0,13.637
50,0.15,115,bot3,0,button_burned,34,0,16.093
50,0.15,115,bot4,0,button_burned,34,0,52.108
50,0.15,116,bot1,1,success,42,0,0.412
50,0.15,116,bot2,1,success,42,0,11.538
50,0.15,116,bot3,1,success,42,0,12.329
50,0.15,116,bot4,1,success,42,0,62.675
50,0.15,117,bot1,1,success,54,0,0.753
50,0.15,117,bot2,1,success,54,0,21.906
50,0.15,117,bot3,1,success,54,0,21.393
50,0.15,117,bot4,1,success,54,0,79.783
50,0.15,118,bot1,1,success,28,0,0.264
50,0.15,118,bot2,1,success,28,0,4.995
50,0.15,118,bot3,1,success,28,0,5.06
50,0.15,118,bot4,1,success,28,0,38.88
50,0.15,119,bot1,1,success,46,0,0.624
50,0.15,119,bot2,1,success,46,0,15.976
50,0.15,119,bot3,1,success,46,0,15.256
50,0.15,119,bot4,1,success,46,0,64.031
50,0.15,120,bot1,1,success,70,0,0.986
50,0.15,120,bot2,1,success,70,0,47.768
50,0.15,120,bot3,1,success,70,0,42.971
50,0.15,120,bot4,1,success,70,0,126.512
50,0.15,121,bot1,1,success,38,0,0.551
50,0.15,121,bot2,1,success,38,0,11.704
50,0.15,121,bot3,1,success,38,0,11.302
50,0.15,121,bot4,1,success,38,0,57.201
50,0.15,122,bot1,1,success,29,0,0.56
50,0.15,122,bot2,1,success,29,0,6.71
50,0.15,122,bot3,1,success,29,0,6.86
50,0.15,122,bot4,1,success,29,0,39.185
50,0.15,123,bot1,1,success,72,0,0.964
50,0.15,123,bot2,1,success,72,0,45.081
50,0.15,123,bot3,1,success,72,0,44.331
50,0.15,123,bot4,1,success,72,0,115.622
50,0.15,124,bot1,1,success,32,0,0.379
50,0.15,124,bot2,1,success,32,0,7.196
50,0.15,124,bot3,1,success,32,0,7.358
50,0.15,124,bot4,1,success,32,0,40.641
50,0.15,125,bot1,1,success,29,0,0.369
50,0.15,125,bot2,1,success,29,0,6.977
50,0.15,125,bot3,1,success,29,0,6.105
50,0.15,125,bot4,1,success,29,0,39.985
50,0.15,126,bot1,0,entered_fire,51,12,0.905
50,0.15,126,bot2,0,trapped,68,0,48.168
50,0.15,126,bot3,0,trapped,68,0,60.899
50,0.15,126,bot4,0,trapped,68,0,135.814
50,0.15,127,bot1,0,entered_fire,40,8,0.982
50,0.15,127,bot2,1,success,93,0,60.673
50,0.15,127,bot3,0,trapped,74,5,73.095
50,0.15,127,bot4,0,trapped,74,2,145.652
50,0.15,128,bot1,1,success,38,0,0.647
50,0.15,128,bot2,1,success,38,0,8.396
50,0.15,128,bot3,1,success,38,0,8.989
50,0.15,128,bot4,1,success,38,0,49.317
50,0.15,129,bot1,1,success,24,0,0.432
50,0.15,129,bot2,1,success,24,0,5.679
50,0.15,129,bot3,1,success,24,0,5.457
50,0.15,129,bot4,1,success,24,0,29.741
50,0.15,130,bot1,1,success,27,0,0.513
50,0.15,130,bot2,1,success,27,0,7.159
50,0.15,130,bot3,1,success,27,0,6.917
50,0.15,130,bot4,1,success,27,0,37.084
50,0.15,131,bot1,0,entered_fire,6,2,0.721
50,0.15,131,bot2,1,success,54,0,20.821
50,0.15,131,bot3,1,success,52,1,21.891
50,0.15,131,bot4,1,success,52,1,77.311
50,0.15,132,bot1,1,success,30,0,0.446
50,0.15,132,bot2,1,success,30,0,7.801
50,0.15,132,bot3,1,success,30,0,8.564
50,0.15,132,bot4,1,success,30,0,41.767
50,0.15,133,bot1,1,success,16,0,0.278
50,0.15,133,bot2,1,success,16,0,2.294
50,0.15,133,bot3,1,success,16,0,2.343
50,0.15,133,bot4,1,success,16,0,20.306
50,0.15,134,bot1,1,success,18,0,0.246
50,0.15,134,bot2,1,success,18,0,3.237
50,0.15,134,bot3,1,success,18,0,2.892
50,0.15,134,bot4,1,success,18,0,23.91
50,0.15,135,bot1,1,success,41,0,1.158
50,0.15,135,bot2,1,success,41,0,14.562
50,0.15,135,bot3,1,success,41,0,14.713
50,0.15,135,bot4,1,success,41,0,53.562
50,0.15,136,bot1,1,success,41,0,0.402
50,0.15,136,bot2,1,success,41,0,10.893
50,0.15,136,bot3,1,success,41,0,10.561
50,0.15,136,bot4,1,success,41,0,55.268
50,0.15,137,bot1,1,success,65,0,1.058
50,0.15,137,bot2,1,success,65,0,36.814
50,0.15,137,bot3,1,success,65,0,39.698
50,0.15,137,bot4,1,success,65,0,99.89
50,0.15,138,bot1,1,success,25,0,0.321
50,0.15,138,bot2,1,success,25,0,5.23
50,0.15,138,bot3,1,success,25,0,5.049
50,0.15,138,bot4,1,success,25,0,31.206
50,0.15,139,bot1,1,success,32,0,0.41
50,0.15,139,bot2,1,success,32,0,7.251
50,0.15,139,bot3,1,success,32,0,7.67
50,0.15,139,bot4,1,success,32,0,43.763
50,0.15,140,bot1,1,success,9,0,0.155
50,0.15,140,bot2,1,success,9,0,1.144
50,0.15,140,bot3,1,success,9,0,1.097
50,0.15,140,bot4,1,success,9,0,14.638
50,0.15,141,bot1,1,success,64,0,0.874
50,0.15,141,bot2,1,success,64,0,28.717
50,0.15,141,bot3,1,success,64,0,32.34
50,0.15,141,bot4,1,success,64,0,90.869
50,0.15,142,bot1,1,success,22,0,0.213
50,0.15,142,bot2,1,success,22,0,4.742
50,0.15,142,bot3,1,success,22,0,3.844
50,0.15,142,bot4,1,success,22,0,29.567
50,0.15,143,bot1,1,success,70,0,0.856
50,0.15,143,bot2,1,success,70,0,40.121
50,0.15,143,bot3,1,success,70,0,48.449
50,0.15,143,bot4,1,success,70,0,124.568
50,0.15,144,bot1,1,success,27,0,0.456
50,0.15,144,bot2,1,success,27,0,6.249
50,0.15,144,bot3,1,success,27,0,6.193
50,0.15,144,bot4,1,success,27,0,37.978
50,0.15,145,bot1,1,success,34,0,0.472
50,0.15,145,bot2,1,success,34,0,8.192
50,0.15,145,bot3,1,success,34,0,7.5
50,0.15,145,bot4,1,success,34,0,45.96
50,0.15,146,bot1,1,success,14,0,0.192
50,0.15,146,bot2,1,success,14,0,1.819
50,0.15,146,bot3,1,success,14,0,1.772
50,0.15,146,bot4,1,success,14,0,17.413
50,0.15,147,bot1,1,success,35,0,0.627
50,0.15,147,bot2,1,success,35,0,9.88
50,0.15,147,bot3,1,success,35,0,11.199
50,0.15,147,bot4,1,success,35,0,45.251
50,0.15,148,bot1,1,success,28,0,0.394
50,0.15,148,bot2,1,success,28,0,5.7
50,0.15,148,bot3,1,success,28,0,5.594
50,0.15,148,bot4,1,success,28,0,38.404
50,0.15,149,bot1,0,entered_fire,27,2,0.974
50,0.15,149,bot2,1,success,92,0,57.98
50,0.15,149,bot3,1,success,88,2,53.029
50,0.15,149,bot4,1,success,88,2,129.742
50,0.15,150,bot1,1,success,24,0,0.347
50,0.15,150,bot2,1,success,24,0,4.515
50,0.15,150,bot3,1,success,24,0,5.183
50,0.15,150,bot4,1,success,24,0,29.812
50,0.15,151,bot1,1,success,51,0,0.935
50,0.15,151,bot2,1,success,51,0,23.351
50,0.15,151,bot3,1,success,51,0,26.054
50,0.15,151,bot4,1,success,51,0,76.283
50,0.15,152,bot1,0,entered_fire,14,2,0.76
50,0.15,152,bot2,1,success,52,0,20.627
50,0.15,152,bot3,1,success,52,1,21.199
50,0.15,152,bot4,1,success,52,1,80.314
50,0.15,153,bot1,1,success,30,0,0.479
50,0.15,153,bot2,1,success,30,0,11.129
50,0.15,153,bot3,1,success,30,0,8.108
50,0.15,153,bot4,1,success,30,0,37.747
50,0.15,154,bot1,1,success,52,0,0.668
50,0.15,154,bot2,1,success,52,0,20.772
50,0.15,154,bot3,1,success,52,0,20.43
50,0.15,154,bot4,1,success,52,0,74.243
50,0.15,155,bot1,1,success,13,0,0.205
50,0.15,155,bot2,1,success,13,0,1.622
50,0.15,155,bot3,1,success,13,0,1.715
50,0.15,155,bot4,1,success,13,0,16.293
50,0.15,156,bot1,1,success,49,0,0.558
50,0.15,156,bot2,1,success,49,0,16.903
50,0.15,156,bot3,1,success,49,0,17.246
50,0.15,156,bot4,1,success,49,0,65.865
50,0.15,157,bot1,1,success,26,0,0.307
50,0.15,157,bot2,1,success,26,0,4.421
50,0.15,157,bot3,1,success,26,0,4.487
50,0.15,157,bot4,1,success,26,0,31.821
50,0.15,158,bot1,1,success,48,0,0.646
50,0.15,158,bot2,1,success,48,0,16.75
50,0.15,158,bot3,1,success,48,0,18.656
50,0.15,158,bot4,1,success,48,0,97.018
50,0.15,159,bot1,1,success,28,0,0.471
50,0.15,159,bot2,1,success,28,0,6.464
50,0.15,159,bot3,1,success,28,0,6.659
50,0.15,159,bot4,1,success,28,0,38.86
50,0.15,160,bot1,1,success,23,0,0.29
50,0.15,160,bot2,1,success,23,0,3.899
50,0.15,160,bot3,1,success,23,0,4.177
50,0.15,160,bot4,1,success,23,0,34.68
50,0.15,161,bot1,1,success,57,0,0.695
50,0.15,161,bot2,1,success,57,0,25.212
50,0.15,161,bot3,1,success,57,0,25.094
50,0.15,161,bot4,1,success,57,0,87.544
50,0.15,162,bot1,1,success,51,0,1.006
50,0.15,162,bot2,1,success,51,0,30.9
50,0.15,162,bot3,1,success,51,0,28.911
50,0.15,162,bot4,1,success,51,0,84.663
50,0.15,163,bot1,1,success,28,0,0.405
50,0.15,163,bot2,1,success,28,0,5.542
50,0.15,163,bot3,1,success,28,0,6.028
50,0.15,163,bot4,1,success,28,0,40.288
50,0.15,164,bot1,1,success,15,0,0.194
50,0.15,164,bot2,1,success,15,0,2.064
50,0.15,164,bot3,1,success,15,0,2.302
50,0.15,164,bot4,1,success,15,0,30.366
50,0.15,165,bot1,1,success,56,0,0.929
50,0.15,165,bot2,1,success,56,0,28.282
50,0.15,165,bot3,1,success,56,0,27.357
50,0.15,165,bot4,1,success,56,0,77.623
50,0.15,166,bot1,0,caught,52,5,0.884
50,0.15,166,bot2,0,trapped,39,0,35.338
50,0.15,166,bot3,0,trapped,39,0,41.107
50,0.15,166,bot4,0,trapped,39,0,80.501
50,0.15,167,bot1,1,success,36,0,0.395
50,0.15,167,bot2,1,success,36,0,9.025
50,0.15,167,bot3,1,success,36,0,9.129
50,0.15,167,bot4,1,success,36,0,50.186
50,0.15,168,bot1,1,success,32,0,0.731
50,0.15,168,bot2,1,success,32,0,12.523
50,0.15,168,bot3,1,success,32,0,11.6
50,0.15,168,bot4,1,success,32,0,44.894
50,0.15,169,bot1,1,success,43,0,0.645
50,0.15,169,bot2,1,success,43,0,14.636
50,0.15,169,bot3,1,success,43,0,15.236
50,0.15,169,bot4,1,success,43,0,62.1
50,0.15,170,bot1,1,success,43,0,0.539
50,0.15,170,bot2,1,success,43,0,14.274
50,0.15,170,bot3,1,success,43,0,15.228
50,0.15,170,bot4,1,success,43,0,64.667
50,0.15,171,bot1,1,success,72,0,1.724
50,0.15,171,bot2,1,success,72,0,57.229
50,0.15,171,bot3,1,success,72,0,50.508
50,0.15,171,bot4,1,success,72,0,123.642
50,0.15,172,bot1,1,success,41,0,0.602
50,0.15,172,bot2,1,success,41,0,14.133
50,0.15,172,bot3,1,success,41,0,13.228
50,0.15,172,bot4,1,success,41,0,62.746
50,0.15,173,bot1,1,success,67,0,1.128
50,0.15,173,bot2,1,success,67,0,43.188
50,0.15,173,bot3,1,success,67,0,43.216
50,0.15,173,bot4,1,success,67,0,98.896
50,0.15,174,bot1,1,success,21,0,0.279
50,0.15,174,bot2,1,success,21,0,3.359
50,0.15,174,bot3,1,success,21,0,3.473
50,0.15,174,bot4,1,success,21,0,30.051
50,0.15,175,bot1,1,success,19,0,0.246
50,0.15,175,bot2,1,success,19,0,3.015
50,0.15,175,bot3,1,success,19,0,3.992
50,0.15,175,bot4,1,success,19,0,40.831
50,0.15,176,bot1,1,success,61,0,1.036
50,0.15,176,bot2,1,success,61,0,33.403
50,0.15,176,bot3,1,success,61,0,35.244
50,0.15,176,bot4,1,success,61,0,97.69
50,0.15,177,bot1,1,success,40,0,0.555
50,0.15,177,bot2,1,success,40,0,11.928
50,0.15,177,bot3,1,success,40,0,12.881
50,0.15,177,bot4,1,success,40,0,63.192
50,0.15,178,bot1,1,success,39,0,0.51
50,0.15,178,bot2,1,success,39,0,12.699
50,0.15,178,bot3,1,success,39,0,15.871
50,0.15,178,bot4,1,success,39,0,52.288
50,0.15,179,bot1,1,success,61,0,0.973
50,0.15,179,bot2,1,success,61,0,25.993
50,0.15,179,bot3,1,success,61,0,29.13
50,0.15,179,bot4,1,success,61,0,93.639
50,0.15,180,bot1,1,success,40,0,0.82
50,0.15,180,bot2,1,success,40,0,15.537
50,0.15,180,bot3,1,success,40,0,17.417
50,0.15,180,bot4,1,success,40,0,57.889
50,0.15,181,bot1,1,success,29,0,0.303
50,0.15,181,bot2,1,success,29,0,5.819
50,0.15,181,bot3,1,success,29,0,7.683
50,0.15,181,bot4,1,success,29,0,45.014
50,0.15,182,bot1,1,success,54,0,0.699
50,0.15,182,bot2,1,success,54,0,18.084
50,0.15,182,bot3,1,success,54,0,18.655
50,0.15,182,bot4,1,success,54,0,74.475
50,0.15,183,bot1,1,success,37,0,0.46
50,0.15,183,bot2,1,success,37,0,8.738
50,0.15,183,bot3,1,success,37,0,9.259
50,0.15,183,bot4,1,success,37,0,51.01
50,0.15,184,bot1,1,success,67,0,1.01
50,0.15,184,bot2,1,success,67,0,43.512
50,0.15,184,bot3,1,success,67,0,39.427
50,0.15,184,bot4,1,success,67,0,95.548
50,0.15,185,bot1,1,success,75,0,0.82
50,0.15,185,bot2,1,success,75,0,51.589
50,0.15,185,bot3,1,success,75,0,45.448
50,0.15,185,bot4,1,success,75,0,121.392
50,0.15,186,bot1,1,success,64,0,0.889
50,0.15,186,bot2,1,success,64,0,29.838
50,0.15,186,bot3,1,success,64,0,30.398
50,0.15,186,bot4,1,success,64,0,92.129
50,0.15,187,bot1,1,success,21,0,0.3
50,0.15,187,bot2,1,success,21,0,3.754
50,0.15,187,bot3,1,success,21,0,3.872
50,0.15,187,bot4,1,success,21,0,29.624
50,0.15,188,bot1,1,success,27,0,0.289
50,0.15,188,bot2,1,success,27,0,4.326
50,0.15,188,bot3,1,success,27,0,4.356
50,0.15,188,bot4,1,success,27,0,37.286
50,0.15,189,bot1,1,success,37,0,0.497
50,0.15,189,bot2,1,success,37,0,10.902
50,0.15,189,bot3,1,success,37,0,11.153
50,0.15,189,bot4,1,success,37,0,59.254
50,0.15,190,bot1,1,success,29,0,0.616
50,0.15,190,bot2,1,success,29,0,6.594
50,0.15,190,bot3,1,success,29,0,6.966
50,0.15,190,bot4,1,success,29,0,40.629
50,0.15,191,bot1,1,success,41,0,0.641
50,0.15,191,bot2,1,success,41,0,12.801
50,0.15,191,bot3,1,success,41,0,12.962
50,0.15,191,bot4,1,success,41,0,54.3
50,0.15,192,bot1,1,success,24,0,0.328
50,0.15,192,bot2,1,success,24,0,5.417
50,0.15,192,bot3,1,success,24,0,5.095
50,0.15,192,bot4,1,success,24,0,35.779
50,0.15,193,bot1,1,success,21,0,0.295
50,0.15,193,bot2,1,success,21,0,3.783
50,0.15,193,bot3,1,success,21,0,3.809
50,0.15,193,bot4,1,success,21,0,28.624
50,0.15,194,bot1,1,success,50,0,0.91
50,0.15,194,bot2,1,success,50,0,33.892
50,0.15,194,bot3,1,success,50,0,22.68
50,0.15,194,bot4,1,success,50,0,70.2
50,0.15,195,bot1,1,success,36,0,0.653
50,0.15,195,bot2,1,success,36,0,11.253
50,0.15,195,bot3,1,success,36,0,10.661
50,0.15,195,bot4,1,success,36,0,46.76
50,0.15,196,bot1,1,success,36,0,0.516
50,0.15,196,bot2,1,success,36,0,9.879
50,0.15,196,bot3,1,success,36,0,9.916
50,0.15,196,bot4,1,success,36,0,48.592
50,0.15,197,bot1,1,success,67,0,1.157
50,0.15,197,bot2,1,success,67,0,40.041
50,0.15,197,bot3,1,success,67,0,42.956
50,0.15,197,bot4,1,success,67,0,138.496
50,0.15,198,bot1,1,success,86,0,1.315
50,0.15,198,bot2,1,success,86,0,59.132
50,0.15,198,bot3,1,success,86,0,58.96
50,0.15,198,bot4,1,success,86,0,120.222
50,0.15,199,bot1,1,success,35,0,0.499
50,0.15,199,bot2,1,success,35,0,8.974
50,0.15,199,bot3,1,success,35,0,8.85
50,0.15,199,bot4,1,success,35,0,46.275
50,0.2,0,bot1,0,caught,25,6,0.998
50,0.2,0,bot2,1,success,73,0,44.13
50,0.2,0,bot3,1,success,73,0,47.493
50,0.2,0,bot4,1,success,73,0,127.302
50,0.2,1,bot1,1,success,37,0,0.554
50,0.2,1,bot2,1,success,37,0,13.728
50,0.2,1,bot3,1,success,37,0,16.522
50,0.2,1,bot4,1,success,37,0,55.328
50,0.2,2,bot1,0,caught,7,0,0.471
50,0.2,2,bot2,0,caught,7,0,2.888
50,0.2,2,bot3,1,success,38,3,10.563
50,0.2,2,bot4,1,success,38,3,51.091
50,0.2,3,bot1,1,success,43,0,0.662
50,0.2,3,bot2,1,success,43,0,15.155
50,0.2,3,bot3,1,success,43,0,15.13
50,0.2,3,bot4,1,success,43,0,61.026
50,0.2,4,bot1,1,success,35,0,0.502
50,0.2,4,bot2,1,success,35,0,9.795
50,0.2,4,bot3,1,success,35,0,11.699
50,0.2,4,bot4,1,success,35,0,46.365
50,0.2,5,bot1,1,success,41,0,0.757
50,0.2,5,bot2,1,success,41,0,17.49
50,0.2,5,bot3,1,success,41,0,16.469
50,0.2,5,bot4,1,success,41,0,77.37
50,0.2,6,bot1,1,success,68,0,0.8
50,0.2,6,bot2,1,success,68,0,33.985
50,0.2,6,bot3,1,success,68,0,35.586
50,0.2,6,bot4,1,success,68,0,95.471
50,0.2,7,bot1,1,success,43,0,0.597
50,0.2,7,bot2,1,success,43,0,13.896
50,0.2,7,bot3,1,success,43,0,15.231
50,0.2,7,bot4,1,success,43,0,65.93
50,0.2,8,bot1,1,success,60,0,0.881
50,0.2,8,bot2,1,success,60,0,31.493
50,0.2,8,bot3,1,success,60,0,31.192
50,0.2,8,bot4,1,success,60,0,89.106
50,0.2,9,bot1,1,success,6,0,0.129
50,0.2,9,bot2,1,success,6,0,0.739
50,0.2,9,bot3,1,success,6,0,0.768
50,0.2,9,bot4,1,success,6,0,8.169
50,0.2,10,bot1,1,success,34,0,0.472
50,0.2,10,bot2,1,success,34,0,8.078
50,0.2,10,bot3,1,success,34,0,8.459
50,0.2,10,bot4,1,success,34,0,45.077
50,0.2,11,bot1,1,success,40,0,0.754
50,0.2,11,bot2,1,success,40,0,13.176
50,0.2,11,bot3,1,success,40,0,14.559
50,0.2,11,bot4,1,success,40,0,56.204
50,0.2,12,bot1,1,success,40,0,0.55
50,0.2,12,bot2,1,success,40,0,11.17
50,0.2,12,bot3,1,success,40,0,11.032
50,0.2,12,bot4,1,success,40,0,50.912
50,0.2,13,bot1,0,button_burned,33,0,0.839
50,0.2,13,bot2,0,button_burned,33,0,28.645
50,0.2,13,bot3,0,button_burned,33,0,31.022
50,0.2,13,bot4,0,button_burned,33,0,70.655
50,0.2,14,bot1,1,success,40,0,0.456
50,0.2,14,bot2,1,success,40,0,9.319
50,0.2,14,bot3,1,success,40,0,10.902
50,0.2,14,bot4,1,success,40,0,56.172
50,0.2,15,bot1,1,success,69,0,0.897
50,0.2,15,bot2,1,success,69,0,44.676
50,0.2,15,bot3,1,success,69,0,39.864
50,0.2,15,bot4,1,success,69,0,116.37
50,0.2,16,bot1,0,entered_fire,50,4,0.868
50,0.2,16,bot2,0,button_burned,51,0,35.015
50,0.2,16,bot3,0,button_burned,51,0,40.417
50,0.2,16,bot4,0,button_burned,51,0,106.2
50,0.2,17,bot1,1,success,43,0,0.963
50,0.2,17,bot2,1,success,43,0,17.116
50,0.2,17,bot3,1,success,43,0,24.861
50,0.2,17,bot4,1,success,43,0,68.583
50,0.2,18,bot1,1,success,15,0,0.256
50,0.2,18,bot2,1,success,15,0,2.367
50,0.2,18,bot3,1,success,15,0,2.212
50,0.2,18,bot4,1,success,15,0,21.328
50,0.2,19,bot1,1,success,49,0,0.555
50,0.2,19,bot2,1,success,49,0,18.063
50,0.2,19,bot3,1,success,49,0,21.715
50,0.2,19,bot4,1,success,49,0,90.883
50,0.2,20,bot1,1,success,61,0,1.081
50,0.2,20,bot2,1,success,61,0,34.659
50,0.2,20,bot3,1,success,61,0,34.419
50,0.2,20,bot4,1,success,61,0,89.06
50,0.2,21,bot1,1,success,39,0,0.446
50,0.2,21,bot2,1,success,39,0,10.899
50,0.2,21,bot3,1,success,39,0,12.202
50,0.2,21,bot4,1,success,39,0,58.126
50,0.2,22,bot1,1,success,18,0,0.32
50,0.2,22,bot2,1,success,18,0,4.318
50,0.2,22,bot3,1,success,18,0,4.174
50,0.2,22,bot4,1,success,18,0,24.289
50,0.2,23,bot1,0,button_burned,50,1,0.978
50,0.2,23,bot2,0,button_burned,50,0,49.359
50,0.2,23,bot3,0,button_burned,50,0,67.071
50,0.2,23,bot4,0,button_burned,50,0,92.803
50,0.2,24,bot1,1,success,39,0,0.546
50,0.2,24,bot2,1,success,39,0,12.606
50,0.2,24,bot3,1,success,39,0,14.132
50,0.2,24,bot4,1,success,39,0,58.652
50,0.2,25,bot1,1,success,10,0,0.13
50,0.2,25,bot2,1,success,10,0,1.339
50,0.2,25,bot3,1,success,10,0,1.369
50,0.2,25,bot4,1,success,10,0,13.432
50,0.2,26,bot1,1,success,75,0,0.973
50,0.2,26,bot2,1,success,75,0,36.586
50,0.2,26,bot3,1,success,75,0,42.118
50,0.2,26,bot4,1,success,75,0,124.363
50,0.2,27,bot1,1,success,93,0,1.081
50,0.2,27,bot2,1,success,93,0,94.407
50,0.2,27,bot3,1,success,93,0,87.283
50,0.2,27,bot4,1,success,93,0,183.632
50,0.2,28,bot1,0,caught,23,4,0.558
50,0.2,28,bot2,0,button_burned,86,0,54.47
50,0.2,28,bot3,0,button_burned,86,8,53.942
50,0.2,28,bot4,0,button_burned,86,0,132.905
50,0.2,29,bot1,1,success,18,0,0.243
50,0.2,29,bot2,1,success,18,0,2.802
50,0.2,29,bot3,1,success,18,0,3.503
50,0.2,29,bot4,1,success,18,0,27.03
50,0.2,30,bot1,1,success,26,0,0.272
50,0.2,30,bot2,1,success,26,0,5.102
50,0.2,30,bot3,1,success,26,0,6.644
50,0.2,30,bot4,1,success,26,0,55.206
50,0.2,31,bot1,1,success,41,0,0.639
50,0.2,31,bot2,1,success,41,0,14.124
50,0.2,31,bot3,1,success,41,0,15.279
50,0.2,31,bot4,1,success,41,0,60.786
50,0.2,32,bot1,1,success,40,0,0.743
50,0.2,32,bot2,1,success,40,0,13.232
50,0.2,32,bot3,1,success,40,0,14.091
50,0.2,32,bot4,1,success,40,0,54.978
50,0.2,33,bot1,1,success,14,0,0.187
50,0.2,33,bot2,1,success,14,0,1.94
50,0.2,33,bot3,1,success,14,0,2.065
50,0.2,33,bot4,1,success,14,0,18.121
50,0.2,34,bot1,1,success,6,0,0.14
50,0.2,34,bot2,1,success,6,0,0.727
50,0.2,34,bot3,1,success,6,0,0.758
50,0.2,34,bot4,1,success,6,0,8.147
50,0.2,35,bot1,1,success,43,0,0.82
50,0.2,35,bot2,1,success,43,0,19.048
50,0.2,35,bot3,1,success,43,0,21.669
50,0.2,35,bot4,1,success,43,0,63.857
50,0.2,36,bot1,1,success,62,0,0.772
50,0.2,36,bot2,1,success,62,0,28.037
50,0.2,36,bot3,1,success,62,0,35.349
50,0.2,36,bot4,1,success,62,0,113.674
50,0.2,37,bot1,1,success,25,0,0.325
50,0.2,37,bot2,1,success,25,0,4.54
50,0.2,37,bot3,1,success,25,0,4.799
50,0.2,37,bot4,1,success,25,0,34.806
50,0.2,38,bot1,1,success,12,0,0.238
50,0.2,38,bot2,1,success,12,0,1.615
50,0.2,38,bot3,1,success,12,0,1.672
50,0.2,38,bot4,1,success,12,0,16.07
50,0.2,39,bot1,1,success,21,0,0.428
50,0.2,39,bot2,1,success,21,0,3.244
50,0.2,39,bot3,1,success,21,0,4.121
50,0.2,39,bot4,1,success,21,0,28.914
50,0.2,40,bot1,1,success,19,0,0.253
50,0.2,40,bot2,1,success,19,0,3.299
50,0.2,40,bot3,1,success,19,0,3.391
50,0.2,40,bot4,1,success,19,0,25.72
50,0.2,41,bot1,0,button_burned,10,0,0.909
50,0.2,41,bot2,0,button_burned,10,0,9.265
50,0.2,41,bot3,0,button_burned,10,0,12.532
50,0.2,41,bot4,0,button_burned,10,0,22.384
50,0.2,42,bot1,1,success,21,0,0.258
50,0.2,42,bot2,1,success,21,0,3.409
50,0.2,42,bot3,1,success,21,0,3.783
50,0.2,42,bot4,1,success,21,0,28.895
50,0.2,43,bot1,1,success,37,0,0.372
50,0.2,43,bot2,1,success,37,0,9.694
50,0.2,43,bot3,1,success,37,0,10.36
50,0.2,43,bot4,1,success,37,0,52.605
50,0.2,44,bot1,1,success,14,0,0.195
50,0.2,44,bot2,1,success,14,0,2.236
50,0.2,44,bot3,1,success,14,0,2.503
50,0.2,44,bot4,1,success,14,0,21.077
50,0.2,45,bot1,1,success,15,0,0.194
50,0.2,45,bot2,1,success,15,0,2.129
50,0.2,45,bot3,1,success,15,0,2.663
50,0.2,45,bot4,1,success,15,0,20.488
50,0.2,46,bot1,1,success,76,0,1.046
50,0.2,46,bot2,1,success,76,0,64.23
50,0.2,46,bot3,1,success,76,0,57.099
50,0.2,46,bot4,1,success,76,0,160.373
50,0.2,47,bot1,1,success,41,0,0.767
50,0.2,47,bot2,1,success,41,0,22.236
50,0.2,47,bot3,1,success,41,0,16.053
50,0.2,47,bot4,1,success,41,0,74.658
50,0.2,48,bot1,1,success,22,0,0.365
50,0.2,48,bot2,1,success,22,0,4.335
50,0.2,48,bot3,1,success,22,0,4.385
50,0.2,48,bot4,1,success,22,0,29.612
50,0.2,49,bot1,1,success,47,0,0.571
50,0.2,49,bot2,1,success,47,0,13.823
50,0.2,49,bot3,1,success,47,0,13.844
50,0.2,49,bot4,1,success,47,0,69.968
50,0.2,50,bot1,1,success,27,0,0.423
50,0.2,50,bot2,1,success,27,0,6.454
50,0.2,50,bot3,1,success,27,0,6.463
50,0.2,50,bot4,1,success,27,0,42.62
50,0.2,51,bot1,1,success,12,0,0.233
50,0.2,51,bot2,1,success,12,0,2.113
50,0.2,51,bot3,1,success,12,0,1.611
50,0.2,51,bot4,1,success,12,0,16.195
50,0.2,52,bot1,1,success,11,0,0.187
50,0.2,52,bot2,1,success,11,0,1.455
50,0.2,52,bot3,1,success,11,0,1.909
50,0.2,52,bot4,1,success,11,0,16.757
50,0.2,53,bot1,0,entered_fire,12,3,1.51
50,0.2,53,bot2,0,caught,29,0,35.627
50,0.2,53,bot3,0,caught,29,0,33.65
50,0.2,53,bot4,1,success,72,0,193.043
50,0.2,54,bot1,1,success,40,0,0.549
50,0.2,54,bot2,1,success,40,0,12.482
50,0.2,54,bot3,1,success,40,0,13.811
50,0.2,54,bot4,1,success,40,0,67.887
50,0.2,55,bot1,1,success,61,0,1.074
50,0.2,55,bot2,1,success,61,0,39.219
50,0.2,55,bot3,1,success,61,0,49.807
50,0.2,55,bot4,1,success,61,0,123.989
50,0.2,56,bot1,1,success,52,0,0.825
50,0.2,56,bot2,1,success,52,0,25.827
50,0.2,56,bot3,1,success,52,0,24.21
50,0.2,56,bot4,1,success,52,0,100.47
50,0.2,57,bot1,1,success,25,0,0.405
50,0.2,57,bot2,1,success,25,0,12.84
50,0.2,57,bot3,1,success,25,0,5.884
50,0.2,57,bot4,1,success,25,0,36.798
50,0.2,58,bot1,1,success,25,0,0.427
50,0.2,58,bot2,1,success,25,0,6.359
50,0.2,58,bot3,1,success,25,0,5.299
50,0.2,58,bot4,1,success,25,0,35.41
50,0.2,59,bot1,1,success,31,0,0.381
50,0.2,59,bot2,1,success,31,0,7.224
50,0.2,59,bot3,1,success,31,0,8.909
50,0.2,59,bot4,1,success,31,0,48.759
50,0.2,60,bot1,1,success,12,0,0.183
50,0.2,60,bot2,1,success,12,0,1.767
50,0.2,60,bot3,1,success,12,0,2.141
50,0.2,60,bot4,1,success,12,0,20.255
50,0.2,61,bot1,1,success,36,0,0.861
50,0.2,61,bot2,1,success,36,0,12.524
50,0.2,61,bot3,1,success,36,0,12.215
50,0.2,61,bot4,1,success,36,0,70.29
50,0.2,62,bot1,1,success,19,0,0.481
50,0.2,62,bot2,1,success,19,0,3.431
50,0.2,62,bot3,1,success,19,0,3.601
50,0.2,62,bot4,1,success,19,0,26.249
50,0.2,63,bot1,1,success,26,0,0.729
50,0.2,63,bot2,1,success,26,0,5.673
50,0.2,63,bot3,1,success,26,0,5.7
50,0.2,63,bot4,1,success,26,0,38.817
50,0.2,64,bot1,1,success,19,0,0.34
50,0.2,64,bot2,1,success,19,0,3.324
50,0.2,64,bot3,1,success,19,0,3.788
50,0.2,64,bot4,1,success,19,0,40.932
50,0.2,65,bot1,1,success,36,0,0.64
50,0.2,65,bot2,1,success,36,0,9.951
50,0.2,65,bot3,1,success,36,0,9.145
50,0.2,65,bot4,1,success,36,0,73.329
50,0.2,66,bot1,1,success,25,0,0.445
50,0.2,66,bot2,1,success,25,0,6.031
50,0.2,66,bot3,1,success,25,0,13.686
50,0.2,66,bot4,1,success,25,0,34.967
50,0.2,67,bot1,1,success,46,0,0.698
50,0.2,67,bot2,1,success,46,0,17.787
50,0.2,67,bot3,1,success,46,0,15.601
50,0.2,67,bot4,1,success,46,0,66.694
50,0.2,68,bot1,1,success,41,0,0.946
50,0.2,68,bot2,1,success,41,0,15.215
50,0.2,68,bot3,1,success,41,0,18.075
50,0.2,68,bot4,1,success,41,0,91.183
50,0.2,69,bot1,1,success,40,0,0.444
50,0.2,69,bot2,1,success,40,0,12.796
50,0.2,69,bot3,1,success,40,0,11.092
50,0.2,69,bot4,1,success,40,0,57.566
50,0.2,70,bot1,1,success,57,0,1.289
50,0.2,70,bot2,1,success,57,0,27.316
50,0.2,70,bot3,1,success,61,2,33.284
50,0.2,70,bot4,1,success,61,2,103.966
50,0.2,71,bot1,1,success,77,0,1.238
50,0.2,71,bot2,1,success,77,0,46.499
50,0.2,71,bot3,1,success,77,0,49.187
50,0.2,71,bot4,1,success,77,0,140.058
50,0.2,72,bot1,0,button_burned,28,0,0.715
50,0.2,72,bot2,0,button_burned,28,0,15.646
50,0.2,72,bot3,0,button_burned,28,0,23.142
50,0.2,72,bot4,0,button_burned,28,0,44.424
50,0.2,73,bot1,1,success,69,0,0.91
50,0.2,73,bot2,1,success,69,0,39.505
50,0.2,73,bot3,1,success,69,0,43.365
50,0.2,73,bot4,1,success,69,0,103.999
50,0.2,74,bot1,0,entered_fire,15,1,1.077
50,0.2,74,bot2,1,success,51,0,26.897
50,0.2,74,bot3,1,success,51,0,21.274
50,0.2,74,bot4,1,success,51,0,72.73
50,0.2,75,bot1,1,success,23,0,0.282
50,0.2,75,bot2,1,success,23,0,4.339
50,0.2,75,bot3,1,success,23,0,4.547
50,0.2,75,bot4,1,success,23,0,32.485
50,0.2,76,bot1,1,success,28,0,0.446
50,0.2,76,bot2,1,success,28,0,6.422
50,0.2,76,bot3,1,success,28,0,6.539
50,0.2,76,bot4,1,success,28,0,39.209
50,0.2,77,bot1,1,success,52,0,0.821
50,0.2,77,bot2,1,success,52,0,22.399
50,0.2,77,bot3,1,success,52,0,27.563
50,0.2,77,bot4,1,success,52,0,83.117
50,0.2,78,bot1,1,success,55,0,0.928
50,0.2,78,bot2,1,success,55,0,27.34
50,0.2,78,bot3,1,success,55,0,28.853
50,0.2,78,bot4,1,success,55,0,87.628
50,0.2,79,bot1,1,success,71,0,1.617
50,0.2,79,bot2,1,success,71,0,37.024
50,0.2,79,bot3,1,success,71,0,40.165
50,0.2,79,bot4,1,success,71,0,116.737
50,0.2,80,bot1,1,success,52,0,1.263
50,0.2,80,bot2,1,success,52,0,19.123
50,0.2,80,bot3,1,success,52,0,18.404
50,0.2,80,bot4,1,success,52,0,91.495
50,0.2,81,bot1,1,success,53,0,1.576
50,0.2,81,bot2,1,success,53,0,26.376
50,0.2,81,bot3,1,success,53,0,26.021
50,0.2,81,bot4,1,success,53,0,78.585
50,0.2,82,bot1,0,entered_fire,51,0,1.577
50,0.2,82,bot2,0,trapped,43,0,39.153
50,0.2,82,bot3,0,trapped,43,0,33.205
50,0.2,82,bot4,0,trapped,43,0,74.185
50,0.2,83,bot1,0,button_burned,6,0,0.83
50,0.2,83,bot2,0,button_burned,6,0,5.037
50,0.2,83,bot3,0,button_burned,6,0,8.063
50,0.2,83,bot4,0,button_burned,6,0,9.969
50,0.2,84,bot1,1,success,47,0,0.569
50,0.2,84,bot2,1,success,47,0,15.172
50,0.2,84,bot3,1,success,47,0,16.579
50,0.2,84,bot4,1,success,47,0,67.208
50,0.2,85,bot1,1,success,39,0,0.959
50,0.2,85,bot2,1,success,39,0,14.357
50,0.2,85,bot3,1,success,39,0,16.624
50,0.2,85,bot4,1,success,39,0,57.309
50,0.2,86,bot1,1,success,14,0,0.198
50,0.2,86,bot2,1,success,14,0,2.04
50,0.2,86,bot3,1,success,14,0,2.142
50,0.2,86,bot4,1,success,14,0,20.052
50,0.2,87,bot1,0,button_burned,18,0,0.974
50,0.2,87,bot2,0,trapped,17,0,14.141
50,0.2,87,bot3,0,trapped,17,0,21.399
50,0.2,87,bot4,0,trapped,17,0,31.054
50,0.2,88,bot1,1,success,53,0,0.667
50,0.2,88,bot2,1,success,53,0,20.997
50,0.2,88,bot3,1,success,53,0,23.356
50,0.2,88,bot4,1,success,53,0,72.782
50,0.2,89,bot1,1,success,15,0,0.192
50,0.2,89,bot2,1,success,15,0,2.131
50,0.2,89,bot3,1,success,15,0,2.259
50,0.2,89,bot4,1,success,15,0,20.652
50,0.2,90,bot1,1,success,26,0,0.342
50,0.2,90,bot2,1,success,26,0,5.293
50,0.2,90,bot3,1,success,26,0,5.261
50,0.2,90,bot4,1,success,26,0,35.673
50,0.2,91,bot1,1,success,6,0,0.134
50,0.2,91,bot2,1,success,6,0,0.741
50,0.2,91,bot3,1,success,6,0,0.753
50,0.2,91,bot4,1,success,6,0,8.233
50,0.2,92,bot1,1,success,56,0,0.807
50,0.2,92,bot2,1,success,56,0,24.047
50,0.2,92,bot3,1,success,56,0,24.795
50,0.2,92,bot4,1,success,56,0,89.641
50,0.2,93,bot1,1,success,5,0,0.122
50,0.2,93,bot2,1,success,5,0,0.652
50,0.2,93,bot3,1,success,5,0,0.644
50,0.2,93,bot4,1,success,5,0,7.903
50,0.2,94,bot1,1,success,51,0,0.708
50,0.2,94,bot2,1,success,51,0,21.255
50,0.2,94,bot3,1,success,51,0,22.187
50,0.2,94,bot4,1,success,51,0,89.696
50,0.2,95,bot1,1,success,55,0,0.741
50,0.2,95,bot2,1,success,55,0,26.237
50,0.2,95,bot3,1,success,55,0,26.863
50,0.2,95,bot4,1,success,55,0,86.575
50,0.2,96,bot1,1,success,35,0,0.509
50,0.2,96,bot2,1,success,35,0,10.381
50,0.2,96,bot3,1,success,35,0,10.713
50,0.2,96,bot4,1,success,35,0,65.037
50,0.2,97,bot1,1,success,43,0,0.72
50,0.2,97,bot2,1,success,43,0,20.697
50,0.2,97,bot3,1,success,43,0,17.383
50,0.2,97,bot4,1,success,43,0,61.776
50,0.2,98,bot1,1,success,31,0,0.559
50,0.2,98,bot2,1,success,31,0,8.03
50,0.2,98,bot3,1,success,31,0,9.182
50,0.2,98,bot4,1,success,31,0,47.573
50,0.2,99,bot1,1,success,49,0,1.187
50,0.2,99,bot2,1,success,49,0,20.171
50,0.2,99,bot3,1,success,49,0,21.485
50,0.2,99,bot4,1,success,49,0,75.263
50,0.2,100,bot1,1,success,36,0,0.375
50,0.2,100,bot2,1,success,36,0,8.351
50,0.2,100,bot3,1,success,36,0,8.353
50,0.2,100,bot4,1,success,36,0,51.702
50,0.2,101,bot1,1,success,54,0,0.769
50,0.2,101,bot2,1,success,54,0,25.325
50,0.2,101,bot3,1,success,54,0,26.935
50,0.2,101,bot4,1,success,54,0,79.542
50,0.2,102,bot1,1,success,25,0,0.356
50,0.2,102,bot2,1,success,25,0,6.288
50,0.2,102,bot3,1,success,25,0,5.211
50,0.2,102,bot4,1,success,25,0,34.546
50,0.2,103,bot1,1,success,32,0,0.369
50,0.2,103,bot2,1,success,32,0,7.58
50,0.2,103,bot3,1,success,32,0,7.7
50,0.2,103,bot4,1,success,32,0,51.348
50,0.2,104,bot1,1,success,44,0,0.584
50,0.2,104,bot2,1,success,44,0,14.073
50,0.2,104,bot3,1,success,44,0,19.345
50,0.2,104,bot4,1,success,44,0,59.929
50,0.2,105,bot1,1,success,35,0,0.483
50,0.2,105,bot2,1,success,35,0,8.698
50,0.2,105,bot3,1,success,35,0,8.751
50,0.2,105,bot4,1,success,35,0,50.242
50,0.2,106,bot1,1,success,23,0,0.296
50,0.2,106,bot2,1,success,23,0,4.238
50,0.2,106,bot3,1,success,25,1,4.84
50,0.2,106,bot4,1,success,23,0,34.548
50,0.2,107,bot1,1,success,42,0,0.771
50,0.2,107,bot2,1,success,42,0,17.217
50,0.2,107,bot3,1,success,42,0,15.754
50,0.2,107,bot4,1,success,42,0,62.824
50,0.2,108,bot1,1,success,36,0,0.327
50,0.2,108,bot2,1,success,36,0,8.898
50,0.2,108,bot3,1,success,36,0,8.829
50,0.2,108,bot4,1,success,36,0,49.404
50,0.2,109,bot1,1,success,21,0,0.282
50,0.2,109,bot2,1,success,21,0,3.336
50,0.2,109,bot3,1,success,21,0,3.488
50,0.2,109,bot4,1,success,21,0,28.092
50,0.2,110,bot1,1,success,63,0,0.944
50,0.2,110,bot2,1,success,63,0,34.492
50,0.2,110,bot3,1,success,63,0,42.99
50,0.2,110,bot4,1,success,63,0,91.064
50,0.2,111,bot1,1,success,28,0,0.294
50,0.2,111,bot2,1,success,28,0,5.384
50,0.2,111,bot3,1,success,28,0,5.327
50,0.2,111,bot4,1,success,28,0,40.331
50,0.2,112,bot1,1,success,75,0,1.387
50,0.2,112,bot2,1,success,75,0,45.411
50,0.2,112,bot3,1,success,75,0,46.288
50,0.2,112,bot4,1,success,75,0,118.205
50,0.2,113,bot1,1,success,52,0,0.623
50,0.2,113,bot2,1,success,52,0,20.403
50,0.2,113,bot3,1,success,52,0,21.213
50,0.2,113,bot4,1,success,52,0,69.135
50,0.2,114,bot1,1,success,9,0,0.15
50,0.2,114,bot2,1,success,9,0,1.069
50,0.2,114,bot3,1,success,9,0,1.066
50,0.2,114,bot4,1,success,9,0,12.499
50,0.2,115,bot1,0,entered_fire,36,2,0.728
50,0.2,115,bot2,0,trapped,39,0,21.482
50,0.2,115,bot3,0,trapped,39,0,30.554
50,0.2,115,bot4,0,trapped,39,0,70.276
50,0.2,116,bot1,0,entered_fire,28,4,0.412
50,0.2,116,bot2,0,caught,43,0,13.82
50,0.2,116,bot3,1,success,60,4,18.614
50,0.2,116,bot4,1,success,60,4,79.554
50,0.2,117,bot1,1,success,54,0,0.65
50,0.2,117,bot2,1,success,54,0,21.503
50,0.2,117,bot3,1,success,54,0,19.995
50,0.2,117,bot4,1,success,54,0,78.651
50,0.2,118,bot1,1,success,28,0,0.227
50,0.2,118,bot2,1,success,28,0,4.807
50,0.2,118,bot3,1,success,28,0,5.302
50,0.2,118,bot4,1,success,28,0,36.836
50,0.2,119,bot1,1,success,46,0,0.541
50,0.2,119,bot2,1,success,46,0,17.559
50,0.2,119,bot3,1,success,46,0,15.965
50,0.2,119,bot4,1,success,46,0,59.912
50,0.2,120,bot1,1,success,70,0,1.578
50,0.2,120,bot2,1,success,70,0,46.547
50,0.2,120,bot3,1,success,70,0,47.027
50,0.2,120,bot4,1,success,70,0,109.052
50,0.2,121,bot1,1,success,38,0,0.527
50,0.2,121,bot2,1,success,38,0,11.375
50,0.2,121,bot3,1,success,38,0,11.692
50,0.2,121,bot4,1,success,38,0,52.39
50,0.2,122,bot1,1,success,29,0,0.497
50,0.2,122,bot2,1,success,29,0,6.117
50,0.2,122,bot3,1,success,29,0,7.115
50,0.2,122,bot4,1,success,29,0,39.324
50,0.2,123,bot1,1,success,72,0,1.122
50,0.2,123,bot2,1,success,72,0,43.126
50,0.2,123,bot3,1,success,72,0,48.398
50,0.2,123,bot4,1,success,72,0,120.143
50,0.2,124,bot1,1,success,32,0,0.438
50,0.2,124,bot2,1,success,32,0,7.378
50,0.2,124,bot3,1,success,32,0,10.009
50,0.2,124,bot4,1,success,32,0,44.775
50,0.2,125,bot1,1,success,29,0,0.385
50,0.2,125,bot2,1,success,29,0,6.416
50,0.2,125,bot3,1,success,29,0,6.396
50,0.2,125,bot4,1,success,29,0,46.475
50,0.2,126,bot1,0,button_burned,40,0,1.184
50,0.2,126,bot2,0,trapped,39,0,23.299
50,0.2,126,bot3,0,trapped,39,0,24.87
50,0.2,126,bot4,0,trapped,39,0,68.178
50,0.2,127,bot1,0,entered_fire,38,4,1.005
50,0.2,127,bot2,0,trapped,35,0,35.44
50,0.2,127,bot3,0,trapped,35,3,36.218
50,0.2,127,bot4,0,trapped,35,3,85.232
50,0.2,128,bot1,1,success,38,0,0.375
50,0.2,128,bot2,1,success,38,0,10.753
50,0.2,128,bot3,1,success,38,0,10.08
50,0.2,128,bot4,1,success,38,0,56.26
50,0.2,129,bot1,1,success,24,0,0.447
50,0.2,129,bot2,1,success,24,0,5.719
50,0.2,129,bot3,1,success,24,0,5.607
50,0.2,129,bot4,1,success,24,0,30.817
50,0.2,130,bot1,1,success,27,0,0.45
50,0.2,130,bot2,1,success,27,0,7.591
50,0.2,130,bot3,1,success,27,0,6.637
50,0.2,130,bot4,1,success,27,0,35.531
50,0.2,131,bot1,0,entered_fire,6,2,0.771
50,0.2,131,bot2,1,success,54,0,21.601
50,0.2,131,bot3,1,success,52,1,23.25
50,0.2,131,bot4,1,success,52,1,73.764
50,0.2,132,bot1,1,success,30,0,0.38
50,0.2,132,bot2,1,success,30,0,7.251
50,0.2,132,bot3,1,success,30,0,7.184
50,0.2,132,bot4,1,success,30,0,38.168
50,0.2,133,bot1,1,success,16,0,0.192
50,0.2,133,bot2,1,success,16,0,2.112
50,0.2,133,bot3,1,success,16,0,2.175
50,0.2,133,bot4,1,success,16,0,20.613
50,0.2,134,bot1,1,success,18,0,0.27
50,0.2,134,bot2,1,success,18,0,2.897
50,0.2,134,bot3,1,success,18,0,3.093
50,0.2,134,bot4,1,success,18,0,25.282
50,0.2,135,bot1,1,success,41,0,0.788
50,0.2,135,bot2,1,success,41,0,15.13
50,0.2,135,bot3,1,success,41,0,15.266
50,0.2,135,bot4,1,success,41,0,56.797
50,0.2,136,bot1,1,success,41,0,0.351
50,0.2,136,bot2,1,success,41,0,9.85
50,0.2,136,bot3,1,success,41,0,10.681
50,0.2,136,bot4,1,success,41,0,54.745
50,0.2,137,bot1,1,success,65,0,0.951
50,0.2,137,bot2,1,success,65,0,36.963
50,0.2,137,bot3,1,success,65,0,39.06
50,0.2,137,bot4,1,success,65,0,99.0
50,0.2,138,bot1,1,success,25,0,0.37
50,0.2,138,bot2,1,success,25,0,5.157
50,0.2,138,bot3,1,success,25,0,5.392
50,0.2,138,bot4,1,success,25,0,33.386
50,0.2,139,bot1,1,success,32,0,0.491
50,0.2,139,bot2,1,success,32,0,7.852
50,0.2,139,bot3,1,success,32,0,8.3
50,0.2,139,bot4,1,success,32,0,45.683
50,0.2,140,bot1,1,success,9,0,0.135
50,0.2,140,bot2,1,success,9,0,1.096
50,0.2,140,bot3,1,success,9,0,0.99
50,0.2,140,bot4,1,success,9,0,10.595
50,0.2,141,bot1,1,success,64,0,1.051
50,0.2,141,bot2,1,success,64,0,27.796
50,0.2,141,bot3,1,success,64,0,29.274
50,0.2,141,bot4,1,success,64,0,82.296
50,0.2,142,bot1,1,success,22,0,0.201
50,0.2,142,bot2,1,success,22,0,3.579
50,0.2,142,bot3,1,success,22,0,3.486
50,0.2,142,bot4,1,success,22,0,27.792
50,0.2,143,bot1,1,success,70,0,0.892
50,0.2,143,bot2,1,success,70,0,44.651
50,0.2,143,bot3,1,success,70,0,42.658
50,0.2,143,bot4,1,success,70,0,108.007
50,0.2,144,bot1,1,success,27,0,0.799
50,0.2,144,bot2,1,success,27,0,8.992
50,0.2,144,bot3,1,success,27,0,7.872
50,0.2,144,bot4,1,success,27,0,37.686
50,0.2,145,bot1,1,success,34,0,0.535
50,0.2,145,bot2,1,success,34,0,7.749
50,0.2,145,bot3,1,success,36,1,8.568
50,0.2,145,bot4,1,success,36,1,46.733
50,0.2,146,bot1,1,success,14,0,0.191
50,0.2,146,bot2,1,success,14,0,1.77
50,0.2,146,bot3,1,success,14,0,2.021
50,0.2,146,bot4,1,success,14,0,17.885
50,0.2,147,bot1,1,success,35,0,0.655
50,0.2,147,bot2,1,success,35,0,11.902
50,0.2,147,bot3,1,success,35,0,10.779
50,0.2,147,bot4,1,success,35,0,52.301
50,0.2,148,bot1,1,success,28,0,0.42
50,0.2,148,bot2,1,success,28,0,5.629
50,0.2,148,bot3,1,success,28,0,6.094
50,0.2,148,bot4,1,success,28,0,38.779
50,0.2,149,bot1,1,success,78,0,1.113
50,0.2,149,bot2,1,success,78,0,71.424
50,0.2,149,bot3,1,success,78,0,54.238
50,0.2,149,bot4,1,success,78,0,132.088
50,0.2,150,bot1,1,success,24,0,0.327
50,0.2,150,bot2,1,success,24,0,4.651
50,0.2,150,bot3,1,success,24,0,4.784
50,0.2,150,bot4,1,success,24,0,34.116
50,0.2,151,bot1,1,success,51,0,0.866
50,0.2,151,bot2,1,success,51,0,22.172
50,0.2,151,bot3,1,success,51,0,24.943
50,0.2,151,bot4,1,success,51,0,80.25
50,0.2,152,bot1,0,entered_fire,13,1,0.826
50,0.2,152,bot2,1,success,52,0,23.129
50,0.2,152,bot3,1,success,52,0,22.871
50,0.2,152,bot4,1,success,52,0,75.713
50,0.2,153,bot1,1,success,30,0,0.562
50,0.2,153,bot2,1,success,30,0,7.845
50,0.2,153,bot3,1,success,30,0,7.916
50,0.2,153,bot4,1,success,30,0,40.08
50,0.2,154,bot1,1,success,52,0,0.724
50,0.2,154,bot2,1,success,52,0,25.92
50,0.2,154,bot3,1,success,52,0,27.312
50,0.2,154,bot4,1,success,52,0,78.081
50,0.2,155,bot1,1,success,13,0,0.205
50,0.2,155,bot2,1,success,13,0,1.816
50,0.2,155,bot3,1,success,13,0,2.055
50,0.2,155,bot4,1,success,13,0,17.617
50,0.2,156,bot1,1,success,49,0,0.634
50,0.2,156,bot2,1,success,49,0,18.323
50,0.2,156,bot3,1,success,49,0,18.519
50,0.2,156,bot4,1,success,49,0,66.911
50,0.2,157,bot1,1,success,26,0,0.318
50,0.2,157,bot2,1,success,26,0,6.065
50,0.2,157,bot3,1,success,26,0,5.624
50,0.2,157,bot4,1,success,26,0,34.86
50,0.2,158,bot1,1,success,48,0,0.775
50,0.2,158,bot2,1,success,48,0,19.178
50,0.2,158,bot3,1,success,48,0,19.824
50,0.2,158,bot4,1,success,48,0,68.4
50,0.2,159,bot1,1,success,28,0,0.457
50,0.2,159,bot2,1,success,28,0,6.428
50,0.2,159,bot3,1,success,28,0,6.52
50,0.2,159,bot4,1,success,28,0,44.539
50,0.2,160,bot1,1,success,23,0,0.319
50,0.2,160,bot2,1,success,23,0,4.174
50,0.2,160,bot3,1,success,23,0,4.176
50,0.2,160,bot4,1,success,23,0,30.797
50,0.2,161,bot1,1,success,57,0,0.703
50,0.2,161,bot2,1,success,57,0,23.356
50,0.2,161,bot3,1,success,57,0,27.805
50,0.2,161,bot4,1,success,57,0,98.956
50,0.2,162,bot1,1,success,51,0,0.952
50,0.2,162,bot2,1,success,51,0,23.856
50,0.2,162,bot3,1,success,51,0,24.217
50,0.2,162,bot4,1,success,51,0,69.778
50,0.2,163,bot1,1,success,28,0,0.387
50,0.2,163,bot2,1,success,28,0,6.182
50,0.2,163,bot3,1,success,28,0,5.813
50,0.2,163,bot4,1,success,28,0,38.751
50,0.2,164,bot1,1,success,15,0,0.187
50,0.2,164,bot2,1,success,15,0,2.088
50,0.2,164,bot3,1,success,15,0,2.808
50,0.2,164,bot4,1,success,15,0,22.522
50,0.2,165,bot1,0,entered_fire,31,2,1.38
50,0.2,165,bot2,1,success,56,0,30.34
50,0.2,165,bot3,1,success,56,0,30.799
50,0.2,165,bot4,1,success,56,0,97.292
50,0.2,166,bot1,0,entered_fire,52,12,0.978
50,0.2,166,bot2,0,trapped,47,0,45.48
50,0.2,166,bot3,0,trapped,47,0,53.358
50,0.2,166,bot4,0,trapped,47,0,97.946
50,0.2,167,bot1,1,success,36,0,0.413
50,0.2,167,bot2,1,success,36,0,12.3
50,0.2,167,bot3,1,success,36,0,10.133
50,0.2,167,bot4,1,success,36,0,58.893
50,0.2,168,bot1,1,success,32,0,0.527
50,0.2,168,bot2,1,success,32,0,9.4
50,0.2,168,bot3,1,success,32,0,9.289
50,0.2,168,bot4,1,success,32,0,47.502
50,0.2,169,bot1,1,success,43,0,0.623
50,0.2,169,bot2,1,success,43,0,16.131
50,0.2,169,bot3,1,success,43,0,15.379
50,0.2,169,bot4,1,success,43,0,54.893
50,0.2,170,bot1,1,success,43,0,0.413
50,0.2,170,bot2,1,success,43,0,11.587
50,0.2,170,bot3,1,success,43,0,11.654
50,0.2,170,bot4,1,success,43,0,62.024
50,0.2,171,bot1,1,success,72,0,2.148
50,0.2,171,bot2,1,success,72,0,49.187
50,0.2,171,bot3,1,success,72,0,53.295
50,0.2,171,bot4,1,success,72,0,112.443
50,0.2,172,bot1,1,success,41,0,0.546
50,0.2,172,bot2,1,success,41,0,13.607
50,0.2,172,bot3,1,success,41,0,13.042
50,0.2,172,bot4,1,success,41,0,58.199
50,0.2,173,bot1,1,success,67,0,0.927
50,0.2,173,bot2,1,success,67,0,39.184
50,0.2,173,bot3,1,success,67,0,40.229
50,0.2,173,bot4,1,success,67,0,102.544
50,0.2,174,bot1,1,success,21,0,0.447
50,0.2,174,bot2,1,success,21,0,4.531
50,0.2,174,bot3,1,success,21,0,4.429
50,0.2,174,bot4,1,success,21,0,28.332
50,0.2,175,bot1,1,success,19,0,0.263
50,0.2,175,bot2,1,success,19,0,3.073
50,0.2,175,bot3,1,success,19,0,3.14
50,0.2,175,bot4,1,success,19,0,26.328
50,0.2,176,bot1,1,success,61,0,1.065
50,0.2,176,bot2,1,success,61,0,34.033
50,0.2,176,bot3,1,success,61,0,33.815
50,0.2,176,bot4,1,success,61,0,95.683
50,0.2,177,bot1,1,success,40,0,0.562
50,0.2,177,bot2,1,success,40,0,12.57
50,0.2,177,bot3,1,success,40,0,12.287
50,0.2,177,bot4,1,success,40,0,54.948
50,0.2,178,bot1,1,success,39,0,0.523
50,0.2,178,bot2,1,success,39,0,11.883
50,0.2,178,bot3,1,success,39,0,11.836
50,0.2,178,bot4,1,success,39,0,58.494
50,0.2,179,bot1,1,success,61,0,1.032
50,0.2,179,bot2,1,success,61,0,29.352
50,0.2,179,bot3,1,success,61,0,28.106
50,0.2,179,bot4,1,success,61,0,96.586
50,0.2,180,bot1,1,success,40,0,0.831
50,0.2,180,bot2,1,success,40,0,15.411
50,0.2,180,bot3,1,success,40,0,16.235
50,0.2,180,bot4,1,success,40,0,58.377
50,0.2,181,bot1,1,success,29,0,0.261
50,0.2,181,bot2,1,success,29,0,5.5
50,0.2,181,bot3,1,success,29,0,5.796
50,0.2,181,bot4,1,success,29,0,35.801
50,0.2,182,bot1,1,success,54,0,0.475
50,0.2,182,bot2,1,success,54,0,17.382
50,0.2,182,bot3,1,success,54,0,22.61
50,0.2,182,bot4,1,success,54,0,77.797
50,0.2,183,bot1,1,success,37,0,0.46
50,0.2,183,bot2,1,success,37,0,8.636
50,0.2,183,bot3,1,success,37,0,16.387
50,0.2,183,bot4,1,success,37,0,53.481
50,0.2,184,bot1,1,success,67,0,0.967
50,0.2,184,bot2,1,success,67,0,41.8
50,0.2,184,bot3,1,success,67,0,44.893
50,0.2,184,bot4,1,success,67,0,110.524
50,0.2,185,bot1,1,success,75,0,0.919
50,0.2,185,bot2,1,success,75,0,42.809
50,0.2,185,bot3,1,success,75,0,45.779
50,0.2,185,bot4,1,success,75,0,113.162
50,0.2,186,bot1,1,success,64,0,0.861
50,0.2,186,bot2,1,success,64,0,29.584
50,0.2,186,bot3,1,success,64,0,31.806
50,0.2,186,bot4,1,success,64,0,97.554
50,0.2,187,bot1,1,success,21,0,0.323
50,0.2,187,bot2,1,success,21,0,3.859
50,0.2,187,bot3,1,success,21,0,4.019
50,0.2,187,bot4,1,success,21,0,32.391
50,0.2,188,bot1,1,success,27,0,0.278
50,0.2,188,bot2,1,success,27,0,5.061
50,0.2,188,bot3,1,success,27,0,5.572
50,0.2,188,bot4,1,success,27,0,37.992
50,0.2,189,bot1,1,success,37,0,0.811
50,0.2,189,bot2,1,success,37,0,11.638
50,0.2,189,bot3,1,success,37,0,11.755
50,0.2,189,bot4,1,success,37,0,53.386
50,0.2,190,bot1,1,success,29,0,0.382
50,0.2,190,bot2,1,success,29,0,6.448
50,0.2,190,bot3,1,success,29,0,6.88
50,0.2,190,bot4,1,success,29,0,40.289
50,0.2,191,bot1,0,caught,29,0,0.669
50,0.2,191,bot2,0,caught,29,0,12.012
50,0.2,191,bot3,0,caught,29,0,14.797
50,0.2,191,bot4,0,caught,29,0,43.727
50,0.2,192,bot1,1,success,24,0,0.257
50,0.2,192,bot2,1,success,24,0,4.322
50,0.2,192,bot3,1,success,24,0,4.226
50,0.2,192,bot4,1,success,24,0,33.06
50,0.2,193,bot1,1,success,21,0,0.273
50,0.2,193,bot2,1,success,21,0,3.525
50,0.2,193,bot3,1,success,21,0,3.598
50,0.2,193,bot4,1,success,21,0,32.052
50,0.2,194,bot1,1,success,50,0,2.254
50,0.2,194,bot2,1,success,50,0,24.336
50,0.2,194,bot3,1,success,50,0,23.702
50,0.2,194,bot4,1,success,50,0,75.829
50,0.2,195,bot1,1,success,36,0,0.684
50,0.2,195,bot2,1,success,36,0,11.962
50,0.2,195,bot3,1,success,36,0,12.844
50,0.2,195,bot4,1,success,36,0,80.632
50,0.2,196,bot1,1,success,36,0,0.517
50,0.2,196,bot2,1,success,36,0,10.54
50,0.2,196,bot3,1,success,36,0,10.771
50,0.2,196,bot4,1,success,36,0,58.933
50,0.2,197,bot1,1,success,67,0,1.05
50,0.2,197,bot2,1,success,67,0,36.967
50,0.2,197,bot3,1,success,67,0,38.857
50,0.2,197,bot4,1,success,67,0,97.988
50,0.2,198,bot1,0,caught,65,5,1.055
50,0.2,198,bot2,0,caught,100,0,65.508
50,0.2,198,bot3,0,caught,100,0,76.32
50,0.2,198,bot4,0,caught,100,1,153.107
50,0.2,199,bot1,1,success,35,0,0.481
50,0.2,199,bot2,1,success,35,0,9.967
50,0.2,199,bot3,1,success,35,0,9.917
50,0.2,199,bot4,1,success,35,0,46.762
50,0.25,0,bot1,0,entered_fire,25,7,1.546
50,0.25,0,bot2,1,success,97,0,78.086
50,0.25,0,bot3,1,success,87,6,65.992
50,0.25,0,bot4,1,success,87,8,156.604
50,0.25,1,bot1,1,success,37,0,0.576
50,0.25,1,bot2,1,success,37,0,10.782
50,0.25,1,bot3,1,success,37,0,10.868
50,0.25,1,bot4,1,success,37,0,49.239
50,0.25,2,bot1,0,caught,7,0,0.474
50,0.25,2,bot2,0,caught,7,0,3.146
50,0.25,2,bot3,1,success,38,3,10.599
50,0.25,2,bot4,1,success,38,3,54.769
50,0.25,3,bot1,1,success,43,0,0.608
50,0.25,3,bot2,1,success,43,0,15.514
50,0.25,3,bot3,1,success,43,0,15.628
50,0.25,3,bot4,1,success,43,0,59.067
50,0.25,4,bot1,1,success,35,0,0.466
50,0.25,4,bot2,1,success,35,0,8.619
50,0.25,4,bot3,1,success,35,0,9.24
50,0.25,4,bot4,1,success,35,0,48.19
50,0.25,5,bot1,1,success,41,0,0.797
50,0.25,5,bot2,1,success,41,0,14.677
50,0.25,5,bot3,1,success,41,0,16.229
50,0.25,5,bot4,1,success,41,0,57.755
50,0.25,6,bot1,1,success,68,0,0.741
50,0.25,6,bot2,1,success,68,0,34.235
50,0.25,6,bot3,1,success,68,0,35.36
50,0.25,6,bot4,1,success,68,0,95.074
50,0.25,7,bot1,1,success,43,0,0.535
50,0.25,7,bot2,1,success,43,0,15.25
50,0.25,7,bot3,1,success,43,0,15.846
50,0.25,7,bot4,1,success,43,0,62.337
50,0.25,8,bot1,1,success,60,0,0.867
50,0.25,8,bot2,1,success,60,0,30.156
50,0.25,8,bot3,1,success,62,1,35.971
50,0.25,8,bot4,1,success,60,0,88.802
50,0.25,9,bot1,1,success,6,0,0.119
50,0.25,9,bot2,1,success,6,0,0.713
50,0.25,9,bot3,1,success,6,0,0.727
50,0.25,9,bot4,1,success,6,0,7.631
50,0.25,10,bot1,1,success,34,0,0.389
50,0.25,10,bot2,1,success,34,0,7.831
50,0.25,10,bot3,1,success,34,0,9.46
50,0.25,10,bot4,1,success,34,0,47.018
50,0.25,11,bot1,1,success,40,0,0.698
50,0.25,11,bot2,1,success,40,0,13.009
50,0.25,11,bot3,1,success,40,0,14.796
50,0.25,11,bot4,1,success,40,0,54.664
50,0.25,12,bot1,1,success,40,0,0.571
50,0.25,12,bot2,1,success,40,0,11.438
50,0.25,12,bot3,1,success,40,0,11.567
50,0.25,12,bot4,1,success,40,0,53.264
50,0.25,13,bot1,0,button_burned,40,0,0.925
50,0.25,13,bot2,0,button_burned,40,0,37.404
50,0.25,13,bot3,0,button_burned,40,0,48.807
50,0.25,13,bot4,0,button_burned,40,0,97.432
50,0.25,14,bot1,1,success,40,0,0.465
50,0.25,14,bot2,1,success,40,0,10.488
50,0.25,14,bot3,1,success,40,0,10.23
50,0.25,14,bot4,1,success,40,0,68.799
50,0.25,15,bot1,1,success,69,0,1.107
50,0.25,15,bot2,1,success,69,0,41.137
50,0.25,15,bot3,1,success,69,0,41.034
50,0.25,15,bot4,1,success,69,0,111.538
50,0.25,16,bot1,0,caught,45,3,0.862
50,0.25,16,bot2,0,button_burned,46,0,36.735
50,0.25,16,bot3,0,button_burned,46,0,48.516
50,0.25,16,bot4,0,button_burned,46,0,80.818
50,0.25,17,bot1,1,success,43,0,0.968
50,0.25,17,bot2,1,success,43,0,15.532
50,0.25,17,bot3,1,success,43,0,16.474
50,0.25,17,bot4,1,success,43,0,59.444
50,0.25,18,bot1,1,success,15,0,0.21
50,0.25,18,bot2,1,success,15,0,2.159
50,0.25,18,bot3,1,success,15,0,2.237
50,0.25,18,bot4,1,success,15,0,18.405
50,0.25,19,bot1,1,success,49,0,0.547
50,0.25,19,bot2,1,success,49,0,18.449
50,0.25,19,bot3,1,success,49,0,20.164
50,0.25,19,bot4,1,success,49,0,73.47
50,0.25,20,bot1,1,success,61,0,1.013
50,0.25,20,bot2,1,success,61,0,34.367
50,0.25,20,bot3,1,success,61,0,35.151
50,0.25,20,bot4,1,success,61,0,86.232
50,0.25,21,bot1,1,success,39,0,0.493
50,0.25,21,bot2,1,success,39,0,12.87
50,0.25,21,bot3,1,success,39,0,11.43
50,0.25,21,bot4,1,success,39,0,57.291
50,0.25,22,bot1,1,success,18,0,0.224
50,0.25,22,bot2,1,success,18,0,2.636
50,0.25,22,bot3,1,success,18,0,2.844
50,0.25,22,bot4,1,success,18,0,23.931
50,0.25,23,bot1,0,button_burned,48,6,0.856
50,0.25,23,bot2,0,button_burned,48,0,40.175
50,0.25,23,bot3,0,button_burned,48,1,49.568
50,0.25,23,bot4,0,button_burned,48,0,79.574
50,0.25,24,bot1,0,entered_fire,28,1,0.504
50,0.25,24,bot2,1,success,49,0,14.071
50,0.25,24,bot3,1,success,49,2,14.396
50,0.25,24,bot4,1,success,43,2,56.677
50,0.25,25,bot1,1,success,10,0,0.15
50,0.25,25,bot2,1,success,10,0,1.256
50,0.25,25,bot3,1,success,10,0,1.391
50,0.25,25,bot4,1,success,10,0,13.369
50,0.25,26,bot1,1,success,75,0,1.156
50,0.25,26,bot2,1,success,75,0,58.59
50,0.25,26,bot3,1,success,75,0,41.506
50,0.25,26,bot4,1,success,75,0,113.183
50,0.25,27,bot1,1,success,93,0,1.021
50,0.25,27,bot2,1,success,93,0,69.775
50,0.25,27,bot3,1,success,103,5,99.97
50,0.25,27,bot4,1,success,93,0,152.574
50,0.25,28,bot1,0,entered_fire,23,7,0.47
50,0.25,28,bot2,0,button_burned,69,0,45.541
50,0.25,28,bot3,0,button_burned,69,4,51.509
50,0.25,28,bot4,0,button_burned,69,0,144.272
50,0.25,29,bot1,1,success,18,0,0.257
50,0.25,29,bot2,1,success,18,0,2.788
50,0.25,29,bot3,1,success,18,0,2.551
50,0.25,29,bot4,1,success,18,0,24.024
50,0.25,30,bot1,1,success,26,0,0.306
50,0.25,30,bot2,1,success,26,0,6.125
50,0.25,30,bot3,1,success,26,0,5.554
50,0.25,30,bot4,1,success,26,0,37.697
50,0.25,31,bot1,1,success,41,0,0.593
50,0.25,31,bot2,1,success,41,0,12.988
50,0.25,31,bot3,1,success,41,0,13.595
50,0.25,31,bot4,1,success,41,0,52.792
50,0.25,32,bot1,1,success,40,0,0.707
50,0.25,32,bot2,1,success,40,0,14.445
50,0.25,32,bot3,1,success,40,0,14.872
50,0.25,32,bot4,1,success,40,0,53.735
50,0.25,33,bot1,1,success,14,0,0.181
50,0.25,33,bot2,1,success,14,0,2.106
50,0.25,33,bot3,1,success,14,0,2.075
50,0.25,33,bot4,1,success,14,0,23.144
50,0.25,34,bot1,1,success,6,0,0.133
50,0.25,34,bot2,1,success,6,0,0.721
50,0.25,34,bot3,1,success,6,0,0.692
50,0.25,34,bot4,1,success,6,0,7.72
50,0.25,35,bot1,1,success,43,0,0.707
50,0.25,35,bot2,1,success,43,0,23.092
50,0.25,35,bot3,1,success,43,0,17.684
50,0.25,35,bot4,1,success,43,0,60.877
50,0.25,36,bot1,1,success,62,0,0.895
50,0.25,36,bot2,1,success,62,0,28.177
50,0.25,36,bot3,1,success,62,0,29.505
50,0.25,36,bot4,1,success,62,0,88.641
50,0.25,37,bot1,1,success,25,0,0.31
50,0.25,37,bot2,1,success,25,0,4.022
50,0.25,37,bot3,1,success,25,0,4.346
50,0.25,37,bot4,1,success,25,0,32.578
50,0.25,38,bot1,1,success,12,0,0.18
50,0.25,38,bot2,1,success,12,0,1.564
50,0.25,38,bot3,1,success,12,0,1.588
50,0.25,38,bot4,1,success,12,0,17.071
50,0.25,39,bot1,1,success,21,0,0.27
50,0.25,39,bot2,1,success,21,0,2.949
50,0.25,39,bot3,1,success,21,0,3.052
50,0.25,39,bot4,1,success,21,0,26.076
50,0.25,40,bot1,1,success,19,0,0.317
50,0.25,40,bot2,1,success,19,0,3.013
50,0.25,40,bot3,1,success,19,0,3.607
50,0.25,40,bot4,1,success,19,0,26.383
50,0.25,41,bot1,0,button_burned,15,0,0.865
50,0.25,41,bot2,0,button_burned,15,0,13.997
50,0.25,41,bot3,0,button_burned,15,0,20.176
50,0.25,41,bot4,0,button_burned,15,0,40.35
50,0.25,42,bot1,1,success,21,0,0.293
50,0.25,42,bot2,1,success,21,0,5.53
50,0.25,42,bot3,1,success,21,0,3.683
50,0.25,42,bot4,1,success,21,0,26.852
50,0.25,43,bot1,1,success,37,0,0.371
50,0.25,43,bot2,1,success,37,0,8.999
50,0.25,43,bot3,1,success,37,0,10.878
50,0.25,43,bot4,1,success,37,0,51.606
50,0.25,44,bot1,1,success,14,0,0.239
50,0.25,44,bot2,1,success,14,0,1.878
50,0.25,44,bot3,1,success,14,0,1.981
50,0.25,44,bot4,1,success,14,0,19.084
50,0.25,45,bot1,1,success,15,0,0.162
50,0.25,45,bot2,1,success,15,0,2.055
50,0.25,45,bot3,1,success,15,0,2.169
50,0.25,45,bot4,1,success,15,0,19.856
50,0.25,46,bot1,1,success,76,0,0.935
50,0.25,46,bot2,1,success,76,0,72.704
50,0.25,46,bot3,1,success,76,0,53.819
50,0.25,46,bot4,1,success,76,0,118.968
50,0.25,47,bot1,1,success,41,0,0.728
50,0.25,47,bot2,1,success,41,0,13.158
50,0.25,47,bot3,1,success,41,0,14.46
50,0.25,47,bot4,1,success,41,0,57.066
50,0.25,48,bot1,1,success,22,0,0.345
50,0.25,48,bot2,1,success,22,0,3.982
50,0.25,48,bot3,1,success,22,0,4.062
50,0.25,48,bot4,1,success,22,0,27.33
50,0.25,49,bot1,1,success,47,0,0.454
50,0.25,49,bot2,1,success,47,0,12.19
50,0.25,49,bot3,1,success,47,0,12.841
50,0.25,49,bot4,1,success,47,0,62.858
50,0.25,50,bot1,1,success,27,0,0.472
50,0.25,50,bot2,1,success,27,0,6.799
50,0.25,50,bot3,1,success,27,0,5.893
50,0.25,50,bot4,1,success,27,0,35.991
50,0.25,51,bot1,1,success,12,0,0.188
50,0.25,51,bot2,1,success,12,0,1.632
50,0.25,51,bot3,1,success,12,0,1.638
50,0.25,51,bot4,1,success,12,0,16.41
50,0.25,52,bot1,1,success,11,0,0.171
50,0.25,52,bot2,1,success,11,0,1.365
50,0.25,52,bot3,1,success,11,0,1.4
50,0.25,52,bot4,1,success,11,0,13.621
50,0.25,53,bot1,0,caught,12,3,1.152
50,0.25,53,bot2,0,caught,23,0,18.076
50,0.25,53,bot3,1,success,82,3,45.175
50,0.25,53,bot4,1,success,80,3,128.613
50,0.25,54,bot1,1,success,40,0,0.574
50,0.25,54,bot2,1,success,40,0,14.132
50,0.25,54,bot3,1,success,40,0,15.379
50,0.25,54,bot4,1,success,40,0,55.197
50,0.25,55,bot1,1,success,61,0,1.028
50,0.25,55,bot2,1,success,61,0,33.343
50,0.25,55,bot3,1,success,61,0,38.021
50,0.25,55,bot4,1,success,61,0,93.621
50,0.25,56,bot1,1,success,52,0,0.725
50,0.25,56,bot2,1,success,52,0,21.451
50,0.25,56,bot3,1,success,52,0,23.757
50,0.25,56,bot4,1,success,52,0,72.825
50,0.25,57,bot1,1,success,25,0,0.347
50,0.25,57,bot2,1,success,25,0,5.238
50,0.25,57,bot3,1,success,25,0,5.155
50,0.25,57,bot4,1,success,25,0,35.581
50,0.25,58,bot1,1,success,25,0,0.283
50,0.25,58,bot2,1,success,25,0,4.987
50,0.25,58,bot3,1,success,25,0,5.141
50,0.25,58,bot4,1,success,25,0,33.943
50,0.25,59,bot1,1,success,31,0,0.345
50,0.25,59,bot2,1,success,31,0,6.853
50,0.25,59,bot3,1,success,31,0,7.718
50,0.25,59,bot4,1,success,31,0,40.087
50,0.25,60,bot1,1,success,12,0,0.171
50,0.25,60,bot2,1,success,12,0,1.553
50,0.25,60,bot3,1,success,12,0,1.532
50,0.25,60,bot4,1,success,12,0,14.865
50,0.25,61,bot1,1,success,36,0,0.548
50,0.25,61,bot2,1,success,36,0,11.029
50,0.25,61,bot3,1,success,36,0,10.771
50,0.25,61,bot4,1,success,36,0,48.942
50,0.25,62,bot1,1,success,19,0,0.296
50,0.25,62,bot2,1,success,19,0,3.478
50,0.25,62,bot3,1,success,19,0,3.673
50,0.25,62,bot4,1,success,19,0,25.779
50,0.25,63,bot1,1,success,26,0,0.467
50,0.25,63,bot2,1,success,26,0,5.216
50,0.25,63,bot3,1,success,26,0,5.462
50,0.25,63,bot4,1,success,26,0,34.516
50,0.25,64,bot1,1,success,19,0,0.216
50,0.25,64,bot2,1,success,19,0,2.801
50,0.25,64,bot3,1,success,19,0,3.168
50,0.25,64,bot4,1,success,19,0,25.367
50,0.25,65,bot1,1,success,36,0,0.379
50,0.25,65,bot2,1,success,36,0,7.362
50,0.25,65,bot3,1,success,36,0,7.598
50,0.25,65,bot4,1,success,36,0,51.516
50,0.25,66,bot1,0,button_burned,6,0,0.371
50,0.25,66,bot2,0,button_burned,6,0,1.961
50,0.25,66,bot3,0,button_burned,6,0,3.545
50,0.25,66,bot4,0,button_burned,6,0,8.304
50,0.25,67,bot1,1,success,46,0,0.717
50,0.25,67,bot2,1,success,46,0,14.408
50,0.25,67,bot3,1,success,46,0,17.307
50,0.25,67,bot4,1,success,46,0,68.057
50,0.25,68,bot1,1,success,41,0,0.858
50,0.25,68,bot2,1,success,41,0,15.223
50,0.25,68,bot3,1,success,41,0,27.848
50,0.25,68,bot4,1,success,41,0,55.909
50,0.25,69,bot1,1,success,40,0,0.401
50,0.25,69,bot2,1,success,40,0,9.577
50,0.25,69,bot3,1,success,40,0,10.994
50,0.25,69,bot4,1,success,40,0,57.784
50,0.25,70,bot1,0,entered_fire,5,1,0.703
50,0.25,70,bot2,0,caught,5,0,3.341
50,0.25,70,bot3,1,success,61,2,32.939
50,0.25,70,bot4,1,success,61,2,106.458
50,0.25,71,bot1,1,success,77,0,1.261
50,0.25,71,bot2,1,success,77,0,43.692
50,0.25,71,bot3,1,success,77,0,45.73
50,0.25,71,bot4,1,success,77,0,137.321
50,0.25,72,bot1,0,button_burned,41,0,1.756
50,0.25,72,bot2,0,button_burned,41,0,18.2
50,0.25,72,bot3,0,button_burned,41,0,26.27
50,0.25,72,bot4,0,button_burned,41,0,62.085
50,0.25,73,bot1,1,success,69,0,1.085
50,0.25,73,bot2,1,success,69,0,38.794
50,0.25,73,bot3,1,success,69,0,43.246
50,0.25,73,bot4,1,success,69,0,121.562
50,0.25,74,bot1,0,entered_fire,14,3,0.706
50,0.25,74,bot2,1,success,51,0,22.371
50,0.25,74,bot3,1,success,51,0,32.63
50,0.25,74,bot4,1,success,51,0,100.642
50,0.25,75,bot1,1,success,23,0,0.27
50,0.25,75,bot2,1,success,23,0,4.082
50,0.25,75,bot3,1,success,23,0,4.328
50,0.25,75,bot4,1,success,23,0,31.357
50,0.25,76,bot1,1,success,28,0,0.412
50,0.25,76,bot2,1,success,28,0,6.233
50,0.25,76,bot3,1,success,28,0,6.602
50,0.25,76,bot4,1,success,28,0,37.483
50,0.25,77,bot1,1,success,52,0,0.809
50,0.25,77,bot2,1,success,52,0,23.9
50,0.25,77,bot3,1,success,52,0,24.651
50,0.25,77,bot4,1,success,52,0,71.335
50,0.25,78,bot1,1,success,55,0,0.863
50,0.25,78,bot2,1,success,55,0,26.299
50,0.25,78,bot3,1,success,55,0,26.297
50,0.25,78,bot4,1,success,55,0,79.865
50,0.25,79,bot1,1,success,71,0,0.948
50,0.25,79,bot2,1,success,71,0,39.059
50,0.25,79,bot3,1,success,71,0,41.838
50,0.25,79,bot4,1,success,71,0,108.733
50,0.25,80,bot1,1,success,52,0,0.634
50,0.25,80,bot2,1,success,52,0,15.803
50,0.25,80,bot3,1,success,52,0,18.437
50,0.25,80,bot4,1,success,52,0,78.182
50,0.25,81,bot1,1,success,53,0,0.856
50,0.25,81,bot2,1,success,53,0,24.44
50,0.25,81,bot3,1,success,53,0,25.528
50,0.25,81,bot4,1,success,53,0,73.685
50,0.25,82,bot1,0,entered_fire,51,0,0.942
50,0.25,82,bot2,0,trapped,38,0,26.615
50,0.25,82,bot3,0,trapped,38,0,33.662
50,0.25,82,bot4,0,trapped,38,0,65.449
50,0.25,83,bot1,0,button_burned,6,0,0.97
50,0.25,83,bot2,0,button_burned,6,0,5.505
50,0.25,83,bot3,0,button_burned,6,0,8.084
50,0.25,83,bot4,0,button_burned,6,0,11.175
50,0.25,84,bot1,1,success,47,0,0.57
50,0.25,84,bot2,1,success,47,0,15.547
50,0.25,84,bot3,1,success,47,0,19.348
50,0.25,84,bot4,1,success,47,0,69.678
50,0.25,85,bot1,1,success,39,0,0.676
50,0.25,85,bot2,1,success,39,0,14.895
50,0.25,85,bot3,1,success,39,0,14.876
50,0.25,85,bot4,1,success,39,0,61.464
50,0.25,86,bot1,1,success,14,0,0.212
50,0.25,86,bot2,1,success,14,0,2.04
50,0.25,86,bot3,1,success,14,0,2.118
50,0.25,86,bot4,1,success,14,0,19.794
50,0.25,87,bot1,0,button_burned,18,0,1.076
50,0.25,87,bot2,0,trapped,13,0,15.723
50,0.25,87,bot3,0,trapped,13,0,16.493
50,0.25,87,bot4,0,trapped,13,0,26.919
50,0.25,88,bot1,1,success,53,0,0.751
50,0.25,88,bot2,1,success,53,0,22.566
50,0.25,88,bot3,1,success,53,0,23.843
50,0.25,88,bot4,1,success,53,0,77.853
50,0.25,89,bot1,1,success,15,0,0.22
50,0.25,89,bot2,1,success,15,0,2.268
50,0.25,89,bot3,1,success,15,0,2.237
50,0.25,89,bot4,1,success,15,0,20.646
50,0.25,90,bot1,1,success,26,0,0.355
50,0.25,90,bot2,1,success,26,0,6.954
50,0.25,90,bot3,1,success,26,0,5.379
50,0.25,90,bot4,1,success,26,0,41.386
50,0.25,91,bot1,1,success,6,0,0.128
50,0.25,91,bot2,1,success,6,0,0.763
50,0.25,91,bot3,1,success,6,0,0.717
50,0.25,91,bot4,1,success,6,0,7.909
50,0.25,92,bot1,1,success,56,0,1.113
50,0.25,92,bot2,1,success,56,0,22.833
50,0.25,92,bot3,1,success,56,0,27.503
50,0.25,92,bot4,1,success,56,0,97.45
50,0.25,93,bot1,1,success,5,0,0.14
50,0.25,93,bot2,1,success,5,0,0.546
50,0.25,93,bot3,1,success,5,0,0.576
50,0.25,93,bot4,1,success,5,0,6.664
50,0.25,94,bot1,1,success,51,0,0.705
50,0.25,94,bot2,1,success,51,0,20.923
50,0.25,94,bot3,1,success,51,0,21.41
50,0.25,94,bot4,1,success,51,0,88.788
50,0.25,95,bot1,1,success,55,0,0.777
50,0.25,95,bot2,1,success,55,0,30.246
50,0.25,95,bot3,1,success,55,0,26.4
50,0.25,95,bot4,1,success,55,0,84.455
50,0.25,96,bot1,1,success,35,0,0.442
50,0.25,96,bot2,1,success,35,0,9.561
50,0.25,96,bot3,1,success,35,0,10.351
50,0.25,96,bot4,1,success,35,0,64.991
50,0.25,97,bot1,1,success,43,0,0.669
50,0.25,97,bot2,1,success,43,0,15.549
50,0.25,97,bot3,1,success,43,0,17.337
50,0.25,97,bot4,1,success,43,0,60.317
50,0.25,98,bot1,1,success,31,0,0.427
50,0.25,98,bot2,1,success,31,0,7.726
50,0.25,98,bot3,1,success,31,0,7.437
50,0.25,98,bot4,1,success,31,0,45.129
50,0.25,99,bot1,1,success,49,0,1.103
50,0.25,99,bot2,1,success,49,0,21.428
50,0.25,99,bot3,1,success,49,0,22.114
50,0.25,99,bot4,1,success,49,0,74.306
50,0.25,100,bot1,1,success,36,0,0.386
50,0.25,100,bot2,1,success,36,0,7.961
50,0.25,100,bot3,1,success,36,0,8.44
50,0.25,100,bot4,1,success,36,0,49.952
50,0.25,101,bot1,1,success,54,0,0.834
50,0.25,101,bot2,1,success,54,0,22.64
50,0.25,101,bot3,1,success,54,0,25.056
50,0.25,101,bot4,1,success,54,0,85.353
50,0.25,102,bot1,1,success,25,0,0.404
50,0.25,102,bot2,1,success,25,0,4.641
50,0.25,102,bot3,1,success,25,0,4.995
50,0.25,102,bot4,1,success,25,0,33.192
50,0.25,103,bot1,1,success,32,0,0.436
50,0.25,103,bot2,1,success,32,0,6.243
50,0.25,103,bot3,1,success,32,0,6.987
50,0.25,103,bot4,1,success,32,0,46.747
50,0.25,104,bot1,1,success,44,0,0.918
50,0.25,104,bot2,1,success,44,0,15.234
50,0.25,104,bot3,1,success,44,0,14.81
50,0.25,104,bot4,1,success,44,0,60.228
50,0.25,105,bot1,1,success,35,0,0.551
50,0.25,105,bot2,1,success,35,0,10.423
50,0.25,105,bot3,1,success,35,0,9.799
50,0.25,105,bot4,1,success,35,0,58.425
50,0.25,106,bot1,1,success,23,0,0.276
50,0.25,106,bot2,1,success,23,0,4.27
50,0.25,106,bot3,1,success,23,0,4.104
50,0.25,106,bot4,1,success,23,0,32.278
50,0.25,107,bot1,1,success,42,0,0.68
50,0.25,107,bot2,1,success,42,0,16.604
50,0.25,107,bot3,1,success,42,0,18.069
50,0.25,107,bot4,1,success,42,0,58.764
50,0.25,108,bot1,1,success,36,0,0.309
50,0.25,108,bot2,1,success,36,0,8.656
50,0.25,108,bot3,1,success,36,0,8.279
50,0.25,108,bot4,1,success,36,0,56.372
50,0.25,109,bot1,1,success,21,0,0.288
50,0.25,109,bot2,1,success,21,0,3.791
50,0.25,109,bot3,1,success,21,0,4.02
50,0.25,109,bot4,1,success,21,0,30.061
50,0.25,110,bot1,0,entered_fire,38,2,0.928
50,0.25,110,bot2,1,success,69,0,35.238
50,0.25,110,bot3,1,success,67,1,35.549
50,0.25,110,bot4,1,success,63,0,92.796
50,0.25,111,bot1,1,success,28,0,0.275
50,0.25,111,bot2,1,success,28,0,5.638
50,0.25,111,bot3,1,success,28,0,6.126
50,0.25,111,bot4,1,success,28,0,43.028
50,0.25,112,bot1,1,success,75,0,1.01
50,0.25,112,bot2,1,success,75,0,51.974
50,0.25,112,bot3,1,success,75,0,46.691
50,0.25,112,bot4,1,success,75,0,109.383
50,0.25,113,bot1,1,success,52,0,0.565
50,0.25,113,bot2,1,success,52,0,21.453
50,0.25,113,bot3,1,success,52,0,23.961
50,0.25,113,bot4,1,success,52,0,83.578
50,0.25,114,bot1,1,success,9,0,0.163
50,0.25,114,bot2,1,success,9,0,1.168
50,0.25,114,bot3,1,success,9,0,1.177
50,0.25,114,bot4,1,success,9,0,13.22
50,0.25,115,bot1,0,button_burned,30,0,0.698
50,0.25,115,bot2,0,trapped,29,0,17.591
50,0.25,115,bot3,0,trapped,29,0,23.913
50,0.25,115,bot4,0,trapped,29,0,51.309
50,0.25,116,bot1,0,entered_fire,25,1,0.379
50,0.25,116,bot2,0,button_burned,52,0,15.982
50,0.25,116,bot3,0,button_burned,52,0,24.558
50,0.25,116,bot4,0,button_burned,52,1,106.173
50,0.25,117,bot1,1,success,54,0,0.709
50,0.25,117,bot2,1,success,54,0,19.917
50,0.25,117,bot3,1,success,54,0,21.088
50,0.25,117,bot4,1,success,54,0,77.538
50,0.25,118,bot1,1,success,28,0,0.234
50,0.25,118,bot2,1,success,28,0,5.075
50,0.25,118,bot3,1,success,28,0,5.971
50,0.25,118,bot4,1,success,28,0,43.569
50,0.25,119,bot1,1,success,46,0,0.895
50,0.25,119,bot2,1,success,46,0,22.621
50,0.25,119,bot3,1,success,46,0,16.158
50,0.25,119,bot4,1,success,46,0,61.214
50,0.25,120,bot1,1,success,70,0,1.023
50,0.25,120,bot2,1,success,70,0,53.152
50,0.25,120,bot3,1,success,70,0,50.498
50,0.25,120,bot4,1,success,70,0,127.593
50,0.25,121,bot1,1,success,38,0,0.556
50,0.25,121,bot2,1,success,38,0,10.369
50,0.25,121,bot3,1,success,38,0,11.093
50,0.25,121,bot4,1,success,38,0,50.933
50,0.25,122,bot1,1,success,29,0,0.581
50,0.25,122,bot2,1,success,29,0,6.061
50,0.25,122,bot3,1,success,29,0,6.745
50,0.25,122,bot4,1,success,29,0,38.642
50,0.25,123,bot1,1,success,72,0,1.049
50,0.25,123,bot2,1,success,72,0,64.957
50,0.25,123,bot3,1,success,72,0,62.359
50,0.25,123,bot4,1,success,72,0,120.889
50,0.25,124,bot1,1,success,32,0,0.451
50,0.25,124,bot2,1,success,32,0,7.289
50,0.25,124,bot3,1,success,32,0,7.702
50,0.25,124,bot4,1,success,32,0,50.315
50,0.25,125,bot1,1,success,29,0,0.386
50,0.25,125,bot2,1,success,29,0,6.419
50,0.25,125,bot3,1,success,29,0,7.071
50,0.25,125,bot4,1,success,29,0,44.853
50,0.25,126,bot1,0,button_burned,30,0,0.768
50,0.25,126,bot2,0,button_burned,30,0,19.028
50,0.25,126,bot3,0,button_burned,30,0,21.55
50,0.25,126,bot4,0,button_burned,30,0,54.893
50,0.25,127,bot1,0,entered_fire,41,6,1.583
50,0.25,127,bot2,0,trapped,48,0,43.537
50,0.25,127,bot3,0,trapped,48,6,45.752
50,0.25,127,bot4,0,trapped,48,1,111.501
50,0.25,128,bot1,1,success,38,0,0.398
50,0.25,128,bot2,1,success,38,0,11.805
50,0.25,128,bot3,1,success,38,0,11.084
50,0.25,128,bot4,1,success,38,0,54.548
50,0.25,129,bot1,1,success,24,0,0.458
50,0.25,129,bot2,1,success,24,0,5.365
50,0.25,129,bot3,1,success,24,0,5.784
50,0.25,129,bot4,1,success,24,0,31.996
50,0.25,130,bot1,1,success,27,0,0.47
50,0.25,130,bot2,1,success,27,0,6.06
50,0.25,130,bot3,1,success,27,0,6.572
50,0.25,130,bot4,1,success,27,0,36.304
50,0.25,131,bot1,0,entered_fire,6,2,0.744
50,0.25,131,bot2,1,success,54,0,21.539
50,0.25,131,bot3,1,success,52,1,21.012
50,0.25,131,bot4,1,success,48,2,68.285
50,0.25,132,bot1,1,success,30,0,0.401
50,0.25,132,bot2,1,success,30,0,9.006
50,0.25,132,bot3,1,success,30,0,8.585
50,0.25,132,bot4,1,success,30,0,42.837
50,0.25,133,bot1,1,success,16,0,0.298
50,0.25,133,bot2,1,success,16,0,3.356
50,0.25,133,bot3,1,success,16,0,2.386
50,0.25,133,bot4,1,success,16,0,20.359
50,0.25,134,bot1,1,success,18,0,0.276
50,0.25,134,bot2,1,success,18,0,3.155
50,0.25,134,bot3,1,success,18,0,4.15
50,0.25,134,bot4,1,success,18,0,28.175
50,0.25,135,bot1,1,success,41,0,0.837
50,0.25,135,bot2,1,success,41,0,15.306
50,0.25,135,bot3,1,success,41,0,16.441
50,0.25,135,bot4,1,success,41,0,56.791
50,0.25,136,bot1,1,success,41,0,0.382
50,0.25,136,bot2,1,success,41,0,10.407
50,0.25,136,bot3,1,success,41,0,10.243
50,0.25,136,bot4,1,success,41,0,59.694
50,0.25,137,bot1,1,success,65,0,1.115
50,0.25,137,bot2,1,success,65,0,46.661
50,0.25,137,bot3,1,success,65,0,42.245
50,0.25,137,bot4,1,success,65,0,102.489
50,0.25,138,bot1,1,success,25,0,0.377
50,0.25,138,bot2,1,success,25,0,6.119
50,0.25,138,bot3,1,success,25,0,6.8
50,0.25,138,bot4,1,success,25,0,35.661
50,0.25,139,bot1,1,success,32,0,0.46
50,0.25,139,bot2,1,success,32,0,8.266
50,0.25,139,bot3,1,success,32,0,8.084
50,0.25,139,bot4,1,success,32,0,50.34
50,0.25,140,bot1,1,success,9,0,0.138
50,0.25,140,bot2,1,success,9,0,1.093
50,0.25,140,bot3,1,success,9,0,1.177
50,0.25,140,bot4,1,success,9,0,12.239
50,0.25,141,bot1,1,success,64,0,0.802
50,0.25,141,bot2,1,success,64,0,31.581
50,0.25,141,bot3,1,success,64,0,31.912
50,0.25,141,bot4,1,success,64,0,92.867
50,0.25,142,bot1,1,success,22,0,0.259
50,0.25,142,bot2,1,success,22,0,3.517
50,0.25,142,bot3,1,success,22,0,3.755
50,0.25,142,bot4,1,success,22,0,30.331
50,0.25,143,bot1,1,success,70,0,0.97
50,0.25,143,bot2,1,success,70,0,43.115
50,0.25,143,bot3,1,success,70,0,47.723
50,0.25,143,bot4,1,success,70,0,110.198
50,0.25,144,bot1,1,success,27,0,0.493
50,0.25,144,bot2,1,success,27,0,6.466
50,0.25,144,bot3,1,success,27,0,6.632
50,0.25,144,bot4,1,success,27,0,38.065
50,0.25,145,bot1,1,success,34,0,0.53
50,0.25,145,bot2,1,success,34,0,8.074
50,0.25,145,bot3,1,success,36,1,9.683
50,0.25,145,bot4,1,success,36,1,51.268
50,0.25,146,bot1,1,success,14,0,0.221
50,0.25,146,bot2,1,success,14,0,2.002
50,0.25,146,bot3,1,success,14,0,2.005
50,0.25,146,bot4,1,success,14,0,18.41
50,0.25,147,bot1,1,success,35,0,0.548
50,0.25,147,bot2,1,success,35,0,11.698
50,0.25,147,bot3,1,success,35,0,11.717
50,0.25,147,bot4,1,success,35,0,50.685
50,0.25,148,bot1,1,success,28,0,0.425
50,0.25,148,bot2,1,success,28,0,5.847
50,0.25,148,bot3,1,success,28,0,6.171
50,0.25,148,bot4,1,success,28,0,39.493
50,0.25,149,bot1,1,success,78,0,1.168
50,0.25,149,bot2,1,success,78,0,48.362
50,0.25,149,bot3,1,success,88,5,65.18
50,0.25,149,bot4,1,success,88,5,159.858
50,0.25,150,bot1,1,success,24,0,0.319
50,0.25,150,bot2,1,success,24,0,5.12
50,0.25,150,bot3,1,success,24,0,5.575
50,0.25,150,bot4,1,success,24,0,36.447
50,0.25,151,bot1,1,success,51,0,0.818
50,0.25,151,bot2,1,success,51,0,28.251
50,0.25,151,bot3,1,success,51,0,25.379
50,0.25,151,bot4,1,success,51,0,83.147
50,0.25,152,bot1,0,entered_fire,14,2,0.796
50,0.25,152,bot2,1,success,52,0,25.705
50,0.25,152,bot3,1,success,52,0,24.561
50,0.25,152,bot4,1,success,52,0,85.187
50,0.25,153,bot1,1,success,30,0,0.508
50,0.25,153,bot2,1,success,30,0,8.021
50,0.25,153,bot3,1,success,30,0,9.275
50,0.25,153,bot4,1,success,30,0,52.201
50,0.25,154,bot1,1,success,52,0,0.754
50,0.25,154,bot2,1,success,52,0,21.491
50,0.25,154,bot3,1,success,52,0,30.25
50,0.25,154,bot4,1,success,52,0,97.187
50,0.25,155,bot1,1,success,13,0,0.225
50,0.25,155,bot2,1,success,13,0,1.827
50,0.25,155,bot3,1,success,13,0,2.137
50,0.25,155,bot4,1,success,13,0,21.65
50,0.25,156,bot1,1,success,49,0,0.957
50,0.25,156,bot2,1,success,49,0,22.752
50,0.25,156,bot3,1,success,49,0,25.844
50,0.25,156,bot4,1,success,49,0,79.433
50,0.25,157,bot1,1,success,26,0,0.503
50,0.25,157,bot2,1,success,26,0,5.791
50,0.25,157,bot3,1,success,26,0,5.655
50,0.25,157,bot4,1,success,26,0,36.345
50,0.25,158,bot1,1,success,48,0,0.684
50,0.25,158,bot2,1,success,48,0,22.811
50,0.25,158,bot3,1,success,48,0,20.062
50,0.25,158,bot4,1,success,48,0,70.647
50,0.25,159,bot1,1,success,28,0,0.433
50,0.25,159,bot2,1,success,28,0,6.259
50,0.25,159,bot3,1,success,28,0,8.39
50,0.25,159,bot4,1,success,28,0,46.311
50,0.25,160,bot1,1,success,23,0,0.326
50,0.25,160,bot2,1,success,23,0,4.167
50,0.25,160,bot3,1,success,23,0,4.58
50,0.25,160,bot4,1,success,23,0,35.675
50,0.25,161,bot1,1,success,57,0,0.817
50,0.25,161,bot2,1,success,57,0,24.505
50,0.25,161,bot3,1,success,57,0,39.763
50,0.25,161,bot4,1,success,57,0,96.461
50,0.25,162,bot1,1,success,51,0,0.964
50,0.25,162,bot2,1,success,51,0,26.875
50,0.25,162,bot3,1,success,51,0,28.048
50,0.25,162,bot4,1,success,51,0,95.051
50,0.25,163,bot1,1,success,28,0,0.407
50,0.25,163,bot2,1,success,28,0,5.825
50,0.25,163,bot3,1,success,28,0,5.857
50,0.25,163,bot4,1,success,28,0,40.048
50,0.25,164,bot1,1,success,15,0,0.233
50,0.25,164,bot2,1,success,15,0,2.3
50,0.25,164,bot3,1,success,15,0,2.178
50,0.25,164,bot4,1,success,15,0,20.549
50,0.25,165,bot1,0,entered_fire,29,2,0.936
50,0.25,165,bot2,0,trapped,62,0,57.77
50,0.25,165,bot3,0,trapped,62,3,58.798
50,0.25,165,bot4,1,success,56,0,89.125
50,0.25,166,bot1,0,entered_fire,51,16,1.038
50,0.25,166,bot2,0,button_burned,52,0,54.83
50,0.25,166,bot3,0,button_burned,52,0,54.517
50,0.25,166,bot4,0,button_burned,52,0,105.816
50,0.25,167,bot1,1,success,36,0,0.37
50,0.25,167,bot2,1,success,36,0,9.201
50,0.25,167,bot3,1,success,36,0,12.179
50,0.25,167,bot4,1,success,36,0,81.017
50,0.25,168,bot1,1,success,32,0,0.512
50,0.25,168,bot2,1,success,32,0,8.588
50,0.25,168,bot3,1,success,32,0,9.571
50,0.25,168,bot4,1,success,32,0,53.952
50,0.25,169,bot1,1,success,43,0,0.655
50,0.25,169,bot2,1,success,43,0,14.293
50,0.25,169,bot3,1,success,43,0,15.151
50,0.25,169,bot4,1,success,43,0,59.118
50,0.25,170,bot1,1,success,43,0,0.4
50,0.25,170,bot2,1,success,43,0,12.127
50,0.25,170,bot3,1,success,43,0,11.886
50,0.25,170,bot4,1,success,43,0,57.087
50,0.25,171,bot1,1,success,72,0,1.024
50,0.25,171,bot2,1,success,72,0,50.932
50,0.25,171,bot3,1,success,72,0,52.642
50,0.25,171,bot4,1,success,72,0,112.287
50,0.25,172,bot1,1,success,41,0,1.145
50,0.25,172,bot2,1,success,41,0,16.34
50,0.25,172,bot3,1,success,41,0,15.805
50,0.25,172,bot4,1,success,41,0,62.466
50,0.25,173,bot1,1,success,67,0,1.209
50,0.25,173,bot2,1,success,67,0,42.271
50,0.25,173,bot3,1,success,67,0,40.565
50,0.25,173,bot4,1,success,67,0,97.072
50,0.25,174,bot1,1,success,21,0,0.449
50,0.25,174,bot2,1,success,21,0,4.824
50,0.25,174,bot3,1,success,21,0,4.461
50,0.25,174,bot4,1,success,21,0,28.457
50,0.25,175,bot1,1,success,19,0,0.35
50,0.25,175,bot2,1,success,19,0,3.836
50,0.25,175,bot3,1,success,19,0,3.202
50,0.25,175,bot4,1,success,19,0,25.6
50,0.25,176,bot1,1,success,61,0,0.978
50,0.25,176,bot2,1,success,61,0,32.922
50,0.25,176,bot3,1,success,61,0,37.795
50,0.25,176,bot4,1,success,61,0,102.222
50,0.25,177,bot1,1,success,40,0,0.565
50,0.25,177,bot2,1,success,40,0,15.709
50,0.25,177,bot3,1,success,40,0,19.901
50,0.25,177,bot4,1,success,40,0,77.153
50,0.25,178,bot1,1,success,39,0,0.466
50,0.25,178,bot2,1,success,39,0,11.795
50,0.25,178,bot3,1,success,39,0,13.086
50,0.25,178,bot4,1,success,39,0,57.921
50,0.25,179,bot1,1,success,61,0,0.691
50,0.25,179,bot2,1,success,61,0,27.029
50,0.25,179,bot3,1,success,61,0,30.398
50,0.25,179,bot4,1,success,61,0,92.805
50,0.25,180,bot1,1,success,40,0,0.797
50,0.25,180,bot2,1,success,40,0,15.862
50,0.25,180,bot3,1,success,40,0,16.793
50,0.25,180,bot4,1,success,40,0,55.693
50,0.25,181,bot1,1,success,29,0,0.291
50,0.25,181,bot2,1,success,29,0,5.646
50,0.25,181,bot3,1,success,29,0,6.411
50,0.25,181,bot4,1,success,29,0,38.956
50,0.25,182,bot1,1,success,54,0,0.492
50,0.25,182,bot2,1,success,54,0,18.967
50,0.25,182,bot3,1,success,54,0,20.855
50,0.25,182,bot4,1,success,54,0,83.609
50,0.25,183,bot1,1,success,37,0,0.496
50,0.25,183,bot2,1,success,37,0,8.638
50,0.25,183,bot3,1,success,37,0,10.646
50,0.25,183,bot4,1,success,37,0,64.499
50,0.25,184,bot1,1,success,67,0,0.935
50,0.25,184,bot2,1,success,67,0,57.934
50,0.25,184,bot3,1,success,67,0,52.99
50,0.25,184,bot4,1,success,67,0,102.676
50,0.25,185,bot1,1,success,75,0,1.287
50,0.25,185,bot2,1,success,75,0,58.898
50,0.25,185,bot3,1,success,75,0,50.547
50,0.25,185,bot4,1,success,75,0,116.737
50,0.25,186,bot1,1,success,64,0,0.835
50,0.25,186,bot2,1,success,64,0,30.154
50,0.25,186,bot3,1,success,64,0,39.1
50,0.25,186,bot4,1,success,64,0,92.869
50,0.25,187,bot1,1,success,21,0,0.285
50,0.25,187,bot2,1,success,21,0,3.885
50,0.25,187,bot3,1,success,21,0,3.976
50,0.25,187,bot4,1,success,21,0,28.061
50,0.25,188,bot1,1,success,27,0,0.255
50,0.25,188,bot2,1,success,27,0,4.402
50,0.25,188,bot3,1,success,27,0,4.397
50,0.25,188,bot4,1,success,27,0,44.666
50,0.25,189,bot1,1,success,37,0,0.532
50,0.25,189,bot2,1,success,37,0,11.114
50,0.25,189,bot3,1,success,37,0,11.661
50,0.25,189,bot4,1,success,37,0,53.581
50,0.25,190,bot1,1,success,29,0,0.388
50,0.25,190,bot2,1,success,29,0,6.86
50,0.25,190,bot3,1,success,29,0,7.258
50,0.25,190,bot4,1,success,29,0,41.502
50,0.25,191,bot1,1,success,41,0,0.711
50,0.25,191,bot2,1,success,41,0,13.928
50,0.25,191,bot3,1,success,41,0,14.189
50,0.25,191,bot4,1,success,41,0,56.068
50,0.25,192,bot1,1,success,24,0,0.248
50,0.25,192,bot2,1,success,24,0,5.006
50,0.25,192,bot3,1,success,24,0,4.281
50,0.25,192,bot4,1,success,24,0,35.613
50,0.25,193,bot1,1,success,21,0,0.268
50,0.25,193,bot2,1,success,21,0,3.473
50,0.25,193,bot3,1,success,21,0,4.343
50,0.25,193,bot4,1,success,21,0,29.704
50,0.25,194,bot1,1,success,50,0,1.32
50,0.25,194,bot2,1,success,50,0,21.741
50,0.25,194,bot3,1,success,50,0,35.309
50,0.25,194,bot4,1,success,50,0,87.641
50,0.25,195,bot1,1,success,36,0,0.689
50,0.25,195,bot2,1,success,36,0,11.425
50,0.25,195,bot3,1,success,36,0,11.341
50,0.25,195,bot4,1,success,36,0,47.564
50,0.25,196,bot1,1,success,36,0,0.549
50,0.25,196,bot2,1,success,36,0,11.009
50,0.25,196,bot3,1,success,36,0,10.303
50,0.25,196,bot4,1,success,36,0,51.322
50,0.25,197,bot1,1,success,67,0,0.972
50,0.25,197,bot2,1,success,67,0,36.276
50,0.25,197,bot3,1,success,67,0,37.498
50,0.25,197,bot4,1,success,67,0,103.785
50,0.25,198,bot1,0,entered_fire,63,7,0.999
50,0.25,198,bot2,0,trapped,71,0,61.423
50,0.25,198,bot3,0,trapped,71,0,66.292
50,0.25,198,bot4,0,trapped,71,0,129.652
50,0.25,199,bot1,1,success,35,0,0.498
50,0.25,199,bot2,1,success,35,0,13.283
50,0.25,199,bot3,1,success,35,0,12.889
50,0.25,199,bot4,1,success,35,0,53.306
50,0.3,0,bot1,0,caught,24,5,1.128
50,0.3,0,bot2,1,success,91,0,56.151
50,0.3,0,bot3,1,success,83,3,66.592
50,0.3,0,bot4,1,success,83,5,133.303
50,0.3,1,bot1,1,success,37,0,0.533
50,0.3,1,bot2,1,success,37,0,10.888
50,0.3,1,bot3,1,success,37,0,12.996
50,0.3,1,bot4,1,success,37,0,58.462
50,0.3,2,bot1,0,caught,7,0,0.703
50,0.3,2,bot2,0,caught,7,0,4.46
50,0.3,2,bot3,1,success,38,3,16.252
50,0.3,2,bot4,1,success,38,3,60.325
50,0.3,3,bot1,1,success,43,0,0.719
50,0.3,3,bot2,1,success,43,0,14.594
50,0.3,3,bot3,1,success,43,0,15.776
50,0.3,3,bot4,1,success,43,0,60.488
50,0.3,4,bot1,1,success,35,0,0.467
50,0.3,4,bot2,1,success,35,0,8.975
50,0.3,4,bot3,1,success,35,0,12.812
50,0.3,4,bot4,1,success,35,0,61.808
50,0.3,5,bot1,1,success,41,0,0.826
50,0.3,5,bot2,1,success,41,0,17.222
50,0.3,5,bot3,1,success,41,0,15.615
50,0.3,5,bot4,1,success,41,0,56.745
50,0.3,6,bot1,1,success,68,0,0.892
50,0.3,6,bot2,1,success,68,0,39.03
50,0.3,6,bot3,1,success,68,0,35.803
50,0.3,6,bot4,1,success,68,0,106.982
50,0.3,7,bot1,1,success,43,0,0.618
50,0.3,7,bot2,1,success,43,0,15.624
50,0.3,7,bot3,1,success,43,0,19.911
50,0.3,7,bot4,1,success,43,0,76.063
50,0.3,8,bot1,0,button_burned,46,0,0.857
50,0.3,8,bot2,0,trapped,45,0,29.078
50,0.3,8,bot3,0,trapped,45,0,30.663
50,0.3,8,bot4,0,trapped,45,0,68.799
50,0.3,9,bot1,1,success,6,0,0.142
50,0.3,9,bot2,1,success,6,0,0.727
50,0.3,9,bot3,1,success,6,0,0.754
50,0.3,9,bot4,1,success,6,0,8.612
50,0.3,10,bot1,1,success,34,0,0.4
50,0.3,10,bot2,1,success,34,0,7.854
50,0.3,10,bot3,1,success,34,0,9.797
50,0.3,10,bot4,1,success,34,0,58.846
50,0.3,11,bot1,1,success,40,0,0.747
50,0.3,11,bot2,1,success,40,0,15.885
50,0.3,11,bot3,1,success,40,0,16.137
50,0.3,11,bot4,1,success,40,0,71.391
50,0.3,12,bot1,1,success,40,0,0.695
50,0.3,12,bot2,1,success,40,0,12.542
50,0.3,12,bot3,1,success,40,0,11.347
50,0.3,12,bot4,1,success,40,0,50.683
50,0.3,13,bot1,0,button_burned,24,0,0.843
50,0.3,13,bot2,0,button_burned,24,0,21.618
50,0.3,13,bot3,0,button_burned,24,0,26.853
50,0.3,13,bot4,0,button_burned,24,0,61.435
50,0.3,14,bot1,1,success,40,0,0.494
50,0.3,14,bot2,1,success,40,0,10.493
50,0.3,14,bot3,1,success,40,0,11.558
50,0.3,14,bot4,1,success,40,0,66.858
50,0.3,15,bot1,0,entered_fire,35,1,0.852
50,0.3,15,bot2,1,success,75,0,40.34
50,0.3,15,bot3,1,success,75,0,43.756
50,0.3,15,bot4,1,success,73,1,103.011
50,0.3,16,bot1,0,entered_fire,42,3,0.822
50,0.3,16,bot2,0,button_burned,42,0,32.417
50,0.3,16,bot3,0,button_burned,42,2,36.666
50,0.3,16,bot4,0,button_burned,42,0,77.628
50,0.3,17,bot1,1,success,43,0,1.011
50,0.3,17,bot2,1,success,43,0,16.236
50,0.3,17,bot3,1,success,43,0,21.303
50,0.3,17,bot4,1,success,43,0,64.449
50,0.3,18,bot1,1,success,15,0,0.238
50,0.3,18,bot2,1,success,15,0,2.59
50,0.3,18,bot3,1,success,15,0,2.419
50,0.3,18,bot4,1,success,15,0,25.765
50,0.3,19,bot1,1,success,49,0,0.609
50,0.3,19,bot2,1,success,49,0,17.816
50,0.3,19,bot3,1,success,49,0,20.272
50,0.3,19,bot4,1,success,49,0,66.921
50,0.3,20,bot1,1,success,61,0,1.017
50,0.3,20,bot2,1,success,61,0,33.813
50,0.3,20,bot3,1,success,61,0,35.833
50,0.3,20,bot4,1,success,61,0,101.905
50,0.3,21,bot1,1,success,39,0,0.519
50,0.3,21,bot2,1,success,39,0,11.518
50,0.3,21,bot3,1,success,39,0,16.003
50,0.3,21,bot4,1,success,39,0,67.097
50,0.3,22,bot1,1,success,18,0,0.243
50,0.3,22,bot2,1,success,18,0,3.031
50,0.3,22,bot3,1,success,18,0,3.035
50,0.3,22,bot4,1,success,18,0,38.511
50,0.3,23,bot1,0,button_burned,27,7,0.939
50,0.3,23,bot2,0,button_burned,27,0,24.796
50,0.3,23,bot3,0,button_burned,27,0,33.188
50,0.3,23,bot4,0,button_burned,27,1,49.79
50,0.3,24,bot1,1,success,39,0,0.541
50,0.3,24,bot2,1,success,39,0,11.642
50,0.3,24,bot3,1,success,39,0,11.863
50,0.3,24,bot4,1,success,39,0,51.196
50,0.3,25,bot1,1,success,10,0,0.155
50,0.3,25,bot2,1,success,10,0,1.331
50,0.3,25,bot3,1,success,10,0,1.408
50,0.3,25,bot4,1,success,10,0,20.496
50,0.3,26,bot1,1,success,75,0,1.495
50,0.3,26,bot2,1,success,75,0,38.656
50,0.3,26,bot3,1,success,75,0,44.15
50,0.3,26,bot4,1,success,75,0,132.165
50,0.3,27,bot1,0,entered_fire,33,5,1.062
50,0.3,27,bot2,1,success,101,0,71.377
50,0.3,27,bot3,1,success,93,0,76.772
50,0.3,27,bot4,1,success,93,0,156.204
50,0.3,28,bot1,0,caught,18,4,0.486
50,0.3,28,bot2,0,button_burned,62,0,39.103
50,0.3,28,bot3,0,button_burned,62,2,43.494
50,0.3,28,bot4,0,button_burned,62,2,89.655
50,0.3,29,bot1,1,success,18,0,0.199
50,0.3,29,bot2,1,success,18,0,2.618
50,0.3,29,bot3,1,success,18,0,2.679
50,0.3,29,bot4,1,success,18,0,23.571
50,0.3,30,bot1,1,success,26,0,0.299
50,0.3,30,bot2,1,success,26,0,5.822
50,0.3,30,bot3,1,success,26,0,5.8
50,0.3,30,bot4,1,success,26,0,38.368
50,0.3,31,bot1,1,success,41,0,0.913
50,0.3,31,bot2,1,success,41,0,15.344
50,0.3,31,bot3,1,success,41,0,19.974
50,0.3,31,bot4,1,success,41,0,60.876
50,0.3,32,bot1,1,success,40,0,0.732
50,0.3,32,bot2,1,success,40,0,13.629
50,0.3,32,bot3,1,success,40,0,14.316
50,0.3,32,bot4,1,success,40,0,54.562
50,0.3,33,bot1,1,success,14,0,0.196
50,0.3,33,bot2,1,success,14,0,2.031
50,0.3,33,bot3,1,success,14,0,2.601
50,0.3,33,bot4,1,success,14,0,19.192
50,0.3,34,bot1,1,success,6,0,0.134
50,0.3,34,bot2,1,success,6,0,0.724
50,0.3,34,bot3,1,success,6,0,0.692
50,0.3,34,bot4,1,success,6,0,7.739
50,0.3,35,bot1,1,success,43,0,0.768
50,0.3,35,bot2,1,success,43,0,16.105
50,0.3,35,bot3,1,success,43,0,17.899
50,0.3,35,bot4,1,success,43,0,66.539
50,0.3,36,bot1,1,success,62,0,0.779
50,0.3,36,bot2,1,success,62,0,26.029
50,0.3,36,bot3,1,success,62,0,31.118
50,0.3,36,bot4,1,success,62,0,94.492
50,0.3,37,bot1,1,success,25,0,0.344
50,0.3,37,bot2,1,success,25,0,4.989
50,0.3,37,bot3,1,success,25,0,6.302
50,0.3,37,bot4,1,success,25,0,34.156
50,0.3,38,bot1,1,success,12,0,0.211
50,0.3,38,bot2,1,success,12,0,1.646
50,0.3,38,bot3,1,success,12,0,2.038
50,0.3,38,bot4,1,success,12,0,15.469
50,0.3,39,bot1,1,success,21,0,0.282
50,0.3,39,bot2,1,success,21,0,3.368
50,0.3,39,bot3,1,success,21,0,4.121
50,0.3,39,bot4,1,success,21,0,44.391
50,0.3,40,bot1,1,success,19,0,0.265
50,0.3,40,bot2,1,success,19,0,3.126
50,0.3,40,bot3,1,success,19,0,3.381
50,0.3,40,bot4,1,success,19,0,25.428
50,0.3,41,bot1,0,button_burned,6,0,1.41
50,0.3,41,bot2,0,button_burned,6,0,6.645
50,0.3,41,bot3,0,button_burned,6,0,6.757
50,0.3,41,bot4,0,button_burned,6,0,15.357
50,0.3,42,bot1,1,success,21,0,0.244
50,0.3,42,bot2,1,success,21,0,3.373
50,0.3,42,bot3,1,success,21,0,3.749
50,0.3,42,bot4,1,success,21,0,28.33
50,0.3,43,bot1,1,success,37,0,0.376
50,0.3,43,bot2,1,success,37,0,9.191
50,0.3,43,bot3,1,success,37,0,10.056
50,0.3,43,bot4,1,success,37,0,49.209
50,0.3,44,bot1,1,success,14,0,0.19
50,0.3,44,bot2,1,success,14,0,2.629
50,0.3,44,bot3,1,success,14,0,2.878
50,0.3,44,bot4,1,success,14,0,18.633
50,0.3,45,bot1,1,success,15,0,0.179
50,0.3,45,bot2,1,success,15,0,1.896
50,0.3,45,bot3,1,success,15,0,2.152
50,0.3,45,bot4,1,success,15,0,20.221
50,0.3,46,bot1,1,success,76,0,0.931
50,0.3,46,bot2,1,success,76,0,44.659
50,0.3,46,bot3,1,success,76,0,50.916
50,0.3,46,bot4,1,success,76,0,120.109
50,0.3,47,bot1,1,success,41,0,0.638
50,0.3,47,bot2,1,success,41,0,15.711
50,0.3,47,bot3,1,success,41,0,16.575
50,0.3,47,bot4,1,success,41,0,66.729
50,0.3,48,bot1,1,success,22,0,0.299
50,0.3,48,bot2,1,success,22,0,4.235
50,0.3,48,bot3,1,success,22,0,5.413
50,0.3,48,bot4,1,success,22,0,28.167
50,0.3,49,bot1,1,success,47,0,0.447
50,0.3,49,bot2,1,success,47,0,15.04
50,0.3,49,bot3,1,success,47,0,15.43
50,0.3,49,bot4,1,success,47,0,65.13
50,0.3,50,bot1,1,success,27,0,0.534
50,0.3,50,bot2,1,success,27,0,6.435
50,0.3,50,bot3,1,success,27,0,6.892
50,0.3,50,bot4,1,success,27,0,37.558
50,0.3,51,bot1,1,success,12,0,0.155
50,0.3,51,bot2,1,success,12,0,1.537
50,0.3,51,bot3,1,success,12,0,1.601
50,0.3,51,bot4,1,success,12,0,16.783
50,0.3,52,bot1,1,success,11,0,0.196
50,0.3,52,bot2,1,success,11,0,1.4
50,0.3,52,bot3,1,success,11,0,1.508
50,0.3,52,bot4,1,success,11,0,15.918
50,0.3,53,bot1,0,caught,12,3,0.926
50,0.3,53,bot2,0,caught,24,0,21.375
50,0.3,53,bot3,1,success,84,4,49.721
50,0.3,53,bot4,1,success,84,4,129.879
50,0.3,54,bot1,1,success,40,0,0.535
50,0.3,54,bot2,1,success,40,0,17.978
50,0.3,54,bot3,1,success,40,0,14.6
50,0.3,54,bot4,1,success,40,0,58.237
50,0.3,55,bot1,1,success,61,0,0.995
50,0.3,55,bot2,1,success,61,0,35.423
50,0.3,55,bot3,1,success,61,0,43.745
50,0.3,55,bot4,1,success,61,0,101.597
50,0.3,56,bot1,1,success,52,0,0.75
50,0.3,56,bot2,1,success,52,0,31.581
50,0.3,56,bot3,1,success,52,0,25.669
50,0.3,56,bot4,1,success,52,0,86.221
50,0.3,57,bot1,1,success,25,0,0.344
50,0.3,57,bot2,1,success,25,0,4.847
50,0.3,57,bot3,1,success,25,0,5.578
50,0.3,57,bot4,1,success,25,0,35.257
50,0.3,58,bot1,1,success,25,0,0.272
50,0.3,58,bot2,1,success,25,0,4.735
50,0.3,58,bot3,1,success,25,0,5.243
50,0.3,58,bot4,1,success,25,0,30.536
50,0.3,59,bot1,1,success,31,0,0.4
50,0.3,59,bot2,1,success,31,0,6.926
50,0.3,59,bot3,1,success,31,0,7.494
50,0.3,59,bot4,1,success,31,0,41.006
50,0.3,60,bot1,1,success,12,0,0.173
50,0.3,60,bot2,1,success,12,0,1.554
50,0.3,60,bot3,1,success,12,0,1.464
50,0.3,60,bot4,1,success,12,0,15.131
50,0.3,61,bot1,1,success,36,0,0.566
50,0.3,61,bot2,1,success,36,0,10.936
50,0.3,61,bot3,1,success,36,0,11.724
50,0.3,61,bot4,1,success,36,0,55.077
50,0.3,62,bot1,1,success,19,0,0.306
50,0.3,62,bot2,1,success,19,0,3.318
50,0.3,62,bot3,1,success,19,0,3.54
50,0.3,62,bot4,1,success,19,0,27.306
50,0.3,63,bot1,1,success,26,0,0.443
50,0.3,63,bot2,1,success,26,0,5.145
50,0.3,63,bot3,1,success,26,0,5.45
50,0.3,63,bot4,1,success,26,0,35.446
50,0.3,64,bot1,1,success,19,0,0.211
50,0.3,64,bot2,1,success,19,0,2.928
50,0.3,64,bot3,1,success,19,0,2.945
50,0.3,64,bot4,1,success,19,0,26.142
50,0.3,65,bot1,1,success,36,0,0.581
50,0.3,65,bot2,1,success,36,0,8.188
50,0.3,65,bot3,1,success,36,0,8.214
50,0.3,65,bot4,1,success,36,0,53.305
50,0.3,66,bot1,0,button_burned,6,0,0.372
50,0.3,66,bot2,0,button_burned,6,0,2.146
50,0.3,66,bot3,0,button_burned,6,0,3.96
50,0.3,66,bot4,0,button_burned,6,0,8.413
50,0.3,67,bot1,1,success,46,0,0.503
50,0.3,67,bot2,1,success,46,0,14.624
50,0.3,67,bot3,1,success,46,0,14.325
50,0.3,67,bot4,1,success,46,0,61.898
50,0.3,68,bot1,1,success,41,0,1.017
50,0.3,68,bot2,1,success,41,0,16.303
50,0.3,68,bot3,1,success,41,0,15.401
50,0.3,68,bot4,1,success,41,0,58.801
50,0.3,69,bot1,1,success,40,0,0.402
50,0.3,69,bot2,1,success,40,0,9.477
50,0.3,69,bot3,1,success,40,0,9.786
50,0.3,69,bot4,1,success,40,0,55.835
50,0.3,70,bot1,0,caught,2,1,0.66
50,0.3,70,bot2,1,success,75,0,37.191
50,0.3,70,bot3,1,success,69,4,35.924
50,0.3,70,bot4,1,success,69,4,99.725
50,0.3,71,bot1,1,success,77,0,0.987
50,0.3,71,bot2,1,success,77,0,40.382
50,0.3,71,bot3,1,success,77,0,47.164
50,0.3,71,bot4,1,success,77,0,124.882
50,0.3,72,bot1,0,button_burned,28,0,0.766
50,0.3,72,bot2,0,button_burned,28,0,14.8
50,0.3,72,bot3,0,button_burned,28,0,22.049
50,0.3,72,bot4,0,button_burned,28,0,40.729
50,0.3,73,bot1,0,entered_fire,9,2,0.896
50,0.3,73,bot2,0,trapped,18,0,16.147
50,0.3,73,bot3,0,trapped,18,1,15.07
50,0.3,73,bot4,0,trapped,18,1,31.879
50,0.3,74,bot1,0,entered_fire,13,3,0.718
50,0.3,74,bot2,0,trapped,43,0,26.609
50,0.3,74,bot3,0,trapped,43,1,38.669
50,0.3,74,bot4,0,trapped,43,1,73.728
50,0.3,75,bot1,1,success,23,0,0.267
50,0.3,75,bot2,1,success,23,0,4.017
50,0.3,75,bot3,1,success,23,0,4.222
50,0.3,75,bot4,1,success,23,0,29.623
50,0.3,76,bot1,1,success,28,0,0.469
50,0.3,76,bot2,1,success,28,0,6.742
50,0.3,76,bot3,1,success,28,0,7.135
50,0.3,76,bot4,1,success,28,0,45.775
50,0.3,77,bot1,1,success,52,0,0.733
50,0.3,77,bot2,1,success,52,0,21.401
50,0.3,77,bot3,1,success,52,0,24.544
50,0.3,77,bot4,1,success,52,0,71.624
50,0.3,78,bot1,1,success,55,0,0.943
50,0.3,78,bot2,1,success,55,0,26.309
50,0.3,78,bot3,1,success,55,0,28.134
50,0.3,78,bot4,1,success,55,0,78.029
50,0.3,79,bot1,0,caught,39,3,0.848
50,0.3,79,bot2,0,caught,67,0,45.162
50,0.3,79,bot3,1,success,81,4,46.945
50,0.3,79,bot4,1,success,81,4,117.116
50,0.3,80,bot1,1,success,52,0,0.687
50,0.3,80,bot2,1,success,52,0,17.963
50,0.3,80,bot3,1,success,52,0,21.711
50,0.3,80,bot4,1,success,52,0,72.88
50,0.3,81,bot1,1,success,53,0,0.773
50,0.3,81,bot2,1,success,53,0,26.406
50,0.3,81,bot3,1,success,53,0,24.892
50,0.3,81,bot4,1,success,53,0,75.109
50,0.3,82,bot1,0,entered_fire,46,0,1.048
50,0.3,82,bot2,0,trapped,25,0,21.14
50,0.3,82,bot3,0,trapped,25,0,23.582
50,0.3,82,bot4,0,trapped,25,0,44.358
50,0.3,83,bot1,0,button_burned,5,0,0.897
50,0.3,83,bot2,0,button_burned,5,0,4.189
50,0.3,83,bot3,0,button_burned,5,0,5.765
50,0.3,83,bot4,0,button_burned,5,0,8.636
50,0.3,84,bot1,1,success,47,0,0.544
50,0.3,84,bot2,1,success,47,0,15.799
50,0.3,84,bot3,1,success,47,0,17.583
50,0.3,84,bot4,1,success,47,0,65.23
50,0.3,85,bot1,1,success,39,0,1.363
50,0.3,85,bot2,1,success,39,0,12.033
50,0.3,85,bot3,1,success,39,0,12.55
50,0.3,85,bot4,1,success,39,0,49.865
50,0.3,86,bot1,1,success,14,0,0.179
50,0.3,86,bot2,1,success,14,0,1.804
50,0.3,86,bot3,1,success,14,0,1.928
50,0.3,86,bot4,1,success,14,0,17.908
50,0.3,87,bot1,0,button_burned,18,0,0.828
50,0.3,87,bot2,0,trapped,13,0,11.087
50,0.3,87,bot3,0,trapped,13,0,13.365
50,0.3,87,bot4,0,trapped,13,0,23.117
50,0.3,88,bot1,1,success,53,0,0.78
50,0.3,88,bot2,1,success,53,0,26.235
50,0.3,88,bot3,1,success,53,0,23.203
50,0.3,88,bot4,1,success,53,0,85.188
50,0.3,89,bot1,1,success,15,0,0.195
50,0.3,89,bot2,1,success,15,0,1.994
50,0.3,89,bot3,1,success,15,0,2.348
50,0.3,89,bot4,1,success,15,0,20.07
50,0.3,90,bot1,1,success,26,0,0.353
50,0.3,90,bot2,1,success,26,0,5.009
50,0.3,90,bot3,1,success,26,0,4.974
50,0.3,90,bot4,1,success,26,0,33.805
50,0.3,91,bot1,1,success,6,0,0.13
50,0.3,91,bot2,1,success,6,0,0.655
50,0.3,91,bot3,1,success,6,0,0.67
50,0.3,91,bot4,1,success,6,0,7.006
50,0.3,92,bot1,1,success,56,0,0.72
50,0.3,92,bot2,1,success,56,0,25.129
50,0.3,92,bot3,1,success,56,0,39.709
50,0.3,92,bot4,1,success,56,0,91.675
50,0.3,93,bot1,1,success,5,0,0.125
50,0.3,93,bot2,1,success,5,0,0.543
50,0.3,93,bot3,1,success,5,0,0.566
50,0.3,93,bot4,1,success,5,0,6.63
50,0.3,94,bot1,1,success,51,0,0.745
50,0.3,94,bot2,1,success,51,0,22.716
50,0.3,94,bot3,1,success,51,0,23.473
50,0.3,94,bot4,1,success,51,0,73.917
50,0.3,95,bot1,1,success,55,0,0.805
50,0.3,95,bot2,1,success,55,0,32.054
50,0.3,95,bot3,1,success,55,0,30.996
50,0.3,95,bot4,1,success,55,0,76.167
50,0.3,96,bot1,1,success,35,0,0.491
50,0.3,96,bot2,1,success,35,0,9.17
50,0.3,96,bot3,1,success,35,0,9.942
50,0.3,96,bot4,1,success,35,0,46.786
50,0.3,97,bot1,1,success,43,0,0.658
50,0.3,97,bot2,1,success,43,0,15.147
50,0.3,97,bot3,1,success,43,0,16.509
50,0.3,97,bot4,1,success,43,0,56.173
50,0.3,98,bot1,1,success,31,0,0.406
50,0.3,98,bot2,1,success,31,0,6.89
50,0.3,98,bot3,1,success,31,0,7.557
50,0.3,98,bot4,1,success,31,0,52.205
50,0.3,99,bot1,1,success,49,0,0.98
50,0.3,99,bot2,1,success,49,0,20.826
50,0.3,99,bot3,1,success,49,0,21.394
50,0.3,99,bot4,1,success,49,0,67.57
50,0.3,100,bot1,1,success,36,0,0.356
50,0.3,100,bot2,1,success,36,0,9.204
50,0.3,100,bot3,1,success,36,0,9.08
50,0.3,100,bot4,1,success,36,0,60.252
50,0.3,101,bot1,1,success,54,0,0.85
50,0.3,101,bot2,1,success,54,0,25.129
50,0.3,101,bot3,1,success,54,0,26.557
50,0.3,101,bot4,1,success,54,0,79.001
50,0.3,102,bot1,1,success,25,0,0.385
50,0.3,102,bot2,1,success,25,0,4.939
50,0.3,102,bot3,1,success,25,0,5.088
50,0.3,102,bot4,1,success,25,0,32.851
50,0.3,103,bot1,1,success,32,0,0.619
50,0.3,103,bot2,1,success,32,0,6.414
50,0.3,103,bot3,1,success,32,0,6.956
50,0.3,103,bot4,1,success,32,0,46.894
50,0.3,104,bot1,1,success,44,0,0.998
50,0.3,104,bot2,1,success,44,0,38.197
50,0.3,104,bot3,1,success,44,0,14.44
50,0.3,104,bot4,1,success,44,0,56.397
50,0.3,105,bot1,1,success,35,0,0.465
50,0.3,105,bot2,1,success,35,0,9.532
50,0.3,105,bot3,1,success,35,0,9.206
50,0.3,105,bot4,1,success,35,0,47.631
50,0.3,106,bot1,1,success,23,0,0.299
50,0.3,106,bot2,1,success,23,0,3.757
50,0.3,106,bot3,1,success,23,0,3.95
50,0.3,106,bot4,1,success,23,0,30.024
50,0.3,107,bot1,1,success,42,0,0.69
50,0.3,107,bot2,1,success,42,0,13.862
50,0.3,107,bot3,1,success,42,0,15.163
50,0.3,107,bot4,1,success,42,0,53.456
50,0.3,108,bot1,1,success,36,0,0.287
50,0.3,108,bot2,1,success,36,0,8.531
50,0.3,108,bot3,1,success,36,0,8.849
50,0.3,108,bot4,1,success,36,0,48.397
50,0.3,109,bot1,1,success,21,0,0.256
50,0.3,109,bot2,1,success,21,0,3.923
50,0.3,109,bot3,1,success,21,0,3.465
50,0.3,109,bot4,1,success,21,0,27.55
50,0.3,110,bot1,1,success,63,0,0.903
50,0.3,110,bot2,1,success,63,0,30.156
50,0.3,110,bot3,1,success,63,0,37.527
50,0.3,110,bot4,1,success,63,0,95.381
50,0.3,111,bot1,1,success,28,0,0.256
50,0.3,111,bot2,1,success,28,0,5.485
50,0.3,111,bot3,1,success,28,0,5.7
50,0.3,111,bot4,1,success,28,0,36.292
50,0.3,112,bot1,1,success,75,0,1.411
50,0.3,112,bot2,1,success,75,0,46.311
50,0.3,112,bot3,1,success,75,0,50.107
50,0.3,112,bot4,1,success,75,0,127.467
50,0.3,113,bot1,1,success,52,0,0.643
50,0.3,113,bot2,1,success,52,0,21.151
50,0.3,113,bot3,1,success,52,0,20.815
50,0.3,113,bot4,1,success,52,0,71.157
50,0.3,114,bot1,1,success,9,0,0.147
50,0.3,114,bot2,1,success,9,0,1.137
50,0.3,114,bot3,1,success,9,0,1.18
50,0.3,114,bot4,1,success,9,0,11.998
50,0.3,115,bot1,0,button_burned,32,0,0.715
50,0.3,115,bot2,0,button_burned,32,0,12.446
50,0.3,115,bot3,0,button_burned,32,1,15.999
50,0.3,115,bot4,0,button_burned,32,1,47.602
50,0.3,116,bot1,0,caught,24,0,0.439
50,0.3,116,bot2,0,caught,27,0,9.976
50,0.3,116,bot3,0,button_burned,38,3,21.638
50,0.3,116,bot4,0,button_burned,38,1,58.253
50,0.3,117,bot1,1,success,54,0,0.703
50,0.3,117,bot2,1,success,54,0,21.082
50,0.3,117,bot3,1,success,54,0,24.779
50,0.3,117,bot4,1,success,54,0,78.645
50,0.3,118,bot1,1,success,28,0,0.27
50,0.3,118,bot2,1,success,28,0,5.506
50,0.3,118,bot3,1,success,28,0,5.359
50,0.3,118,bot4,1,success,28,0,39.655
50,0.3,119,bot1,1,success,46,0,0.636
50,0.3,119,bot2,1,success,46,0,15.76
50,0.3,119,bot3,1,success,46,0,16.525
50,0.3,119,bot4,1,success,46,0,62.796
50,0.3,120,bot1,1,success,70,0,1.087
50,0.3,120,bot2,1,success,70,0,41.125
50,0.3,120,bot3,1,success,70,0,46.066
50,0.3,120,bot4,1,success,70,0,120.799
50,0.3,121,bot1,1,success,38,0,0.506
50,0.3,121,bot2,1,success,38,0,12.604
50,0.3,121,bot3,1,success,38,0,18.523
50,0.3,121,bot4,1,success,38,0,52.706
50,0.3,122,bot1,1,success,29,0,0.622
50,0.3,122,bot2,1,success,29,0,6.817
50,0.3,122,bot3,1,success,29,0,9.41
50,0.3,122,bot4,1,success,29,0,42.498
50,0.3,123,bot1,1,success,72,0,1.063
50,0.3,123,bot2,1,success,72,0,43.817
50,0.3,123,bot3,1,success,72,0,47.827
50,0.3,123,bot4,1,success,72,0,131.421
50,0.3,124,bot1,1,success,32,0,0.469
50,0.3,124,bot2,1,success,32,0,7.672
50,0.3,124,bot3,1,success,32,0,8.645
50,0.3,124,bot4,1,success,32,0,45.298
50,0.3,125,bot1,0,entered_fire,10,1,0.356
50,0.3,125,bot2,0,button_burned,62,0,18.407
50,0.3,125,bot3,0,button_burned,62,3,23.587
50,0.3,125,bot4,0,button_burned,62,3,84.759
50,0.3,126,bot1,0,button_burned,39,2,0.716
50,0.3,126,bot2,0,trapped,36,0,22.514
50,0.3,126,bot3,0,trapped,36,0,28.491
50,0.3,126,bot4,0,trapped,36,0,67.703
50,0.3,127,bot1,0,caught,34,4,0.894
50,0.3,127,bot2,0,trapped,42,0,37.803
50,0.3,127,bot3,0,trapped,42,2,43.354
50,0.3,127,bot4,0,trapped,42,2,96.426
50,0.3,128,bot1,1,success,38,0,0.378
50,0.3,128,bot2,1,success,38,0,9.369
50,0.3,128,bot3,1,success,38,0,9.27
50,0.3,128,bot4,1,success,38,0,51.691
50,0.3,129,bot1,1,success,24,0,0.402
50,0.3,129,bot2,1,success,24,0,5.513
50,0.3,129,bot3,1,success,24,0,5.902
50,0.3,129,bot4,1,success,24,0,32.713
50,0.3,130,bot1,1,success,27,0,0.463
50,0.3,130,bot2,1,success,27,0,6.611
50,0.3,130,bot3,1,success,27,0,8.115
50,0.3,130,bot4,1,success,27,0,35.539
50,0.3,131,bot1,0,caught,5,2,0.674
50,0.3,131,bot2,1,success,52,0,18.854
50,0.3,131,bot3,1,success,50,1,20.223
50,0.3,131,bot4,1,success,46,1,62.648
50,0.3,132,bot1,1,success,30,0,0.394
50,0.3,132,bot2,1,success,30,0,7.653
50,0.3,132,bot3,1,success,30,0,7.896
50,0.3,132,bot4,1,success,30,0,38.634
50,0.3,133,bot1,1,success,16,0,0.203
50,0.3,133,bot2,1,success,16,0,2.358
50,0.3,133,bot3,1,success,16,0,2.492
50,0.3,133,bot4,1,success,16,0,20.454
50,0.3,134,bot1,1,success,18,0,0.24
50,0.3,134,bot2,1,success,18,0,2.93
50,0.3,134,bot3,1,success,18,0,2.956
50,0.3,134,bot4,1,success,18,0,22.077
50,0.3,135,bot1,1,success,41,0,0.909
50,0.3,135,bot2,1,success,41,0,16.58
50,0.3,135,bot3,1,success,41,0,17.107
50,0.3,135,bot4,1,success,41,0,60.517
50,0.3,136,bot1,1,success,41,0,0.356
50,0.3,136,bot2,1,success,41,0,10.048
50,0.3,136,bot3,1,success,41,0,10.327
50,0.3,136,bot4,1,success,41,0,55.529
50,0.3,137,bot1,1,success,65,0,1.036
50,0.3,137,bot2,1,success,65,0,40.171
50,0.3,137,bot3,1,success,65,0,43.061
50,0.3,137,bot4,1,success,65,0,102.656
50,0.3,138,bot1,1,success,25,0,0.348
50,0.3,138,bot2,1,success,25,0,4.928
50,0.3,138,bot3,1,success,25,0,5.646
50,0.3,138,bot4,1,success,25,0,34.163
50,0.3,139,bot1,1,success,32,0,0.409
50,0.3,139,bot2,1,success,32,0,8.126
50,0.3,139,bot3,1,success,32,0,8.395
50,0.3,139,bot4,1,success,32,0,47.33
50,0.3,140,bot1,1,success,9,0,0.149
50,0.3,140,bot2,1,success,9,0,1.2
50,0.3,140,bot3,1,success,9,0,1.145
50,0.3,140,bot4,1,success,9,0,13.054
50,0.3,141,bot1,1,success,64,0,1.047
50,0.3,141,bot2,1,success,64,0,29.771
50,0.3,141,bot3,1,success,64,0,29.88
50,0.3,141,bot4,1,success,64,0,86.025
50,0.3,142,bot1,1,success,22,0,0.218
50,0.3,142,bot2,1,success,22,0,7.215
50,0.3,142,bot3,1,success,22,0,4.197
50,0.3,142,bot4,1,success,22,0,32.077
50,0.3,143,bot1,1,success,70,0,1.166
50,0.3,143,bot2,1,success,70,0,46.27
50,0.3,143,bot3,1,success,70,0,45.312
50,0.3,143,bot4,1,success,70,0,103.705
50,0.3,144,bot1,1,success,27,0,0.54
50,0.3,144,bot2,1,success,27,0,6.593
50,0.3,144,bot3,1,success,27,0,7.619
50,0.3,144,bot4,1,success,27,0,42.723
50,0.3,145,bot1,1,success,34,0,0.504
50,0.3,145,bot2,1,success,34,0,11.744
50,0.3,145,bot3,1,success,36,1,8.994
50,0.3,145,bot4,1,success,36,1,50.122
50,0.3,146,bot1,1,success,14,0,0.176
50,0.3,146,bot2,1,success,14,0,1.921
50,0.3,146,bot3,1,success,14,0,1.89
50,0.3,146,bot4,1,success,14,0,17.496
50,0.3,147,bot1,1,success,35,0,0.622
50,0.3,147,bot2,1,success,35,0,10.741
50,0.3,147,bot3,1,success,35,0,11.206
50,0.3,147,bot4,1,success,35,0,51.205
50,0.3,148,bot1,1,success,28,0,0.392
50,0.3,148,bot2,1,success,28,0,5.505
50,0.3,148,bot3,1,success,28,0,5.664
50,0.3,148,bot4,1,success,28,0,38.041
50,0.3,149,bot1,0,entered_fire,23,5,1.09
50,0.3,149,bot2,0,trapped,89,0,66.877
50,0.3,149,bot3,0,trapped,89,4,78.569
50,0.3,149,bot4,0,trapped,89,3,233.68
50,0.3,150,bot1,1,success,24,0,0.322
50,0.3,150,bot2,1,success,24,0,4.619
50,0.3,150,bot3,1,success,24,0,4.868
50,0.3,150,bot4,1,success,24,0,32.883
50,0.3,151,bot1,1,success,51,0,0.879
50,0.3,151,bot2,1,success,51,0,22.915
50,0.3,151,bot3,1,success,51,0,25.54
50,0.3,151,bot4,1,success,51,0,73.014
50,0.3,152,bot1,1,success,50,0,0.699
50,0.3,152,bot2,1,success,50,0,19.438
50,0.3,152,bot3,1,success,54,2,26.803
50,0.3,152,bot4,1,success,52,1,81.745
50,0.3,153,bot1,1,success,30,0,0.551
50,0.3,153,bot2,1,success,30,0,7.781
50,0.3,153,bot3,1,success,30,0,8.319
50,0.3,153,bot4,1,success,30,0,55.598
50,0.3,154,bot1,1,success,52,0,0.77
50,0.3,154,bot2,1,success,52,0,21.843
50,0.3,154,bot3,1,success,52,0,29.985
50,0.3,154,bot4,1,success,52,0,98.78
50,0.3,155,bot1,1,success,13,0,0.214
50,0.3,155,bot2,1,success,13,0,1.811
50,0.3,155,bot3,1,success,13,0,1.816
50,0.3,155,bot4,1,success,13,0,19.199
50,0.3,156,bot1,1,success,49,0,0.966
50,0.3,156,bot2,1,success,49,0,20.488
50,0.3,156,bot3,1,success,49,0,20.573
50,0.3,156,bot4,1,success,49,0,74.696
50,0.3,157,bot1,1,success,26,0,0.345
50,0.3,157,bot2,1,success,26,0,5.098
50,0.3,157,bot3,1,success,26,0,7.28
50,0.3,157,bot4,1,success,26,0,38.853
50,0.3,158,bot1,1,success,48,0,0.699
50,0.3,158,bot2,1,success,48,0,21.088
50,0.3,158,bot3,1,success,48,0,22.216
50,0.3,158,bot4,1,success,48,0,77.517
50,0.3,159,bot1,1,success,28,0,0.448
50,0.3,159,bot2,1,success,28,0,6.453
50,0.3,159,bot3,1,success,28,0,8.508
50,0.3,159,bot4,1,success,28,0,49.941
50,0.3,160,bot1,1,success,23,0,0.647
50,0.3,160,bot2,1,success,23,0,4.858
50,0.3,160,bot3,1,success,23,0,6.193
50,0.3,160,bot4,1,success,23,0,41.284
50,0.3,161,bot1,0,caught,34,0,0.829
50,0.3,161,bot2,0,caught,34,0,20.915
50,0.3,161,bot3,0,trapped,70,5,49.026
50,0.3,161,bot4,1,success,57,0,104.759
50,0.3,162,bot1,1,success,51,0,1.689
50,0.3,162,bot2,1,success,51,0,29.418
50,0.3,162,bot3,1,success,51,0,27.272
50,0.3,162,bot4,1,success,51,0,73.237
50,0.3,163,bot1,1,success,28,0,0.399
50,0.3,163,bot2,1,success,28,0,6.064
50,0.3,163,bot3,1,success,28,0,6.168
50,0.3,163,bot4,1,success,28,0,41.519
50,0.3,164,bot1,1,success,15,0,0.238
50,0.3,164,bot2,1,success,15,0,2.225
50,0.3,164,bot3,1,success,15,0,2.346
50,0.3,164,bot4,1,success,15,0,20.477
50,0.3,165,bot1,0,caught,29,1,1.178
50,0.3,165,bot2,0,trapped,61,0,50.084
50,0.3,165,bot3,0,trapped,61,5,50.163
50,0.3,165,bot4,0,trapped,61,5,100.801
50,0.3,166,bot1,0,entered_fire,49,0,1.008
50,0.3,166,bot2,0,trapped,27,0,34.077
50,0.3,166,bot3,0,trapped,27,0,31.01
50,0.3,166,bot4,0,trapped,27,0,71.295
50,0.3,167,bot1,1,success,36,0,0.387
50,0.3,167,bot2,1,success,36,0,10.916
50,0.3,167,bot3,1,success,36,0,13.31
50,0.3,167,bot4,1,success,36,0,53.693
50,0.3,168,bot1,1,success,32,0,0.46
50,0.3,168,bot2,1,success,32,0,8.612
50,0.3,168,bot3,1,success,32,0,12.744
50,0.3,168,bot4,1,success,32,0,50.465
50,0.3,169,bot1,1,success,43,0,0.68
50,0.3,169,bot2,1,success,43,0,16.192
50,0.3,169,bot3,1,success,43,0,16.831
50,0.3,169,bot4,1,success,43,0,58.584
50,0.3,170,bot1,1,success,43,0,0.423
50,0.3,170,bot2,1,success,43,0,12.36
50,0.3,170,bot3,1,success,43,0,13.051
50,0.3,170,bot4,1,success,43,0,62.221
50,0.3,171,bot1,1,success,72,0,1.363
50,0.3,171,bot2,1,success,72,0,58.213
50,0.3,171,bot3,1,success,72,0,55.495
50,0.3,171,bot4,1,success,72,0,117.335
50,0.3,172,bot1,1,success,41,0,0.561
50,0.3,172,bot2,1,success,41,0,14.834
50,0.3,172,bot3,1,success,41,0,15.777
50,0.3,172,bot4,1,success,41,0,62.871
50,0.3,173,bot1,1,success,67,0,1.056
50,0.3,173,bot2,1,success,67,0,40.601
50,0.3,173,bot3,1,success,67,0,42.545
50,0.3,173,bot4,1,success,67,0,96.471
50,0.3,174,bot1,1,success,21,0,0.279
50,0.3,174,bot2,1,success,21,0,3.455
50,0.3,174,bot3,1,success,21,0,3.483
50,0.3,174,bot4,1,success,21,0,28.605
50,0.3,175,bot1,1,success,19,0,0.212
50,0.3,175,bot2,1,success,19,0,2.998
50,0.3,175,bot3,1,success,19,0,3.095
50,0.3,175,bot4,1,success,19,0,27.982
50,0.3,176,bot1,1,success,61,0,1.038
50,0.3,176,bot2,1,success,61,0,33.201
50,0.3,176,bot3,1,success,61,0,39.735
50,0.3,176,bot4,1,success,61,0,122.881
50,0.3,177,bot1,1,success,40,0,0.57
50,0.3,177,bot2,1,success,40,0,12.186
50,0.3,177,bot3,1,success,40,0,13.948
50,0.3,177,bot4,1,success,40,0,57.827
50,0.3,178,bot1,1,success,39,0,0.53
50,0.3,178,bot2,1,success,39,0,11.16
50,0.3,178,bot3,1,success,39,0,11.793
50,0.3,178,bot4,1,success,39,0,58.198
50,0.3,179,bot1,1,success,61,0,0.597
50,0.3,179,bot2,1,success,61,0,23.906
50,0.3,179,bot3,1,success,61,0,25.705
50,0.3,179,bot4,1,success,61,0,112.24
50,0.3,180,bot1,1,success,40,0,0.786
50,0.3,180,bot2,1,success,40,0,15.023
50,0.3,180,bot3,1,success,40,0,15.609
50,0.3,180,bot4,1,success,40,0,65.768
50,0.3,181,bot1,1,success,29,0,0.332
50,0.3,181,bot2,1,success,29,0,6.741
50,0.3,181,bot3,1,success,29,0,8.955
50,0.3,181,bot4,1,success,29,0,43.429
50,0.3,182,bot1,1,success,54,0,0.471
50,0.3,182,bot2,1,success,54,0,18.334
50,0.3,182,bot3,1,success,54,0,24.049
50,0.3,182,bot4,1,success,54,0,79.71
50,0.3,183,bot1,1,success,37,0,0.48
50,0.3,183,bot2,1,success,37,0,9.08
50,0.3,183,bot3,1,success,37,0,13.751
50,0.3,183,bot4,1,success,37,0,46.522
50,0.3,184,bot1,1,success,67,0,0.87
50,0.3,184,bot2,1,success,67,0,36.996
50,0.3,184,bot3,1,success,67,0,41.185
50,0.3,184,bot4,1,success,67,0,100.798
50,0.3,185,bot1,1,success,75,0,0.973
50,0.3,185,bot2,1,success,75,0,51.943
50,0.3,185,bot3,1,success,75,0,54.719
50,0.3,185,bot4,1,success,75,0,135.594
50,0.3,186,bot1,1,success,64,0,0.841
50,0.3,186,bot2,1,success,64,0,26.354
50,0.3,186,bot3,1,success,64,0,31.002
50,0.3,186,bot4,1,success,64,0,110.723
50,0.3,187,bot1,1,success,21,0,0.276
50,0.3,187,bot2,1,success,21,0,3.89
50,0.3,187,bot3,1,success,21,0,4.154
50,0.3,187,bot4,1,success,21,0,29.467
50,0.3,188,bot1,1,success,27,0,0.247
50,0.3,188,bot2,1,success,27,0,4.713
50,0.3,188,bot3,1,success,27,0,4.677
50,0.3,188,bot4,1,success,27,0,34.39
50,0.3,189,bot1,1,success,37,0,0.451
50,0.3,189,bot2,1,success,37,0,10.821
50,0.3,189,bot3,1,success,37,0,12.773
50,0.3,189,bot4,1,success,37,0,50.436
50,0.3,190,bot1,1,success,29,0,0.364
50,0.3,190,bot2,1,success,29,0,7.321
50,0.3,190,bot3,1,success,29,0,7.698
50,0.3,190,bot4,1,success,29,0,36.747
50,0.3,191,bot1,0,entered_fire,32,0,0.608
50,0.3,191,bot2,0,trapped,26,0,11.468
50,0.3,191,bot3,0,trapped,26,0,18.793
50,0.3,191,bot4,0,trapped,26,0,41.821
50,0.3,192,bot1,1,success,24,0,0.311
50,0.3,192,bot2,1,success,24,0,5.352
50,0.3,192,bot3,1,success,24,0,4.711
50,0.3,192,bot4,1,success,24,0,31.422
50,0.3,193,bot1,1,success,21,0,0.259
50,0.3,193,bot2,1,success,21,0,3.397
50,0.3,193,bot3,1,success,21,0,3.568
50,0.3,193,bot4,1,success,21,0,27.6
50,0.3,194,bot1,1,success,50,0,0.882
50,0.3,194,bot2,1,success,50,0,21.396
50,0.3,194,bot3,1,success,50,0,22.439
50,0.3,194,bot4,1,success,50,0,71.427
50,0.3,195,bot1,1,success,36,0,0.668
50,0.3,195,bot2,1,success,36,0,12.35
50,0.3,195,bot3,1,success,36,0,13.042
50,0.3,195,bot4,1,success,36,0,53.698
50,0.3,196,bot1,1,success,36,0,0.524
50,0.3,196,bot2,1,success,36,0,10.718
50,0.3,196,bot3,1,success,36,0,10.996
50,0.3,196,bot4,1,success,36,0,54.726
50,0.3,197,bot1,1,success,67,0,1.018
50,0.3,197,bot2,1,success,67,0,34.214
50,0.3,197,bot3,1,success,67,0,38.239
50,0.3,197,bot4,1,success,67,0,97.542
50,0.3,198,bot1,0,button_burned,60,4,1.038
50,0.3,198,bot2,0,trapped,57,0,56.36
50,0.3,198,bot3,0,trapped,57,0,69.72
50,0.3,198,bot4,0,trapped,57,0,91.541
50,0.3,199,bot1,1,success,35,0,0.506
50,0.3,199,bot2,1,success,35,0,8.671
50,0.3,199,bot3,1,success,35,0,9.497
50,0.3,199,bot4,1,success,35,0,47.239
50,0.35,0,bot1,0,entered_fire,20,7,1.088
50,0.35,0,bot2,1,success,89,0,52.932
50,0.35,0,bot3,1,success,87,3,61.318
50,0.35,0,bot4,1,success,85,2,125.404
50,0.35,1,bot1,1,success,37,0,0.513
50,0.35,1,bot2,1,success,37,0,9.898
50,0.35,1,bot3,1,success,37,0,10.717
50,0.35,1,bot4,1,success,37,0,50.171
50,0.35,2,bot1,0,caught,6,1,0.534
50,0.35,2,bot2,0,trapped,37,0,12.729
50,0.35,2,bot3,1,success,44,5,13.228
50,0.35,2,bot4,1,success,44,5,57.118
50,0.35,3,bot1,1,success,43,0,0.735
50,0.35,3,bot2,1,success,43,0,15.24
50,0.35,3,bot3,1,success,43,0,16.305
50,0.35,3,bot4,1,success,43,0,56.673
50,0.35,4,bot1,1,success,35,0,0.481
50,0.35,4,bot2,1,success,35,0,9.277
50,0.35,4,bot3,1,success,35,0,9.278
50,0.35,4,bot4,1,success,35,0,45.649
50,0.35,5,bot1,1,success,41,0,0.762
50,0.35,5,bot2,1,success,41,0,14.425
50,0.35,5,bot3,1,success,41,0,15.998
50,0.35,5,bot4,1,success,41,0,71.981
50,0.35,6,bot1,1,success,68,0,0.761
50,0.35,6,bot2,1,success,68,0,33.148
50,0.35,6,bot3,1,success,68,0,35.995
50,0.35,6,bot4,1,success,68,0,109.211
50,0.35,7,bot1,1,success,43,0,0.62
50,0.35,7,bot2,1,success,43,0,18.648
50,0.35,7,bot3,1,success,43,0,15.649
50,0.35,7,bot4,1,success,43,0,60.037
50,0.35,8,bot1,0,caught,47,1,0.855
50,0.35,8,bot2,0,trapped,53,0,33.989
50,0.35,8,bot3,0,trapped,53,1,40.144
50,0.35,8,bot4,0,trapped,53,1,84.323
50,0.35,9,bot1,1,success,6,0,0.133
50,0.35,9,bot2,1,success,6,0,0.683
50,0.35,9,bot3,1,success,6,0,0.706
50,0.35,9,bot4,1,success,6,0,8.042
50,0.35,10,bot1,1,success,34,0,0.374
50,0.35,10,bot2,1,success,34,0,7.945
50,0.35,10,bot3,1,success,34,0,9.62
50,0.35,10,bot4,1,success,34,0,46.399
50,0.35,11,bot1,1,success,40,0,0.792
50,0.35,11,bot2,1,success,40,0,14.04
50,0.35,11,bot3,1,success,40,0,15.329
50,0.35,11,bot4,1,success,40,0,57.912
50,0.35,12,bot1,1,success,40,0,0.551
50,0.35,12,bot2,1,success,40,0,12.513
50,0.35,12,bot3,1,success,40,0,13.91
50,0.35,12,bot4,1,success,40,0,61.119
50,0.35,13,bot1,0,button_burned,36,0,0.845
50,0.35,13,bot2,0,button_burned,36,0,32.154
50,0.35,13,bot3,0,button_burned,36,0,41.618
50,0.35,13,bot4,0,button_burned,36,0,107.527
50,0.35,14,bot1,1,success,40,0,0.489
50,0.35,14,bot2,1,success,40,0,12.186
50,0.35,14,bot3,1,success,40,0,12.548
50,0.35,14,bot4,1,success,40,0,59.051
50,0.35,15,bot1,0,caught,27,3,0.981
50,0.35,15,bot2,0,trapped,63,0,52.216
50,0.35,15,bot3,0,trapped,91,3,70.992
50,0.35,15,bot4,1,success,89,3,139.643
50,0.35,16,bot1,0,button_burned,27,0,0.907
50,0.35,16,bot2,0,button_burned,27,0,21.568
50,0.35,16,bot3,0,button_burned,27,0,29.406
50,0.35,16,bot4,0,button_burned,27,0,54.663
50,0.35,17,bot1,1,success,43,0,1.39
50,0.35,17,bot2,1,success,43,0,15.859
50,0.35,17,bot3,1,success,43,0,16.857
50,0.35,17,bot4,1,success,43,0,61.043
50,0.35,18,bot1,1,success,15,0,0.245
50,0.35,18,bot2,1,success,15,0,3.179
50,0.35,18,bot3,1,success,15,0,3.53
50,0.35,18,bot4,1,success,15,0,32.208
50,0.35,19,bot1,1,success,49,0,0.784
50,0.35,19,bot2,1,success,49,0,18.932
50,0.35,19,bot3,1,success,49,0,30.183
50,0.35,19,bot4,1,success,49,0,74.32
50,0.35,20,bot1,1,success,61,0,0.984
50,0.35,20,bot2,1,success,61,0,34.243
50,0.35,20,bot3,1,success,61,0,34.805
50,0.35,20,bot4,1,success,61,0,86.124
50,0.35,21,bot1,1,success,39,0,0.471
50,0.35,21,bot2,1,success,39,0,11.204
50,0.35,21,bot3,1,success,39,0,12.329
50,0.35,21,bot4,1,success,39,0,59.41
50,0.35,22,bot1,1,success,18,0,0.22
50,0.35,22,bot2,1,success,18,0,3.01
50,0.35,22,bot3,1,success,18,0,3.617
50,0.35,22,bot4,1,success,18,0,25.561
50,0.35,23,bot1,0,button_burned,24,0,1.525
50,0.35,23,bot2,0,button_burned,24,0,27.548
50,0.35,23,bot3,0,button_burned,24,1,33.246
50,0.35,23,bot4,0,button_burned,24,1,63.039
50,0.35,24,bot1,1,success,39,0,1.157
50,0.35,24,bot2,1,success,39,0,13.456
50,0.35,24,bot3,1,success,39,0,13.055
50,0.35,24,bot4,1,success,41,1,57.43
50,0.35,25,bot1,1,success,10,0,0.162
50,0.35,25,bot2,1,success,10,0,1.272
50,0.35,25,bot3,1,success,10,0,1.409
50,0.35,25,bot4,1,success,10,0,13.333
50,0.35,26,bot1,1,success,75,0,0.986
50,0.35,26,bot2,1,success,75,0,42.606
50,0.35,26,bot3,1,success,75,0,45.667
50,0.35,26,bot4,1,success,75,0,140.169
50,0.35,27,bot1,0,caught,31,6,1.072
50,0.35,27,bot2,1,success,95,0,74.437
50,0.35,27,bot3,1,success,93,0,85.537
50,0.35,27,bot4,1,success,93,0,166.094
50,0.35,28,bot1,0,entered_fire,18,9,0.469
50,0.35,28,bot2,0,button_burned,34,0,24.447
50,0.35,28,bot3,0,button_burned,34,2,24.751
50,0.35,28,bot4,0,button_burned,34,1,59.678
50,0.35,29,bot1,1,success,18,0,0.209
50,0.35,29,bot2,1,success,18,0,2.749
50,0.35,29,bot3,1,success,18,0,2.864
50,0.35,29,bot4,1,success,18,0,25.205
50,0.35,30,bot1,0,button_burned,24,1,0.276
50,0.35,30,bot2,0,button_burned,24,0,4.769
50,0.35,30,bot3,0,button_burned,24,2,6.134
50,0.35,30,bot4,0,button_burned,24,2,31.905
50,0.35,31,bot1,1,success,41,0,0.807
50,0.35,31,bot2,1,success,41,0,13.563
50,0.35,31,bot3,1,success,41,0,15.15
50,0.35,31,bot4,1,success,41,0,56.352
50,0.35,32,bot1,1,success,40,0,0.669
50,0.35,32,bot2,1,success,40,0,15.218
50,0.35,32,bot3,1,success,40,0,21.681
50,0.35,32,bot4,1,success,40,0,61.281
50,0.35,33,bot1,1,success,14,0,0.18
50,0.35,33,bot2,1,success,14,0,1.98
50,0.35,33,bot3,1,success,14,0,2.249
50,0.35,33,bot4,1,success,14,0,20.756
50,0.35,34,bot1,1,success,6,0,0.145
50,0.35,34,bot2,1,success,6,0,0.779
50,0.35,34,bot3,1,success,6,0,0.857
50,0.35,34,bot4,1,success,6,0,8.299
50,0.35,35,bot1,1,success,43,0,0.721
50,0.35,35,bot2,1,success,43,0,15.205
50,0.35,35,bot3,1,success,43,0,18.712
50,0.35,35,bot4,1,success,43,0,60.301
50,0.35,36,bot1,1,success,62,0,1.209
50,0.35,36,bot2,1,success,62,0,34.128
50,0.35,36,bot3,1,success,62,0,39.195
50,0.35,36,bot4,1,success,62,0,96.611
50,0.35,37,bot1,1,success,25,0,0.295
50,0.35,37,bot2,1,success,25,0,4.619
50,0.35,37,bot3,1,success,25,0,5.017
50,0.35,37,bot4,1,success,25,0,38.697
50,0.35,38,bot1,1,success,12,0,0.171
50,0.35,38,bot2,1,success,12,0,1.608
50,0.35,38,bot3,1,success,12,0,1.673
50,0.35,38,bot4,1,success,12,0,16.201
50,0.35,39,bot1,1,success,21,0,0.255
50,0.35,39,bot2,1,success,21,0,3.098
50,0.35,39,bot3,1,success,21,0,3.8
50,0.35,39,bot4,1,success,21,0,27.793
50,0.35,40,bot1,1,success,19,0,0.259
50,0.35,40,bot2,1,success,19,0,3.251
50,0.35,40,bot3,1,success,19,0,3.703
50,0.35,40,bot4,1,success,19,0,36.589
50,0.35,41,bot1,0,button_burned,6,0,0.928
50,0.35,41,bot2,0,button_burned,6,0,5.364
50,0.35,41,bot3,0,button_burned,6,0,6.56
50,0.35,41,bot4,0,button_burned,6,0,13.486
50,0.35,42,bot1,1,success,21,0,0.287
50,0.35,42,bot2,1,success,21,0,3.701
50,0.35,42,bot3,1,success,21,0,3.937
50,0.35,42,bot4,1,success,21,0,39.769
50,0.35,43,bot1,1,success,37,0,1.332
50,0.35,43,bot2,1,success,37,0,10.297
50,0.35,43,bot3,1,success,37,0,11.406
50,0.35,43,bot4,1,success,37,0,59.234
50,0.35,44,bot1,1,success,14,0,0.196
50,0.35,44,bot2,1,success,14,0,2.137
50,0.35,44,bot3,1,success,14,0,2.337
50,0.35,44,bot4,1,success,14,0,29.462
50,0.35,45,bot1,1,success,15,0,0.188
50,0.35,45,bot2,1,success,15,0,2.338
50,0.35,45,bot3,1,success,15,0,2.187
50,0.35,45,bot4,1,success,15,0,21.282
50,0.35,46,bot1,1,success,76,0,1.072
50,0.35,46,bot2,1,success,76,0,54.121
50,0.35,46,bot3,1,success,76,0,73.71
50,0.35,46,bot4,1,success,76,0,128.988
50,0.35,47,bot1,1,success,41,0,0.763
50,0.35,47,bot2,1,success,41,0,14.952
50,0.35,47,bot3,1,success,41,0,18.037
50,0.35,47,bot4,1,success,41,0,60.798
50,0.35,48,bot1,1,success,22,0,0.381
50,0.35,48,bot2,1,success,22,0,6.16
50,0.35,48,bot3,1,success,22,0,5.794
50,0.35,48,bot4,1,success,22,0,29.459
50,0.35,49,bot1,0,button_burned,42,0,0.531
50,0.35,49,bot2,0,trapped,33,0,13.964
50,0.35,49,bot3,0,trapped,33,0,25.01
50,0.35,49,bot4,0,trapped,33,0,63.154
50,0.35,50,bot1,1,success,27,0,0.412
50,0.35,50,bot2,1,success,27,0,6.639
50,0.35,50,bot3,1,success,27,0,7.027
50,0.35,50,bot4,1,success,27,0,38.381
50,0.35,51,bot1,1,success,12,0,0.171
50,0.35,51,bot2,1,success,12,0,1.697
50,0.35,51,bot3,1,success,12,0,2.259
50,0.35,51,bot4,1,success,12,0,31.712
50,0.35,52,bot1,1,success,11,0,0.289
50,0.35,52,bot2,1,success,11,0,1.596
50,0.35,52,bot3,1,success,11,0,1.568
50,0.35,52,bot4,1,success,11,0,15.267
50,0.35,53,bot1,0,entered_fire,11,2,0.886
50,0.35,53,bot2,1,success,82,0,38.839
50,0.35,53,bot3,1,success,82,0,49.14
50,0.35,53,bot4,1,success,90,4,187.78
50,0.35,54,bot1,1,success,40,0,0.55
50,0.35,54,bot2,1,success,40,0,12.923
50,0.35,54,bot3,1,success,40,0,14.23
50,0.35,54,bot4,1,success,40,0,55.737
50,0.35,55,bot1,1,success,61,0,1.038
50,0.35,55,bot2,1,success,61,0,36.885
50,0.35,55,bot3,1,success,61,0,37.295
50,0.35,55,bot4,1,success,61,0,104.615
50,0.35,56,bot1,1,success,52,0,0.779
50,0.35,56,bot2,1,success,52,0,22.816
50,0.35,56,bot3,1,success,52,0,24.68
50,0.35,56,bot4,1,success,52,0,106.531
50,0.35,57,bot1,1,success,25,0,0.357
50,0.35,57,bot2,1,success,25,0,5.849
50,0.35,57,bot3,1,success,25,0,6.369
50,0.35,57,bot4,1,success,25,0,42.121
50,0.35,58,bot1,1,success,25,0,0.251
50,0.35,58,bot2,1,success,25,0,5.181
50,0.35,58,bot3,1,success,25,0,5.47
50,0.35,58,bot4,1,success,25,0,37.286
50,0.35,59,bot1,1,success,31,0,0.41
50,0.35,59,bot2,1,success,31,0,6.375
50,0.35,59,bot3,1,success,31,0,7.751
50,0.35,59,bot4,1,success,31,0,42.296
50,0.35,60,bot1,1,success,12,0,0.173
50,0.35,60,bot2,1,success,12,0,1.554
50,0.35,60,bot3,1,success,12,0,1.642
50,0.35,60,bot4,1,success,12,0,16.638
50,0.35,61,bot1,1,success,36,0,0.621
50,0.35,61,bot2,1,success,36,0,12.781
50,0.35,61,bot3,1,success,36,0,13.152
50,0.35,61,bot4,1,success,36,0,50.686
50,0.35,62,bot1,1,success,19,0,0.508
50,0.35,62,bot2,1,success,19,0,3.396
50,0.35,62,bot3,1,success,19,0,4.38
50,0.35,62,bot4,1,success,19,0,26.274
50,0.35,63,bot1,1,success,26,0,0.44
50,0.35,63,bot2,1,success,26,0,5.075
50,0.35,63,bot3,1,success,26,0,5.768
50,0.35,63,bot4,1,success,26,0,36.608
50,0.35,64,bot1,1,success,19,0,0.212
50,0.35,64,bot2,1,success,19,0,3.208
50,0.35,64,bot3,1,success,19,0,3.273
50,0.35,64,bot4,1,success,19,0,27.863
50,0.35,65,bot1,1,success,36,0,0.469
50,0.35,65,bot2,1,success,36,0,8.215
50,0.35,65,bot3,1,success,36,0,8.783
50,0.35,65,bot4,1,success,36,0,50.45
50,0.35,66,bot1,0,button_burned,6,0,0.404
50,0.35,66,bot2,0,button_burned,6,0,2.273
50,0.35,66,bot3,0,button_burned,6,0,4.242
50,0.35,66,bot4,0,button_burned,6,0,9.569
50,0.35,67,bot1,1,success,46,0,0.549
50,0.35,67,bot2,1,success,46,0,14.353
50,0.35,67,bot3,1,success,46,0,16.314
50,0.35,67,bot4,1,success,46,0,68.552
50,0.35,68,bot1,1,success,41,0,0.899
50,0.35,68,bot2,1,success,41,0,14.792
50,0.35,68,bot3,1,success,41,0,15.645
50,0.35,68,bot4,1,success,41,0,54.286
50,0.35,69,bot1,1,success,40,0,0.382
50,0.35,69,bot2,1,success,40,0,9.457
50,0.35,69,bot3,1,success,40,0,9.41
50,0.35,69,bot4,1,success,40,0,56.623
50,0.35,70,bot1,0,caught,2,1,0.699
50,0.35,70,bot2,1,success,73,0,34.426
50,0.35,70,bot3,1,success,69,4,42.306
50,0.35,70,bot4,1,success,69,4,116.327
50,0.35,71,bot1,1,success,77,0,1.029
50,0.35,71,bot2,1,success,77,0,40.854
50,0.35,71,bot3,1,success,77,0,47.621
50,0.35,71,bot4,1,success,77,0,120.715
50,0.35,72,bot1,0,button_burned,25,0,0.789
50,0.35,72,bot2,0,button_burned,25,0,13.302
50,0.35,72,bot3,0,button_burned,25,0,48.609
50,0.35,72,bot4,0,button_burned,25,0,51.378
50,0.35,73,bot1,0,entered_fire,9,2,4.323
50,0.35,73,bot2,0,trapped,15,0,13.541
50,0.35,73,bot3,0,trapped,15,1,13.356
50,0.35,73,bot4,0,trapped,15,1,28.447
50,0.35,74,bot1,0,entered_fire,13,4,0.77
50,0.35,74,bot2,0,trapped,45,0,67.614
50,0.35,74,bot3,0,trapped,45,6,45.343
50,0.35,74,bot4,0,trapped,45,3,84.271
50,0.35,75,bot1,1,success,23,0,0.284
50,0.35,75,bot2,1,success,23,0,4.641
50,0.35,75,bot3,1,success,23,0,4.519
50,0.35,75,bot4,1,success,23,0,29.888
50,0.35,76,bot1,1,success,28,0,0.506
50,0.35,76,bot2,1,success,28,0,5.908
50,0.35,76,bot3,1,success,28,0,6.143
50,0.35,76,bot4,1,success,28,0,36.446
50,0.35,77,bot1,1,success,52,0,0.783
50,0.35,77,bot2,1,success,52,0,22.903
50,0.35,77,bot3,1,success,52,0,25.433
50,0.35,77,bot4,1,success,52,0,97.415
50,0.35,78,bot1,1,success,55,0,0.938
50,0.35,78,bot2,1,success,55,0,30.2
50,0.35,78,bot3,1,success,55,0,31.455
50,0.35,78,bot4,1,success,55,0,88.986
50,0.35,79,bot1,0,entered_fire,37,6,1.5
50,0.35,79,bot2,1,success,79,0,45.885
50,0.35,79,bot3,1,success,75,2,60.222
50,0.35,79,bot4,1,success,75,2,118.114
50,0.35,80,bot1,1,success,52,0,0.627
50,0.35,80,bot2,1,success,52,0,17.76
50,0.35,80,bot3,1,success,52,0,18.654
50,0.35,80,bot4,1,success,52,0,77.559
50,0.35,81,bot1,1,success,53,0,0.874
50,0.35,81,bot2,1,success,53,0,25.899
50,0.35,81,bot3,1,success,53,0,28.735
50,0.35,81,bot4,1,success,53,0,76.761
50,0.35,82,bot1,0,entered_fire,49,0,0.924
50,0.35,82,bot2,0,trapped,41,0,28.026
50,0.35,82,bot3,0,trapped,41,0,32.477
50,0.35,82,bot4,0,trapped,41,0,69.283
50,0.35,83,bot1,0,button_burned,10,0,1.134
50,0.35,83,bot2,0,button_burned,10,0,9.564
50,0.35,83,bot3,0,button_burned,10,0,18.371
50,0.35,83,bot4,0,button_burned,10,0,21.872
50,0.35,84,bot1,1,success,47,0,0.564
50,0.35,84,bot2,1,success,47,0,15.349
50,0.35,84,bot3,1,success,47,0,20.875
50,0.35,84,bot4,1,success,47,0,76.297
50,0.35,85,bot1,0,button_burned,37,0,0.878
50,0.35,85,bot2,0,button_burned,37,0,15.204
50,0.35,85,bot3,0,button_burned,37,0,17.699
50,0.35,85,bot4,0,button_burned,37,0,51.13
50,0.35,86,bot1,1,success,14,0,0.223
50,0.35,86,bot2,1,success,14,0,2.429
50,0.35,86,bot3,1,success,14,0,2.273
50,0.35,86,bot4,1,success,14,0,19.223
50,0.35,87,bot1,0,button_burned,19,0,1.082
50,0.35,87,bot2,0,trapped,15,0,20.484
50,0.35,87,bot3,0,trapped,15,0,19.349
50,0.35,87,bot4,0,trapped,15,0,35.413
50,0.35,88,bot1,1,success,53,0,1.35
50,0.35,88,bot2,1,success,53,0,30.313
50,0.35,88,bot3,1,success,53,0,26.52
50,0.35,88,bot4,1,success,53,0,81.336
50,0.35,89,bot1,1,success,15,0,0.197
50,0.35,89,bot2,1,success,15,0,2.055
50,0.35,89,bot3,1,success,15,0,2.229
50,0.35,89,bot4,1,success,15,0,18.373
50,0.35,90,bot1,1,success,26,0,0.332
50,0.35,90,bot2,1,success,26,0,4.758
50,0.35,90,bot3,1,success,26,0,5.147
50,0.35,90,bot4,1,success,26,0,32.639
50,0.35,91,bot1,1,success,6,0,0.153
50,0.35,91,bot2,1,success,6,0,0.67
50,0.35,91,bot3,1,success,6,0,0.691
50,0.35,91,bot4,1,success,6,0,7.972
50,0.35,92,bot1,1,success,56,0,0.742
50,0.35,92,bot2,1,success,56,0,22.685
50,0.35,92,bot3,1,success,56,0,23.948
50,0.35,92,bot4,1,success,56,0,86.74
50,0.35,93,bot1,1,success,5,0,0.121
50,0.35,93,bot2,1,success,5,0,0.567
50,0.35,93,bot3,1,success,5,0,0.598
50,0.35,93,bot4,1,success,5,0,6.695
50,0.35,94,bot1,1,success,51,0,0.704
50,0.35,94,bot2,1,success,51,0,20.213
50,0.35,94,bot3,1,success,51,0,21.225
50,0.35,94,bot4,1,success,51,0,73.27
50,0.35,95,bot1,1,success,55,0,0.753
50,0.35,95,bot2,1,success,55,0,24.157
50,0.35,95,bot3,1,success,55,0,32.803
50,0.35,95,bot4,1,success,55,0,78.762
50,0.35,96,bot1,1,success,35,0,0.484
50,0.35,96,bot2,1,success,35,0,9.474
50,0.35,96,bot3,1,success,35,0,11.112
50,0.35,96,bot4,1,success,35,0,78.939
50,0.35,97,bot1,1,success,43,0,0.916
50,0.35,97,bot2,1,success,43,0,15.966
50,0.35,97,bot3,1,success,43,0,16.645
50,0.35,97,bot4,1,success,43,0,58.352
50,0.35,98,bot1,1,success,31,0,0.437
50,0.35,98,bot2,1,success,31,0,7.266
50,0.35,98,bot3,1,success,31,0,7.185
50,0.35,98,bot4,1,success,31,0,40.294
50,0.35,99,bot1,1,success,49,0,1.049
50,0.35,99,bot2,1,success,49,0,22.438
50,0.35,99,bot3,1,success,49,0,29.52
50,0.35,99,bot4,1,success,49,0,68.524
50,0.35,100,bot1,1,success,36,0,0.351
50,0.35,100,bot2,1,success,36,0,9.986
50,0.35,100,bot3,1,success,36,0,8.284
50,0.35,100,bot4,1,success,36,0,48.356
50,0.35,101,bot1,1,success,54,0,0.78
50,0.35,101,bot2,1,success,54,0,23.108
50,0.35,101,bot3,1,success,54,0,32.943
50,0.35,101,bot4,1,success,54,0,78.461
50,0.35,102,bot1,1,success,25,0,0.348
50,0.35,102,bot2,1,success,25,0,4.722
50,0.35,102,bot3,1,success,25,0,6.402
50,0.35,102,bot4,1,success,25,0,33.895
50,0.35,103,bot1,1,success,32,0,0.375
50,0.35,103,bot2,1,success,32,0,7.209
50,0.35,103,bot3,1,success,32,0,7.039
50,0.35,103,bot4,1,success,32,0,43.96
50,0.35,104,bot1,1,success,44,0,0.672
50,0.35,104,bot2,1,success,44,0,15.026
50,0.35,104,bot3,1,success,44,0,18.627
50,0.35,104,bot4,1,success,44,0,57.444
50,0.35,105,bot1,1,success,35,0,0.466
50,0.35,105,bot2,1,success,35,0,17.058
50,0.35,105,bot3,1,success,35,0,9.247
50,0.35,105,bot4,1,success,35,0,49.026
50,0.35,106,bot1,0,caught,11,0,0.24
50,0.35,106,bot2,0,caught,11,0,2.339
50,0.35,106,bot3,1,success,23,0,4.639
50,0.35,106,bot4,1,success,23,0,36.51
50,0.35,107,bot1,1,success,42,0,1.51
50,0.35,107,bot2,1,success,42,0,14.785
50,0.35,107,bot3,1,success,42,0,16.102
50,0.35,107,bot4,1,success,42,0,56.554
50,0.35,108,bot1,1,success,36,0,0.435
50,0.35,108,bot2,1,success,36,0,8.826
50,0.35,108,bot3,1,success,36,0,8.816
50,0.35,108,bot4,1,success,36,0,45.503
50,0.35,109,bot1,1,success,21,0,0.389
50,0.35,109,bot2,1,success,21,0,4.104
50,0.35,109,bot3,1,success,21,0,3.969
50,0.35,109,bot4,1,success,21,0,36.244
50,0.35,110,bot1,0,entered_fire,43,1,1.027
50,0.35,110,bot2,1,success,67,0,31.619
50,0.35,110,bot3,1,success,63,0,41.719
50,0.35,110,bot4,1,success,63,0,95.329
50,0.35,111,bot1,1,success,28,0,0.262
50,0.35,111,bot2,1,success,28,0,5.136
50,0.35,111,bot3,1,success,28,0,5.61
50,0.35,111,bot4,1,success,28,0,36.958
50,0.35,112,bot1,1,success,75,0,0.912
50,0.35,112,bot2,1,success,75,0,42.643
50,0.35,112,bot3,1,success,75,0,50.591
50,0.35,112,bot4,1,success,75,0,114.262
50,0.35,113,bot1,1,success,52,0,0.682
50,0.35,113,bot2,1,success,52,0,19.92
50,0.35,113,bot3,1,success,52,0,23.427
50,0.35,113,bot4,1,success,52,0,74.877
50,0.35,114,bot1,1,success,9,0,0.162
50,0.35,114,bot2,1,success,9,0,1.135
50,0.35,114,bot3,1,success,9,0,1.159
50,0.35,114,bot4,1,success,9,0,11.995
50,0.35,115,bot1,0,button_burned,33,0,1.283
50,0.35,115,bot2,0,button_burned,33,0,13.113
50,0.35,115,bot3,0,button_burned,33,0,20.042
50,0.35,115,bot4,0,button_burned,33,0,48.682
50,0.35,116,bot1,0,entered_fire,25,1,0.387
50,0.35,116,bot2,0,button_burned,33,0,12.848
50,0.35,116,bot3,0,button_burned,33,0,19.081
50,0.35,116,bot4,0,button_burned,33,0,53.437
50,0.35,117,bot1,1,success,54,0,0.685
50,0.35,117,bot2,1,success,54,0,25.732
50,0.35,117,bot3,1,success,54,0,22.44
50,0.35,117,bot4,1,success,54,0,77.35
50,0.35,118,bot1,1,success,28,0,0.29
50,0.35,118,bot2,1,success,28,0,8.02
50,0.35,118,bot3,1,success,28,0,7.645
50,0.35,118,bot4,1,success,28,0,40.914
50,0.35,119,bot1,1,success,46,0,0.632
50,0.35,119,bot2,1,success,46,0,15.549
50,0.35,119,bot3,1,success,46,0,17.658
50,0.35,119,bot4,1,success,46,0,78.111
50,0.35,120,bot1,1,success,70,0,0.99
50,0.35,120,bot2,1,success,70,0,49.616
50,0.35,120,bot3,1,success,70,0,60.969
50,0.35,120,bot4,1,success,70,0,124.257
50,0.35,121,bot1,1,success,38,0,0.56
50,0.35,121,bot2,1,success,38,0,12.761
50,0.35,121,bot3,1,success,38,0,13.772
50,0.35,121,bot4,1,success,38,0,58.388
50,0.35,122,bot1,1,success,29,0,0.498
50,0.35,122,bot2,1,success,29,0,6.866
50,0.35,122,bot3,1,success,29,0,8.969
50,0.35,122,bot4,1,success,29,0,52.689
50,0.35,123,bot1,1,success,72,0,1.008
50,0.35,123,bot2,1,success,72,0,45.388
50,0.35,123,bot3,1,success,72,0,55.143
50,0.35,123,bot4,1,success,72,0,127.984
50,0.35,124,bot1,1,success,32,0,0.444
50,0.35,124,bot2,1,success,32,0,7.905
50,0.35,124,bot3,1,success,32,0,8.401
50,0.35,124,bot4,1,success,32,0,49.48
50,0.35,125,bot1,1,success,29,0,0.32
50,0.35,125,bot2,1,success,29,0,5.865
50,0.35,125,bot3,1,success,29,0,7.081
50,0.35,125,bot4,1,success,29,0,59.686
50,0.35,126,bot1,0,button_burned,24,2,0.746
50,0.35,126,bot2,0,button_burned,24,0,13.684
50,0.35,126,bot3,0,button_burned,24,0,16.237
50,0.35,126,bot4,0,button_burned,24,0,43.175
50,0.35,127,bot1,0,caught,37,6,0.933
50,0.35,127,bot2,0,trapped,32,0,31.005
50,0.35,127,bot3,0,trapped,32,0,33.092
50,0.35,127,bot4,0,trapped,32,0,81.157
50,0.35,128,bot1,1,success,38,0,0.433
50,0.35,128,bot2,1,success,38,0,9.372
50,0.35,128,bot3,1,success,38,0,9.984
50,0.35,128,bot4,1,success,38,0,54.722
50,0.35,129,bot1,1,success,24,0,0.454
50,0.35,129,bot2,1,success,24,0,6.375
50,0.35,129,bot3,1,success,24,0,9.596
50,0.35,129,bot4,1,success,24,0,33.442
50,0.35,130,bot1,1,success,27,0,0.438
50,0.35,130,bot2,1,success,27,0,6.689
50,0.35,130,bot3,1,success,27,0,6.971
50,0.35,130,bot4,1,success,27,0,38.139
50,0.35,131,bot1,0,entered_fire,6,1,0.717
50,0.35,131,bot2,1,success,56,0,32.113
50,0.35,131,bot3,1,success,50,3,22.272
50,0.35,131,bot4,1,success,46,1,73.532
50,0.35,132,bot1,1,success,30,0,0.443
50,0.35,132,bot2,1,success,30,0,8.401
50,0.35,132,bot3,1,success,30,0,9.288
50,0.35,132,bot4,1,success,30,0,45.942
50,0.35,133,bot1,1,success,16,0,0.233
50,0.35,133,bot2,1,success,16,0,2.471
50,0.35,133,bot3,1,success,16,0,2.895
50,0.35,133,bot4,1,success,16,0,24.403
50,0.35,134,bot1,1,success,18,0,0.293
50,0.35,134,bot2,1,success,18,0,4.086
50,0.35,134,bot3,1,success,18,0,5.31
50,0.35,134,bot4,1,success,18,0,50.489
50,0.35,135,bot1,1,success,41,0,0.884
50,0.35,135,bot2,1,success,41,0,15.945
50,0.35,135,bot3,1,success,41,0,19.727
50,0.35,135,bot4,1,success,41,0,62.434
50,0.35,136,bot1,1,success,41,0,0.397
50,0.35,136,bot2,1,success,41,0,12.249
50,0.35,136,bot3,1,success,41,0,12.176
50,0.35,136,bot4,1,success,41,0,59.889
50,0.35,137,bot1,1,success,65,0,1.027
50,0.35,137,bot2,1,success,65,0,50.113
50,0.35,137,bot3,1,success,65,0,50.666
50,0.35,137,bot4,1,success,65,0,107.62
50,0.35,138,bot1,1,success,25,0,0.378
50,0.35,138,bot2,1,success,25,0,6.253
50,0.35,138,bot3,1,success,25,0,5.836
50,0.35,138,bot4,1,success,25,0,35.002
50,0.35,139,bot1,1,success,32,0,0.442
50,0.35,139,bot2,1,success,32,0,8.05
50,0.35,139,bot3,1,success,32,0,8.473
50,0.35,139,bot4,1,success,32,0,44.934
50,0.35,140,bot1,1,success,9,0,0.17
50,0.35,140,bot2,1,success,9,0,1.104
50,0.35,140,bot3,1,success,9,0,1.388
50,0.35,140,bot4,1,success,9,0,13.767
50,0.35,141,bot1,1,success,64,0,0.918
50,0.35,141,bot2,1,success,64,0,32.475
50,0.35,141,bot3,1,success,64,0,33.986
50,0.35,141,bot4,1,success,64,0,97.583
50,0.35,142,bot1,1,success,22,0,0.26
50,0.35,142,bot2,1,success,22,0,3.839
50,0.35,142,bot3,1,success,22,0,4.145
50,0.35,142,bot4,1,success,22,0,47.134
50,0.35,143,bot1,1,success,70,0,1.3
50,0.35,143,bot2,1,success,70,0,48.683
50,0.35,143,bot3,1,success,70,0,57.326
50,0.35,143,bot4,1,success,70,0,114.129
50,0.35,144,bot1,1,success,27,0,0.521
50,0.35,144,bot2,1,success,27,0,7.133
50,0.35,144,bot3,1,success,27,0,7.331
50,0.35,144,bot4,1,success,27,0,37.528
50,0.35,145,bot1,1,success,34,0,0.614
50,0.35,145,bot2,1,success,34,0,8.779
50,0.35,145,bot3,1,success,38,2,11.953
50,0.35,145,bot4,1,success,36,1,59.909
50,0.35,146,bot1,1,success,14,0,0.188
50,0.35,146,bot2,1,success,14,0,1.886
50,0.35,146,bot3,1,success,14,0,2.008
50,0.35,146,bot4,1,success,14,0,21.836
50,0.35,147,bot1,1,success,35,0,0.619
50,0.35,147,bot2,1,success,35,0,12.309
50,0.35,147,bot3,1,success,35,0,13.15
50,0.35,147,bot4,1,success,35,0,51.38
50,0.35,148,bot1,1,success,28,0,0.703
50,0.35,148,bot2,1,success,28,0,6.114
50,0.35,148,bot3,1,success,28,0,6.14
50,0.35,148,bot4,1,success,28,0,40.398
50,0.35,149,bot1,0,caught,21,5,1.349
50,0.35,149,bot2,0,trapped,75,0,52.892
50,0.35,149,bot3,0,trapped,75,3,60.867
50,0.35,149,bot4,0,trapped,75,1,142.251
50,0.35,150,bot1,1,success,24,0,0.48
50,0.35,150,bot2,1,success,24,0,4.904
50,0.35,150,bot3,1,success,24,0,5.768
50,0.35,150,bot4,1,success,24,0,42.11
50,0.35,151,bot1,1,success,51,0,0.897
50,0.35,151,bot2,1,success,51,0,26.408
50,0.35,151,bot3,1,success,51,0,27.273
50,0.35,151,bot4,1,success,51,0,80.604
50,0.35,152,bot1,1,success,50,0,0.812
50,0.35,152,bot2,1,success,50,0,19.48
50,0.35,152,bot3,1,success,54,2,23.677
50,0.35,152,bot4,1,success,52,1,71.574
50,0.35,153,bot1,1,success,30,0,0.517
50,0.35,153,bot2,1,success,30,0,7.918
50,0.35,153,bot3,1,success,30,0,8.797
50,0.35,153,bot4,1,success,30,0,37.772
50,0.35,154,bot1,1,success,52,0,0.688
50,0.35,154,bot2,1,success,52,0,21.271
50,0.35,154,bot3,1,success,52,0,23.938
50,0.35,154,bot4,1,success,52,0,77.791
50,0.35,155,bot1,1,success,13,0,0.215
50,0.35,155,bot2,1,success,13,0,1.818
50,0.35,155,bot3,1,success,13,0,1.89
50,0.35,155,bot4,1,success,13,0,16.397
50,0.35,156,bot1,1,success,49,0,0.562
50,0.35,156,bot2,1,success,49,0,17.288
50,0.35,156,bot3,1,success,49,0,19.17
50,0.35,156,bot4,1,success,49,0,68.937
50,0.35,157,bot1,1,success,26,0,0.307
50,0.35,157,bot2,1,success,26,0,4.609
50,0.35,157,bot3,1,success,26,0,5.404
50,0.35,157,bot4,1,success,26,0,32.607
50,0.35,158,bot1,1,success,48,0,0.683
50,0.35,158,bot2,1,success,48,0,18.886
50,0.35,158,bot3,0,trapped,63,4,27.11
50,0.35,158,bot4,1,success,48,0,64.617
50,0.35,159,bot1,1,success,28,0,0.415
50,0.35,159,bot2,1,success,28,0,6.246
50,0.35,159,bot3,1,success,28,0,7.113
50,0.35,159,bot4,1,success,28,0,35.38
50,0.35,160,bot1,1,success,23,0,0.317
50,0.35,160,bot2,1,success,23,0,3.877
50,0.35,160,bot3,1,success,23,0,4.12
50,0.35,160,bot4,1,success,23,0,28.725
50,0.35,161,bot1,0,caught,32,0,0.801
50,0.35,161,bot2,0,caught,32,0,19.026
50,0.35,161,bot3,0,caught,32,0,19.206
50,0.35,161,bot4,1,success,57,0,83.531
50,0.35,162,bot1,1,success,51,0,0.881
50,0.35,162,bot2,1,success,51,0,24.042
50,0.35,162,bot3,1,success,51,0,32.21
50,0.35,162,bot4,1,success,51,0,77.727
50,0.35,163,bot1,1,success,28,0,0.328
50,0.35,163,bot2,1,success,28,0,5.431
50,0.35,163,bot3,1,success,28,0,5.666
50,0.35,163,bot4,1,success,28,0,37.946
50,0.35,164,bot1,1,success,15,0,0.173
50,0.35,164,bot2,1,success,15,0,1.883
50,0.35,164,bot3,1,success,15,0,2.019
50,0.35,164,bot4,1,success,15,0,18.153
50,0.35,165,bot1,0,caught,29,0,0.899
50,0.35,165,bot2,0,caught,29,0,21.677
50,0.35,165,bot3,0,trapped,55,2,39.832
50,0.35,165,bot4,1,success,56,0,82.352
50,0.35,166,bot1,0,button_burned,36,0,1.602
50,0.35,166,bot2,0,trapped,23,0,25.429
50,0.35,166,bot3,0,trapped,23,0,23.41
50,0.35,166,bot4,0,trapped,23,0,51.151
50,0.35,167,bot1,1,success,36,0,0.58
50,0.35,167,bot2,1,success,36,0,9.653
50,0.35,167,bot3,1,success,36,0,9.48
50,0.35,167,bot4,1,success,36,0,46.132
50,0.35,168,bot1,1,success,32,0,0.534
50,0.35,168,bot2,1,success,32,0,12.876
50,0.35,168,bot3,1,success,32,0,8.573
50,0.35,168,bot4,1,success,32,0,44.478
50,0.35,169,bot1,1,success,43,0,0.625
50,0.35,169,bot2,1,success,43,0,14.211
50,0.35,169,bot3,1,success,43,0,14.54
50,0.35,169,bot4,1,success,43,0,54.409
50,0.35,170,bot1,1,success,43,0,0.407
50,0.35,170,bot2,1,success,43,0,11.17
50,0.35,170,bot3,1,success,43,0,14.305
50,0.35,170,bot4,1,success,43,0,58.504
50,0.35,171,bot1,1,success,72,0,0.885
50,0.35,171,bot2,1,success,72,0,41.543
50,0.35,171,bot3,1,success,72,0,47.758
50,0.35,171,bot4,1,success,72,0,98.834
50,0.35,172,bot1,1,success,41,0,0.521
50,0.35,172,bot2,1,success,41,0,13.233
50,0.35,172,bot3,1,success,41,0,13.315
50,0.35,172,bot4,1,success,41,0,68.848
50,0.35,173,bot1,1,success,67,0,0.924
50,0.35,173,bot2,1,success,67,0,37.574
50,0.35,173,bot3,1,success,67,0,39.738
50,0.35,173,bot4,1,success,67,0,97.143
50,0.35,174,bot1,1,success,21,0,0.247
50,0.35,174,bot2,1,success,21,0,3.479
50,0.35,174,bot3,1,success,21,0,3.414
50,0.35,174,bot4,1,success,21,0,26.429
50,0.35,175,bot1,1,success,19,0,0.195
50,0.35,175,bot2,1,success,19,0,3.065
50,0.35,175,bot3,1,success,19,0,3.056
50,0.35,175,bot4,1,success,19,0,22.869
50,0.35,176,bot1,1,success,61,0,0.968
50,0.35,176,bot2,1,success,61,0,29.946
50,0.35,176,bot3,1,success,61,0,34.715
50,0.35,176,bot4,1,success,61,0,90.828
50,0.35,177,bot1,1,success,40,0,0.523
50,0.35,177,bot2,1,success,40,0,12.079
50,0.35,177,bot3,1,success,40,0,13.415
50,0.35,177,bot4,1,success,40,0,50.624
50,0.35,178,bot1,1,success,39,0,0.479
50,0.35,178,bot2,1,success,39,0,10.485
50,0.35,178,bot3,1,success,39,0,16.58
50,0.35,178,bot4,1,success,39,0,52.463
50,0.35,179,bot1,1,success,61,0,0.687
50,0.35,179,bot2,1,success,61,0,24.682
50,0.35,179,bot3,1,success,61,0,27.879
50,0.35,179,bot4,1,success,61,0,82.035
50,0.35,180,bot1,1,success,40,0,0.752
50,0.35,180,bot2,1,success,40,0,13.909
50,0.35,180,bot3,1,success,40,0,14.709
50,0.35,180,bot4,1,success,40,0,52.557
50,0.35,181,bot1,1,success,29,0,0.233
50,0.35,181,bot2,1,success,29,0,6.175
50,0.35,181,bot3,1,success,29,0,5.803
50,0.35,181,bot4,1,success,29,0,38.907
50,0.35,182,bot1,1,success,54,0,0.519
50,0.35,182,bot2,1,success,54,0,17.49
50,0.35,182,bot3,1,success,54,0,19.76
50,0.35,182,bot4,1,success,54,0,70.322
50,0.35,183,bot1,1,success,37,0,0.454
50,0.35,183,bot2,1,success,37,0,8.322
50,0.35,183,bot3,1,success,37,0,9.574
50,0.35,183,bot4,1,success,37,0,61.873
50,0.35,184,bot1,1,success,67,0,0.899
50,0.35,184,bot2,1,success,67,0,42.985
50,0.35,184,bot3,1,success,67,0,40.369
50,0.35,184,bot4,1,success,67,0,111.842
50,0.35,185,bot1,1,success,75,0,0.847
50,0.35,185,bot2,1,success,75,0,40.877
50,0.35,185,bot3,1,success,75,0,45.581
50,0.35,185,bot4,1,success,75,0,113.956
50,0.35,186,bot1,1,success,64,0,0.801
50,0.35,186,bot2,1,success,64,0,28.767
50,0.35,186,bot3,1,success,64,0,34.25
50,0.35,186,bot4,1,success,64,0,86.929
50,0.35,187,bot1,1,success,21,0,0.301
50,0.35,187,bot2,1,success,21,0,4.115
50,0.35,187,bot3,1,success,21,0,4.13
50,0.35,187,bot4,1,success,21,0,25.997
50,0.35,188,bot1,1,success,27,0,0.247
50,0.35,188,bot2,1,success,27,0,4.624
50,0.35,188,bot3,1,success,27,0,4.74
50,0.35,188,bot4,1,success,27,0,36.467
50,0.35,189,bot1,1,success,37,0,0.512
50,0.35,189,bot2,1,success,37,0,11.466
50,0.35,189,bot3,1,success,37,0,12.239
50,0.35,189,bot4,1,success,37,0,48.236
50,0.35,190,bot1,1,success,29,0,0.335
50,0.35,190,bot2,1,success,29,0,6.229
50,0.35,190,bot3,1,success,29,0,6.741
50,0.35,190,bot4,1,success,29,0,37.106
50,0.35,191,bot1,0,entered_fire,28,0,0.692
50,0.35,191,bot2,0,trapped,24,0,12.298
50,0.35,191,bot3,0,trapped,24,0,12.857
50,0.35,191,bot4,0,trapped,24,0,38.908
50,0.35,192,bot1,1,success,24,0,0.213
50,0.35,192,bot2,1,success,24,0,4.094
50,0.35,192,bot3,1,success,24,0,4.303
50,0.35,192,bot4,1,success,24,0,32.129
50,0.35,193,bot1,1,success,21,0,0.373
50,0.35,193,bot2,1,success,21,0,4.889
50,0.35,193,bot3,1,success,21,0,4.135
50,0.35,193,bot4,1,success,21,0,26.277
50,0.35,194,bot1,1,success,50,0,0.852
50,0.35,194,bot2,1,success,50,0,21.207
50,0.35,194,bot3,1,success,50,0,23.982
50,0.35,194,bot4,1,success,50,0,73.41
50,0.35,195,bot1,1,success,36,0,0.581
50,0.35,195,bot2,1,success,36,0,11.993
50,0.35,195,bot3,1,success,36,0,12.69
50,0.35,195,bot4,1,success,36,0,52.001
50,0.35,196,bot1,1,success,36,0,0.532
50,0.35,196,bot2,1,success,36,0,9.999
50,0.35,196,bot3,1,success,36,0,10.962
50,0.35,196,bot4,1,success,36,0,58.842
50,0.35,197,bot1,1,success,67,0,1.015
50,0.35,197,bot2,1,success,67,0,32.67
50,0.35,197,bot3,1,success,67,0,36.667
50,0.35,197,bot4,1,success,67,0,114.818
50,0.35,198,bot1,0,entered_fire,60,4,1.488
50,0.35,198,bot2,0,trapped,59,0,79.674
50,0.35,198,bot3,0,trapped,59,0,57.114
50,0.35,198,bot4,0,trapped,59,2,95.724
50,0.35,199,bot1,1,success,35,0,0.751
50,0.35,199,bot2,1,success,35,0,10.217
50,0.35,199,bot3,1,success,35,0,10.52
50,0.35,199,bot4,1,success,35,0,55.011
50,0.4,0,bot1,0,entered_fire,22,8,1.083
50,0.4,0,bot2,1,success,81,0,44.2
50,0.4,0,bot3,1,success,81,0,66.384
50,0.4,0,bot4,1,success,83,1,134.965
50,0.4,1,bot1,1,success,37,0,0.486
50,0.4,1,bot2,1,success,37,0,9.491
50,0.4,1,bot3,1,success,37,0,10.267
50,0.4,1,bot4,1,success,37,0,50.683
50,0.4,2,bot1,0,caught,6,1,0.463
50,0.4,2,bot2,0,caught,24,0,9.605
50,0.4,2,bot3,1,success,44,5,13.703
50,0.4,2,bot4,1,success,44,5,93.841
50,0.4,3,bot1,1,success,43,0,0.723
50,0.4,3,bot2,1,success,43,0,17.014
50,0.4,3,bot3,1,success,43,0,17.162
50,0.4,3,bot4,1,success,43,0,83.362
50,0.4,4,bot1,1,success,35,0,0.473
50,0.4,4,bot2,1,success,35,0,8.394
50,0.4,4,bot3,1,success,41,3,12.61
50,0.4,4,bot4,1,success,41,3,57.645
50,0.4,5,bot1,1,success,41,0,0.766
50,0.4,5,bot2,1,success,41,0,14.436
50,0.4,5,bot3,1,success,41,0,16.309
50,0.4,5,bot4,1,success,41,0,72.228
50,0.4,6,bot1,1,success,68,0,0.767
50,0.4,6,bot2,1,success,68,0,42.484
50,0.4,6,bot3,1,success,68,0,38.443
50,0.4,6,bot4,1,success,68,0,102.62
50,0.4,7,bot1,1,success,43,0,0.963
50,0.4,7,bot2,1,success,43,0,16.951
50,0.4,7,bot3,1,success,43,0,16.438
50,0.4,7,bot4,1,success,43,0,74.892
50,0.4,8,bot1,0,button_burned,44,0,1.098
50,0.4,8,bot2,0,trapped,43,0,36.958
50,0.4,8,bot3,0,trapped,43,0,41.713
50,0.4,8,bot4,0,trapped,43,0,75.609
50,0.4,9,bot1,1,success,6,0,0.164
50,0.4,9,bot2,1,success,6,0,0.847
50,0.4,9,bot3,1,success,6,0,0.636
50,0.4,9,bot4,1,success,6,0,7.19
50,0.4,10,bot1,1,success,34,0,0.438
50,0.4,10,bot2,1,success,34,0,13.801
50,0.4,10,bot3,1,success,34,0,15.587
50,0.4,10,bot4,1,success,34,0,56.729
50,0.4,11,bot1,1,success,40,0,0.73
50,0.4,11,bot2,1,success,40,0,14.2
50,0.4,11,bot3,1,success,40,0,22.936
50,0.4,11,bot4,1,success,40,0,89.624
50,0.4,12,bot1,1,success,40,0,0.543
50,0.4,12,bot2,1,success,40,0,12.078
50,0.4,12,bot3,1,success,40,0,12.706
50,0.4,12,bot4,1,success,40,0,56.863
50,0.4,13,bot1,0,button_burned,13,0,0.834
50,0.4,13,bot2,0,button_burned,13,0,17.871
50,0.4,13,bot3,0,button_burned,13,0,14.594
50,0.4,13,bot4,0,button_burned,13,0,34.853
50,0.4,14,bot1,1,success,40,0,0.444
50,0.4,14,bot2,1,success,40,0,9.804
50,0.4,14,bot3,1,success,40,0,10.513
50,0.4,14,bot4,1,success,40,0,54.924
50,0.4,15,bot1,0,caught,30,1,1.049
50,0.4,15,bot2,0,caught,62,0,50.181
50,0.4,15,bot3,0,caught,62,0,57.42
50,0.4,15,bot4,0,trapped,73,0,115.63
50,0.4,16,bot1,0,button_burned,25,0,0.803
50,0.4,16,bot2,0,button_burned,25,0,19.889
50,0.4,16,bot3,0,button_burned,25,0,21.766
50,0.4,16,bot4,0,button_burned,25,0,46.336
50,0.4,17,bot1,1,success,43,0,0.852
50,0.4,17,bot2,1,success,43,0,15.89
50,0.4,17,bot3,1,success,43,0,17.63
50,0.4,17,bot4,1,success,43,0,65.58
50,0.4,18,bot1,1,success,15,0,0.25
50,0.4,18,bot2,1,success,15,0,2.265
50,0.4,18,bot3,1,success,15,0,2.201
50,0.4,18,bot4,1,success,15,0,18.726
50,0.4,19,bot1,1,success,49,0,0.589
50,0.4,19,bot2,1,success,49,0,17.64
50,0.4,19,bot3,1,success,49,0,21.749
50,0.4,19,bot4,1,success,49,0,70.7
50,0.4,20,bot1,0,entered_fire,27,1,1.609
50,0.4,20,bot2,0,trapped,73,0,50.535
50,0.4,20,bot3,0,trapped,83,6,61.221
50,0.4,20,bot4,0,trapped,83,8,147.451
50,0.4,21,bot1,1,success,39,0,0.493
50,0.4,21,bot2,1,success,39,0,9.652
50,0.4,21,bot3,1,success,39,0,11.195
50,0.4,21,bot4,1,success,39,0,51.115
50,0.4,22,bot1,1,success,18,0,0.227
50,0.4,22,bot2,1,success,18,0,2.88
50,0.4,22,bot3,1,success,18,0,2.851
50,0.4,22,bot4,1,success,18,0,22.797
50,0.4,23,bot1,0,button_burned,19,2,1.0
50,0.4,23,bot2,0,button_burned,19,0,19.335
50,0.4,23,bot3,0,button_burned,19,1,20.991
50,0.4,23,bot4,0,button_burned,19,1,40.14
50,0.4,24,bot1,1,success,39,0,0.506
50,0.4,24,bot2,1,success,39,0,11.603
50,0.4,24,bot3,1,success,39,0,13.319
50,0.4,24,bot4,1,success,41,1,59.65
50,0.4,25,bot1,1,success,10,0,0.185
50,0.4,25,bot2,1,success,10,0,1.522
50,0.4,25,bot3,1,success,10,0,1.645
50,0.4,25,bot4,1,success,10,0,16.105
50,0.4,26,bot1,1,success,75,0,0.883
50,0.4,26,bot2,1,success,75,0,35.495
50,0.4,26,bot3,1,success,75,0,45.251
50,0.4,26,bot4,1,success,75,0,144.493
50,0.4,27,bot1,0,entered_fire,15,2,1.112
50,0.4,27,bot2,1,success,99,0,64.781
50,0.4,27,bot3,1,success,97,0,84.232
50,0.4,27,bot4,1,success,97,0,177.823
50,0.4,28,bot1,0,entered_fire,20,10,0.481
50,0.4,28,bot2,0,button_burned,37,0,24.451
50,0.4,28,bot3,0,button_burned,37,1,29.935
50,0.4,28,bot4,0,button_burned,37,1,58.747
50,0.4,29,bot1,1,success,18,0,0.286
50,0.4,29,bot2,1,success,18,0,2.698
50,0.4,29,bot3,1,success,18,0,2.827
50,0.4,29,bot4,1,success,18,0,24.132
50,0.4,30,bot1,0,caught,25,0,0.359
50,0.4,30,bot2,0,caught,25,0,4.557
50,0.4,30,bot3,0,button_burned,27,3,8.486
50,0.4,30,bot4,0,button_burned,27,3,36.303
50,0.4,31,bot1,1,success,41,0,0.6
50,0.4,31,bot2,1,success,41,0,13.613
50,0.4,31,bot3,1,success,41,0,15.398
50,0.4,31,bot4,1,success,41,0,72.045
50,0.4,32,bot1,1,success,40,0,0.741
50,0.4,32,bot2,1,success,40,0,14.51
50,0.4,32,bot3,1,success,40,0,15.912
50,0.4,32,bot4,1,success,40,0,55.272
50,0.4,33,bot1,1,success,14,0,0.22
50,0.4,33,bot2,1,success,14,0,2.043
50,0.4,33,bot3,1,success,14,0,2.043
50,0.4,33,bot4,1,success,14,0,19.594
50,0.4,34,bot1,1,success,6,0,0.151
50,0.4,34,bot2,1,success,6,0,0.748
50,0.4,34,bot3,1,success,6,0,0.713
50,0.4,34,bot4,1,success,6,0,8.122
50,0.4,35,bot1,1,success,43,0,0.688
50,0.4,35,bot2,1,success,43,0,15.696
50,0.4,35,bot3,1,success,43,0,17.493
50,0.4,35,bot4,1,success,43,0,56.768
50,0.4,36,bot1,1,success,62,0,0.819
50,0.4,36,bot2,1,success,62,0,23.872
50,0.4,36,bot3,1,success,62,0,31.185
50,0.4,36,bot4,1,success,62,0,90.225
50,0.4,37,bot1,1,success,25,0,0.294
50,0.4,37,bot2,1,success,25,0,4.336
50,0.4,37,bot3,1,success,25,0,4.905
50,0.4,37,bot4,1,success,25,0,38.283
50,0.4,38,bot1,1,success,12,0,0.181
50,0.4,38,bot2,1,success,12,0,1.548
50,0.4,38,bot3,1,success,12,0,1.488
50,0.4,38,bot4,1,success,12,0,15.474
50,0.4,39,bot1,1,success,21,0,0.258
50,0.4,39,bot2,1,success,21,0,3.454
50,0.4,39,bot3,1,success,21,0,3.275
50,0.4,39,bot4,1,success,21,0,30.79
50,0.4,40,bot1,1,success,19,0,0.257
50,0.4,40,bot2,1,success,19,0,3.309
50,0.4,40,bot3,1,success,19,0,3.336
50,0.4,40,bot4,1,success,19,0,25.3
50,0.4,41,bot1,0,button_burned,6,0,0.903
50,0.4,41,bot2,0,button_burned,6,0,5.39
50,0.4,41,bot3,0,button_burned,6,0,6.225
50,0.4,41,bot4,0,button_burned,6,0,14.6
50,0.4,42,bot1,1,success,21,0,0.254
50,0.4,42,bot2,1,success,21,0,3.676
50,0.4,42,bot3,1,success,21,0,3.831
50,0.4,42,bot4,1,success,21,0,26.943
50,0.4,43,bot1,1,success,37,0,0.403
50,0.4,43,bot2,1,success,37,0,9.616
50,0.4,43,bot3,1,success,37,0,10.719
50,0.4,43,bot4,1,success,37,0,54.399
50,0.4,44,bot1,1,success,14,0,0.189
50,0.4,44,bot2,1,success,14,0,2.143
50,0.4,44,bot3,1,success,14,0,2.314
50,0.4,44,bot4,1,success,14,0,22.855
50,0.4,45,bot1,1,success,15,0,0.187
50,0.4,45,bot2,1,success,15,0,2.37
50,0.4,45,bot3,1,success,15,0,2.164
50,0.4,45,bot4,1,success,15,0,19.867
50,0.4,46,bot1,1,success,76,0,1.218
50,0.4,46,bot2,1,success,76,0,52.618
50,0.4,46,bot3,1,success,76,0,66.654
50,0.4,46,bot4,1,success,76,0,127.587
50,0.4,47,bot1,1,success,41,0,0.774
50,0.4,47,bot2,1,success,41,0,14.306
50,0.4,47,bot3,1,success,41,0,14.583
50,0.4,47,bot4,1,success,41,0,58.004
50,0.4,48,bot1,1,success,22,0,0.351
50,0.4,48,bot2,1,success,22,0,4.212
50,0.4,48,bot3,1,success,22,0,5.567
50,0.4,48,bot4,1,success,22,0,32.878
50,0.4,49,bot1,0,button_burned,41,0,0.5
50,0.4,49,bot2,0,trapped,40,0,13.193
50,0.4,49,bot3,0,trapped,40,0,19.092
50,0.4,49,bot4,0,trapped,40,0,58.149
50,0.4,50,bot1,1,success,27,0,0.417
50,0.4,50,bot2,1,success,27,0,6.468
50,0.4,50,bot3,1,success,27,0,7.017
50,0.4,50,bot4,1,success,27,0,41.31
50,0.4,51,bot1,1,success,12,0,0.164
50,0.4,51,bot2,1,success,12,0,1.58
50,0.4,51,bot3,1,success,12,0,1.668
50,0.4,51,bot4,1,success,12,0,16.176
50,0.4,52,bot1,1,success,11,0,0.186
50,0.4,52,bot2,1,success,11,0,1.687
50,0.4,52,bot3,1,success,11,0,1.745
50,0.4,52,bot4,1,success,11,0,14.113
50,0.4,53,bot1,0,caught,9,0,0.935
50,0.4,53,bot2,0,caught,9,0,9.302
50,0.4,53,bot3,0,trapped,32,1,30.174
50,0.4,53,bot4,0,caught,9,0,17.468
50,0.4,54,bot1,1,success,40,0,0.568
50,0.4,54,bot2,1,success,40,0,13.873
50,0.4,54,bot3,1,success,40,0,13.529
50,0.4,54,bot4,1,success,40,0,59.127
50,0.4,55,bot1,1,success,61,0,1.541
50,0.4,55,bot2,1,success,61,0,35.811
50,0.4,55,bot3,1,success,61,0,40.0
50,0.4,55,bot4,1,success,61,0,97.805
50,0.4,56,bot1,1,success,52,0,0.823
50,0.4,56,bot2,1,success,52,0,25.913
50,0.4,56,bot3,1,success,52,0,24.751
50,0.4,56,bot4,1,success,52,0,73.796
50,0.4,57,bot1,1,success,25,0,0.322
50,0.4,57,bot2,1,success,25,0,6.514
50,0.4,57,bot3,1,success,25,0,5.406
50,0.4,57,bot4,1,success,25,0,35.968
50,0.4,58,bot1,1,success,25,0,0.341
50,0.4,58,bot2,1,success,25,0,4.647
50,0.4,58,bot3,1,success,25,0,5.06
50,0.4,58,bot4,1,success,25,0,31.416
50,0.4,59,bot1,1,success,31,0,0.336
50,0.4,59,bot2,1,success,31,0,6.581
50,0.4,59,bot3,1,success,31,0,7.894
50,0.4,59,bot4,1,success,31,0,39.298
50,0.4,60,bot1,1,success,12,0,0.183
50,0.4,60,bot2,1,success,12,0,1.829
50,0.4,60,bot3,1,success,12,0,1.833
50,0.4,60,bot4,1,success,12,0,16.795
50,0.4,61,bot1,1,success,36,0,0.825
50,0.4,61,bot2,1,success,36,0,12.091
50,0.4,61,bot3,1,success,36,0,12.511
50,0.4,61,bot4,1,success,36,0,49.155
50,0.4,62,bot1,1,success,19,0,0.279
50,0.4,62,bot2,1,success,19,0,4.633
50,0.4,62,bot3,1,success,19,0,4.671
50,0.4,62,bot4,1,success,19,0,31.259
50,0.4,63,bot1,1,success,26,0,0.416
50,0.4,63,bot2,1,success,26,0,5.748
50,0.4,63,bot3,1,success,26,0,6.112
50,0.4,63,bot4,1,success,26,0,40.929
50,0.4,64,bot1,1,success,19,0,0.195
50,0.4,64,bot2,1,success,19,0,2.666
50,0.4,64,bot3,1,success,19,0,3.327
50,0.4,64,bot4,1,success,19,0,27.401
50,0.4,65,bot1,1,success,36,0,0.333
50,0.4,65,bot2,1,success,36,0,8.379
50,0.4,65,bot3,1,success,36,0,8.525
50,0.4,65,bot4,1,success,36,0,50.368
50,0.4,66,bot1,0,button_burned,6,0,0.419
50,0.4,66,bot2,0,button_burned,6,0,2.128
50,0.4,66,bot3,0,button_burned,6,0,4.262
50,0.4,66,bot4,0,button_burned,6,0,9.225
50,0.4,67,bot1,0,caught,32,2,0.718
50,0.4,67,bot2,0,button_burned,46,0,17.803
50,0.4,67,bot3,0,button_burned,46,1,21.548
50,0.4,67,bot4,0,button_burned,46,1,63.399
50,0.4,68,bot1,1,success,41,0,0.819
50,0.4,68,bot2,1,success,41,0,15.061
50,0.4,68,bot3,1,success,41,0,16.234
50,0.4,68,bot4,1,success,41,0,56.642
50,0.4,69,bot1,1,success,40,0,3.26
50,0.4,69,bot2,1,success,40,0,10.543
50,0.4,69,bot3,1,success,40,0,11.093
50,0.4,69,bot4,1,success,40,0,61.01
50,0.4,70,bot1,0,caught,2,1,1.01
50,0.4,70,bot2,0,caught,15,0,14.391
50,0.4,70,bot3,1,success,69,4,37.265
50,0.4,70,bot4,1,success,69,4,112.261
50,0.4,71,bot1,1,success,77,0,0.981
50,0.4,71,bot2,1,success,77,0,39.949
50,0.4,71,bot3,1,success,77,0,51.038
50,0.4,71,bot4,1,success,77,0,122.226
50,0.4,72,bot1,0,button_burned,36,1,0.753
50,0.4,72,bot2,0,button_burned,36,0,17.344
50,0.4,72,bot3,0,button_burned,36,0,22.063
50,0.4,72,bot4,0,button_burned,36,0,52.209
50,0.4,73,bot1,0,entered_fire,10,1,0.931
50,0.4,73,bot2,0,trapped,12,0,10.438
50,0.4,73,bot3,0,trapped,12,3,11.176
50,0.4,73,bot4,0,trapped,12,3,21.508
50,0.4,74,bot1,0,caught,13,3,0.723
50,0.4,74,bot2,0,trapped,34,0,20.772
50,0.4,74,bot3,0,trapped,34,4,22.901
50,0.4,74,bot4,0,caught,33,3,48.399
50,0.4,75,bot1,1,success,23,0,0.329
50,0.4,75,bot2,1,success,23,0,3.968
50,0.4,75,bot3,1,success,23,0,4.143
50,0.4,75,bot4,1,success,23,0,28.816
50,0.4,76,bot1,1,success,28,0,0.436
50,0.4,76,bot2,1,success,28,0,6.014
50,0.4,76,bot3,1,success,28,0,6.389
50,0.4,76,bot4,1,success,28,0,36.182
50,0.4,77,bot1,1,success,52,0,0.753
50,0.4,77,bot2,1,success,52,0,29.161
50,0.4,77,bot3,1,success,52,0,25.591
50,0.4,77,bot4,1,success,52,0,78.067
50,0.4,78,bot1,1,success,55,0,0.788
50,0.4,78,bot2,1,success,55,0,25.738
50,0.4,78,bot3,1,success,55,0,29.642
50,0.4,78,bot4,1,success,55,0,81.44
50,0.4,79,bot1,0,entered_fire,36,3,0.809
50,0.4,79,bot2,0,trapped,50,0,39.537
50,0.4,79,bot3,0,trapped,50,2,42.943
50,0.4,79,bot4,1,success,75,2,111.644
50,0.4,80,bot1,1,success,52,0,0.697
50,0.4,80,bot2,1,success,52,0,15.869
50,0.4,80,bot3,1,success,52,0,19.433
50,0.4,80,bot4,1,success,52,0,70.36
50,0.4,81,bot1,1,success,53,0,0.794
50,0.4,81,bot2,1,success,53,0,23.916
50,0.4,81,bot3,1,success,53,0,27.02
50,0.4,81,bot4,1,success,53,0,76.813
50,0.4,82,bot1,0,entered_fire,46,0,0.955
50,0.4,82,bot2,0,trapped,27,0,21.886
50,0.4,82,bot3,0,trapped,27,0,24.22
50,0.4,82,bot4,0,trapped,27,0,49.751
50,0.4,83,bot1,0,button_burned,10,0,0.844
50,0.4,83,bot2,0,button_burned,10,0,8.412
50,0.4,83,bot3,0,button_burned,10,0,17.008
50,0.4,83,bot4,0,button_burned,10,0,23.392
50,0.4,84,bot1,1,success,47,0,0.572
50,0.4,84,bot2,1,success,47,0,14.663
50,0.4,84,bot3,1,success,47,0,17.885
50,0.4,84,bot4,1,success,47,0,66.591
50,0.4,85,bot1,0,button_burned,37,0,0.875
50,0.4,85,bot2,0,button_burned,37,0,16.024
50,0.4,85,bot3,0,button_burned,37,5,23.415
50,0.4,85,bot4,0,button_burned,37,0,47.616
50,0.4,86,bot1,1,success,14,0,0.226
50,0.4,86,bot2,1,success,14,0,2.093
50,0.4,86,bot3,1,success,14,0,2.107
50,0.4,86,bot4,1,success,14,0,19.003
50,0.4,87,bot1,0,button_burned,13,0,0.848
50,0.4,87,bot2,0,trapped,10,0,8.75
50,0.4,87,bot3,0,trapped,10,0,11.006
50,0.4,87,bot4,0,trapped,10,0,19.006
50,0.4,88,bot1,1,success,53,0,0.78
50,0.4,88,bot2,1,success,53,0,23.575
50,0.4,88,bot3,1,success,53,0,25.765
50,0.4,88,bot4,1,success,53,0,75.721
50,0.4,89,bot1,1,success,15,0,0.305
50,0.4,89,bot2,1,success,15,0,2.041
50,0.4,89,bot3,1,success,15,0,2.202
50,0.4,89,bot4,1,success,15,0,20.7
50,0.4,90,bot1,1,success,26,0,0.344
50,0.4,90,bot2,1,success,26,0,5.018
50,0.4,90,bot3,1,success,26,0,5.36
50,0.4,90,bot4,1,success,26,0,34.167
50,0.4,91,bot1,1,success,6,0,0.118
50,0.4,91,bot2,1,success,6,0,0.687
50,0.4,91,bot3,1,success,6,0,0.678
50,0.4,91,bot4,1,success,6,0,7.023
50,0.4,92,bot1,0,entered_fire,50,0,0.759
50,0.4,92,bot2,0,trapped,43,0,22.852
50,0.4,92,bot3,0,trapped,43,0,29.005
50,0.4,92,bot4,0,trapped,43,0,75.574
50,0.4,93,bot1,1,success,5,0,0.127
50,0.4,93,bot2,1,success,5,0,0.691
50,0.4,93,bot3,1,success,5,0,0.645
50,0.4,93,bot4,1,success,5,0,8.979
50,0.4,94,bot1,1,success,51,0,0.725
50,0.4,94,bot2,1,success,51,0,19.989
50,0.4,94,bot3,1,success,51,0,22.738
50,0.4,94,bot4,1,success,51,0,71.62
50,0.4,95,bot1,1,success,55,0,0.746
50,0.4,95,bot2,1,success,55,0,25.531
50,0.4,95,bot3,1,success,55,0,31.053
50,0.4,95,bot4,1,success,55,0,84.607
50,0.4,96,bot1,1,success,35,0,0.45
50,0.4,96,bot2,1,success,35,0,9.242
50,0.4,96,bot3,1,success,35,0,10.289
50,0.4,96,bot4,1,success,35,0,49.223
50,0.4,97,bot1,1,success,43,0,1.913
50,0.4,97,bot2,1,success,43,0,15.606
50,0.4,97,bot3,1,success,43,0,16.699
50,0.4,97,bot4,1,success,43,0,56.337
50,0.4,98,bot1,1,success,31,0,0.462
50,0.4,98,bot2,1,success,31,0,7.183
50,0.4,98,bot3,1,success,31,0,7.432
50,0.4,98,bot4,1,success,31,0,39.783
50,0.4,99,bot1,1,success,49,0,1.036
50,0.4,99,bot2,1,success,49,0,22.441
50,0.4,99,bot3,1,success,49,0,23.198
50,0.4,99,bot4,1,success,49,0,66.914
50,0.4,100,bot1,1,success,36,0,0.414
50,0.4,100,bot2,1,success,36,0,8.473
50,0.4,100,bot3,1,success,36,0,9.357
50,0.4,100,bot4,1,success,36,0,48.083
50,0.4,101,bot1,1,success,54,0,0.674
50,0.4,101,bot2,1,success,54,0,23.643
50,0.4,101,bot3,1,success,54,0,25.436
50,0.4,101,bot4,1,success,54,0,74.233
50,0.4,102,bot1,1,success,25,0,0.377
50,0.4,102,bot2,1,success,25,0,4.991
50,0.4,102,bot3,1,success,25,0,5.044
50,0.4,102,bot4,1,success,25,0,33.422
50,0.4,103,bot1,1,success,32,0,0.378
50,0.4,103,bot2,1,success,32,0,7.071
50,0.4,103,bot3,1,success,32,0,7.6
50,0.4,103,bot4,1,success,32,0,42.286
50,0.4,104,bot1,1,success,44,0,0.522
50,0.4,104,bot2,1,success,44,0,13.369
50,0.4,104,bot3,1,success,44,0,14.936
50,0.4,104,bot4,1,success,44,0,59.471
50,0.4,105,bot1,1,success,35,0,0.39
50,0.4,105,bot2,1,success,35,0,8.855
50,0.4,105,bot3,1,success,35,0,10.994
50,0.4,105,bot4,1,success,35,0,46.861
50,0.4,106,bot1,0,entered_fire,11,1,0.357
50,0.4,106,bot2,1,success,25,0,4.16
50,0.4,106,bot3,1,success,23,0,4.631
50,0.4,106,bot4,1,success,23,0,30.661
50,0.4,107,bot1,1,success,42,0,0.81
50,0.4,107,bot2,1,success,42,0,19.518
50,0.4,107,bot3,1,success,42,0,15.645
50,0.4,107,bot4,1,success,42,0,58.673
50,0.4,108,bot1,1,success,36,0,0.317
50,0.4,108,bot2,1,success,36,0,7.892
50,0.4,108,bot3,1,success,36,0,8.509
50,0.4,108,bot4,1,success,36,0,48.42
50,0.4,109,bot1,1,success,21,0,0.283
50,0.4,109,bot2,1,success,21,0,3.511
50,0.4,109,bot3,1,success,21,0,3.695
50,0.4,109,bot4,1,success,21,0,27.884
50,0.4,110,bot1,0,caught,38,0,0.937
50,0.4,110,bot2,0,caught,38,0,25.62
50,0.4,110,bot3,1,success,71,1,42.632
50,0.4,110,bot4,1,success,63,0,106.901
50,0.4,111,bot1,1,success,28,0,0.246
50,0.4,111,bot2,1,success,28,0,5.254
50,0.4,111,bot3,1,success,28,0,5.457
50,0.4,111,bot4,1,success,28,0,36.983
50,0.4,112,bot1,1,success,75,0,0.925
50,0.4,112,bot2,1,success,75,0,41.817
50,0.4,112,bot3,1,success,75,0,49.389
50,0.4,112,bot4,1,success,75,0,103.286
50,0.4,113,bot1,1,success,52,0,0.578
50,0.4,113,bot2,1,success,52,0,18.85
50,0.4,113,bot3,1,success,52,0,20.722
50,0.4,113,bot4,1,success,52,0,70.321
50,0.4,114,bot1,1,success,9,0,0.173
50,0.4,114,bot2,1,success,9,0,1.15
50,0.4,114,bot3,1,success,9,0,1.184
50,0.4,114,bot4,1,success,9,0,12.967
50,0.4,115,bot1,0,button_burned,14,1,0.628
50,0.4,115,bot2,0,button_burned,14,0,8.303
50,0.4,115,bot3,0,button_burned,14,1,10.355
50,0.4,115,bot4,0,button_burned,14,0,21.69
50,0.4,116,bot1,0,entered_fire,23,1,0.55
50,0.4,116,bot2,0,caught,27,0,10.095
50,0.4,116,bot3,0,button_burned,34,3,17.413
50,0.4,116,bot4,0,button_burned,34,0,49.448
50,0.4,117,bot1,1,success,54,0,0.62
50,0.4,117,bot2,1,success,54,0,28.286
50,0.4,117,bot3,1,success,54,0,23.682
50,0.4,117,bot4,1,success,54,0,78.279
50,0.4,118,bot1,1,success,28,0,0.281
50,0.4,118,bot2,1,success,28,0,7.68
50,0.4,118,bot3,1,success,28,0,8.32
50,0.4,118,bot4,1,success,28,0,47.421
50,0.4,119,bot1,1,success,46,0,0.541
50,0.4,119,bot2,1,success,46,0,15.248
50,0.4,119,bot3,1,success,46,0,16.107
50,0.4,119,bot4,1,success,46,0,63.511
50,0.4,120,bot1,1,success,70,0,1.16
50,0.4,120,bot2,1,success,70,0,38.592
50,0.4,120,bot3,1,success,70,0,44.838
50,0.4,120,bot4,1,success,70,0,97.495
50,0.4,121,bot1,1,success,38,0,0.567
50,0.4,121,bot2,1,success,38,0,12.864
50,0.4,121,bot3,1,success,38,0,12.943
50,0.4,121,bot4,1,success,38,0,52.036
50,0.4,122,bot1,1,success,29,0,0.584
50,0.4,122,bot2,1,success,29,0,10.038
50,0.4,122,bot3,1,success,29,0,10.786
50,0.4,122,bot4,1,success,29,0,48.753
50,0.4,123,bot1,1,success,72,0,1.585
50,0.4,123,bot2,1,success,72,0,42.713
50,0.4,123,bot3,1,success,72,0,51.256
50,0.4,123,bot4,1,success,72,0,111.421
50,0.4,124,bot1,1,success,32,0,0.448
50,0.4,124,bot2,1,success,32,0,7.532
50,0.4,124,bot3,1,success,32,0,8.167
50,0.4,124,bot4,1,success,32,0,40.834
50,0.4,125,bot1,1,success,29,0,0.534
50,0.4,125,bot2,1,success,29,0,5.619
50,0.4,125,bot3,1,success,29,0,6.445
50,0.4,125,bot4,1,success,29,0,36.282
50,0.4,126,bot1,0,button_burned,23,2,0.709
50,0.4,126,bot2,0,trapped,19,0,12.367
50,0.4,126,bot3,0,trapped,19,0,18.971
50,0.4,126,bot4,0,trapped,19,0,43.938
50,0.4,127,bot1,0,entered_fire,36,0,2.023
50,0.4,127,bot2,0,trapped,30,0,30.446
50,0.4,127,bot3,0,trapped,30,0,35.708
50,0.4,127,bot4,0,trapped,30,2,84.363
50,0.4,128,bot1,1,success,38,0,0.39
50,0.4,128,bot2,1,success,38,0,9.155
50,0.4,128,bot3,1,success,38,0,9.443
50,0.4,128,bot4,1,success,38,0,50.873
50,0.4,129,bot1,1,success,24,0,0.46
50,0.4,129,bot2,1,success,24,0,5.786
50,0.4,129,bot3,1,success,24,0,6.192
50,0.4,129,bot4,1,success,24,0,30.663
50,0.4,130,bot1,1,success,27,0,0.438
50,0.4,130,bot2,1,success,27,0,6.562
50,0.4,130,bot3,1,success,27,0,6.993
50,0.4,130,bot4,1,success,27,0,42.394
50,0.4,131,bot1,0,entered_fire,6,1,1.394
50,0.4,131,bot2,1,success,56,0,26.917
50,0.4,131,bot3,1,success,50,3,22.256
50,0.4,131,bot4,1,success,46,1,66.365
50,0.4,132,bot1,1,success,30,0,0.45
50,0.4,132,bot2,1,success,30,0,7.264
50,0.4,132,bot3,1,success,30,0,8.557
50,0.4,132,bot4,1,success,30,0,55.503
50,0.4,133,bot1,1,success,16,0,0.22
50,0.4,133,bot2,1,success,16,0,2.348
50,0.4,133,bot3,1,success,16,0,2.635
50,0.4,133,bot4,1,success,16,0,23.371
50,0.4,134,bot1,1,success,18,0,0.267
50,0.4,134,bot2,1,success,18,0,3.535
50,0.4,134,bot3,1,success,18,0,3.033
50,0.4,134,bot4,1,success,18,0,24.983
50,0.4,135,bot1,1,success,41,0,0.958
50,0.4,135,bot2,1,success,41,0,15.356
50,0.4,135,bot3,1,success,41,0,15.314
50,0.4,135,bot4,1,success,41,0,58.931
50,0.4,136,bot1,1,success,41,0,0.368
50,0.4,136,bot2,1,success,41,0,10.019
50,0.4,136,bot3,1,success,41,0,11.025
50,0.4,136,bot4,1,success,41,0,54.959
50,0.4,137,bot1,1,success,65,0,1.041
50,0.4,137,bot2,1,success,65,0,37.095
50,0.4,137,bot3,1,success,65,0,41.392
50,0.4,137,bot4,1,success,65,0,98.815
50,0.4,138,bot1,1,success,25,0,0.474
50,0.4,138,bot2,1,success,25,0,7.464
50,0.4,138,bot3,1,success,25,0,7.589
50,0.4,138,bot4,1,success,25,0,32.953
50,0.4,139,bot1,1,success,32,0,0.401
50,0.4,139,bot2,1,success,32,0,7.346
50,0.4,139,bot3,1,success,32,0,7.42
50,0.4,139,bot4,1,success,32,0,41.187
50,0.4,140,bot1,1,success,9,0,0.172
50,0.4,140,bot2,1,success,9,0,1.039
50,0.4,140,bot3,1,success,9,0,1.137
50,0.4,140,bot4,1,success,9,0,11.251
50,0.4,141,bot1,1,success,64,0,0.917
50,0.4,141,bot2,1,success,64,0,33.774
50,0.4,141,bot3,1,success,64,0,36.416
50,0.4,141,bot4,1,success,64,0,91.334
50,0.4,142,bot1,1,success,22,0,0.211
50,0.4,142,bot2,1,success,22,0,3.254
50,0.4,142,bot3,1,success,22,0,3.515
50,0.4,142,bot4,1,success,22,0,27.22
50,0.4,143,bot1,1,success,70,0,0.867
50,0.4,143,bot2,1,success,70,0,40.154
50,0.4,143,bot3,1,success,70,0,51.148
50,0.4,143,bot4,1,success,70,0,141.467
50,0.4,144,bot1,1,success,27,0,0.488
50,0.4,144,bot2,1,success,27,0,8.826
50,0.4,144,bot3,1,success,27,0,7.873
50,0.4,144,bot4,1,success,27,0,34.981
50,0.4,145,bot1,1,success,34,0,0.576
50,0.4,145,bot2,1,success,34,0,7.917
50,0.4,145,bot3,1,success,34,0,7.859
50,0.4,145,bot4,1,success,36,1,45.551
50,0.4,146,bot1,1,success,14,0,0.159
50,0.4,146,bot2,1,success,14,0,1.732
50,0.4,146,bot3,1,success,14,0,1.835
50,0.4,146,bot4,1,success,14,0,16.633
50,0.4,147,bot1,1,success,35,0,0.553
50,0.4,147,bot2,1,success,35,0,9.664
50,0.4,147,bot3,1,success,35,0,11.268
50,0.4,147,bot4,1,success,35,0,45.412
50,0.4,148,bot1,1,success,28,0,0.384
50,0.4,148,bot2,1,success,28,0,5.702
50,0.4,148,bot3,1,success,28,0,6.335
50,0.4,148,bot4,1,success,28,0,38.66
50,0.4,149,bot1,0,entered_fire,20,3,0.996
50,0.4,149,bot2,0,trapped,67,0,46.576
50,0.4,149,bot3,0,trapped,67,1,56.022
50,0.4,149,bot4,0,trapped,67,2,136.087
50,0.4,150,bot1,1,success,24,0,0.32
50,0.4,150,bot2,1,success,24,0,4.45
50,0.4,150,bot3,1,success,24,0,4.693
50,0.4,150,bot4,1,success,24,0,32.085
50,0.4,151,bot1,1,success,51,0,0.796
50,0.4,151,bot2,1,success,51,0,22.529
50,0.4,151,bot3,1,success,51,0,25.036
50,0.4,151,bot4,1,success,51,0,70.457
50,0.4,152,bot1,0,caught,13,1,1.073
50,0.4,152,bot2,1,success,52,0,31.985
50,0.4,152,bot3,1,success,52,1,32.522
50,0.4,152,bot4,1,success,74,11,106.477
50,0.4,153,bot1,1,success,30,0,0.478
50,0.4,153,bot2,1,success,30,0,9.133
50,0.4,153,bot3,1,success,30,0,8.557
50,0.4,153,bot4,1,success,30,0,42.736
50,0.4,154,bot1,1,success,52,0,0.711
50,0.4,154,bot2,1,success,52,0,23.5
50,0.4,154,bot3,1,success,52,0,24.618
50,0.4,154,bot4,1,success,52,0,74.546
50,0.4,155,bot1,1,success,13,0,0.21
50,0.4,155,bot2,1,success,13,0,2.086
50,0.4,155,bot3,1,success,13,0,2.014
50,0.4,155,bot4,1,success,13,0,18.733
50,0.4,156,bot1,1,success,49,0,0.662
50,0.4,156,bot2,1,success,49,0,17.737
50,0.4,156,bot3,1,success,49,0,34.266
50,0.4,156,bot4,1,success,49,0,76.461
50,0.4,157,bot1,1,success,26,0,0.303
50,0.4,157,bot2,1,success,26,0,6.568
50,0.4,157,bot3,1,success,26,0,8.076
50,0.4,157,bot4,1,success,26,0,37.156
50,0.4,158,bot1,0,entered_fire,40,3,0.676
50,0.4,158,bot2,0,trapped,45,0,19.564
50,0.4,158,bot3,0,trapped,45,0,28.234
50,0.4,158,bot4,0,trapped,45,0,77.817
50,0.4,159,bot1,1,success,28,0,0.41
50,0.4,159,bot2,1,success,28,0,5.855
50,0.4,159,bot3,1,success,28,0,6.805
50,0.4,159,bot4,1,success,28,0,37.517
50,0.4,160,bot1,1,success,23,0,0.347
50,0.4,160,bot2,1,success,23,0,5.952
50,0.4,160,bot3,1,success,23,0,4.36
50,0.4,160,bot4,1,success,23,0,30.545
50,0.4,161,bot1,0,entered_fire,38,2,0.788
50,0.4,161,bot2,0,trapped,50,0,24.953
50,0.4,161,bot3,0,trapped,50,0,30.248
50,0.4,161,bot4,0,trapped,50,0,82.669
50,0.4,162,bot1,1,success,51,0,1.082
50,0.4,162,bot2,1,success,51,0,23.799
50,0.4,162,bot3,1,success,51,0,26.434
50,0.4,162,bot4,1,success,51,0,68.305
50,0.4,163,bot1,1,success,28,0,0.644
50,0.4,163,bot2,1,success,28,0,5.245
50,0.4,163,bot3,1,success,28,0,5.673
50,0.4,163,bot4,1,success,28,0,36.694
50,0.4,164,bot1,1,success,15,0,0.175
50,0.4,164,bot2,1,success,15,0,2.123
50,0.4,164,bot3,1,success,15,0,2.259
50,0.4,164,bot4,1,success,15,0,19.442
50,0.4,165,bot1,0,entered_fire,27,5,0.901
50,0.4,165,bot2,0,trapped,43,0,35.256
50,0.4,165,bot3,0,trapped,43,2,38.149
50,0.4,165,bot4,0,trapped,43,1,67.507
50,0.4,166,bot1,0,button_burned,23,2,0.997
50,0.4,166,bot2,0,trapped,20,0,19.854
50,0.4,166,bot3,0,trapped,20,0,34.307
50,0.4,166,bot4,0,trapped,20,1,67.919
50,0.4,167,bot1,1,success,36,0,0.426
50,0.4,167,bot2,1,success,36,0,9.155
50,0.4,167,bot3,1,success,36,0,9.32
50,0.4,167,bot4,1,success,36,0,58.992
50,0.4,168,bot1,1,success,32,0,0.487
50,0.4,168,bot2,1,success,32,0,8.094
50,0.4,168,bot3,1,success,32,0,8.883
50,0.4,168,bot4,1,success,32,0,41.573
50,0.4,169,bot1,1,success,43,0,0.582
50,0.4,169,bot2,1,success,43,0,13.539
50,0.4,169,bot3,1,success,43,0,14.78
50,0.4,169,bot4,1,success,43,0,57.393
50,0.4,170,bot1,1,success,43,0,0.407
50,0.4,170,bot2,1,success,43,0,18.589
50,0.4,170,bot3,1,success,43,0,13.598
50,0.4,170,bot4,1,success,43,0,64.375
50,0.4,171,bot1,1,success,72,0,0.974
50,0.4,171,bot2,1,success,72,0,60.678
50,0.4,171,bot3,1,success,72,0,58.193
50,0.4,171,bot4,1,success,72,0,98.075
50,0.4,172,bot1,1,success,41,0,0.522
50,0.4,172,bot2,1,success,41,0,12.816
50,0.4,172,bot3,1,success,41,0,14.395
50,0.4,172,bot4,1,success,41,0,79.873
50,0.4,173,bot1,1,success,67,0,0.932
50,0.4,173,bot2,1,success,67,0,38.038
50,0.4,173,bot3,1,success,67,0,47.192
50,0.4,173,bot4,1,success,67,0,91.501
50,0.4,174,bot1,1,success,21,0,0.277
50,0.4,174,bot2,1,success,21,0,4.814
50,0.4,174,bot3,1,success,21,0,5.415
50,0.4,174,bot4,1,success,21,0,28.257
50,0.4,175,bot1,1,success,19,0,0.234
50,0.4,175,bot2,1,success,19,0,2.784
50,0.4,175,bot3,1,success,19,0,3.09
50,0.4,175,bot4,1,success,19,0,23.893
50,0.4,176,bot1,0,entered_fire,39,1,0.844
50,0.4,176,bot2,0,trapped,78,0,62.059
50,0.4,176,bot3,0,trapped,78,2,57.76
50,0.4,176,bot4,0,trapped,78,0,125.221
50,0.4,177,bot1,1,success,40,0,0.489
50,0.4,177,bot2,1,success,40,0,11.109
50,0.4,177,bot3,1,success,40,0,13.616
50,0.4,177,bot4,1,success,40,0,61.203
50,0.4,178,bot1,1,success,39,0,0.535
50,0.4,178,bot2,1,success,39,0,10.831
50,0.4,178,bot3,1,success,39,0,12.748
50,0.4,178,bot4,1,success,39,0,52.932
50,0.4,179,bot1,1,success,61,0,0.65
50,0.4,179,bot2,1,success,61,0,23.418
50,0.4,179,bot3,1,success,61,0,28.015
50,0.4,179,bot4,1,success,61,0,82.65
50,0.4,180,bot1,1,success,40,0,0.787
50,0.4,180,bot2,1,success,40,0,14.199
50,0.4,180,bot3,1,success,40,0,16.026
50,0.4,180,bot4,1,success,40,0,55.001
50,0.4,181,bot1,1,success,29,0,0.29
50,0.4,181,bot2,1,success,29,0,5.659
50,0.4,181,bot3,1,success,29,0,5.656
50,0.4,181,bot4,1,success,29,0,40.441
50,0.4,182,bot1,1,success,54,0,0.471
50,0.4,182,bot2,1,success,54,0,18.223
50,0.4,182,bot3,1,success,54,0,22.759
50,0.4,182,bot4,1,success,54,0,75.119
50,0.4,183,bot1,1,success,37,0,0.452
50,0.4,183,bot2,1,success,37,0,8.815
50,0.4,183,bot3,1,success,37,0,9.654
50,0.4,183,bot4,1,success,37,0,55.339
50,0.4,184,bot1,1,success,67,0,0.929
50,0.4,184,bot2,1,success,67,0,36.127
50,0.4,184,bot3,1,success,67,0,39.22
50,0.4,184,bot4,1,success,67,0,94.487
50,0.4,185,bot1,1,success,75,0,1.644
50,0.4,185,bot2,1,success,75,0,39.936
50,0.4,185,bot3,1,success,75,0,47.922
50,0.4,185,bot4,1,success,75,0,111.965
50,0.4,186,bot1,1,success,64,0,0.843
50,0.4,186,bot2,1,success,64,0,42.815
50,0.4,186,bot3,1,success,64,0,37.286
50,0.4,186,bot4,1,success,64,0,91.419
50,0.4,187,bot1,1,success,21,0,0.262
50,0.4,187,bot2,1,success,21,0,3.82
50,0.4,187,bot3,1,success,21,0,4.183
50,0.4,187,bot4,1,success,21,0,26.445
50,0.4,188,bot1,1,success,27,0,0.243
50,0.4,188,bot2,1,success,27,0,4.267
50,0.4,188,bot3,1,success,27,0,5.523
50,0.4,188,bot4,1,success,27,0,34.614
50,0.4,189,bot1,1,success,37,0,0.457
50,0.4,189,bot2,1,success,37,0,10.442
50,0.4,189,bot3,1,success,37,0,11.93
50,0.4,189,bot4,1,success,37,0,50.363
50,0.4,190,bot1,1,success,29,0,0.372
50,0.4,190,bot2,1,success,29,0,7.334
50,0.4,190,bot3,1,success,29,0,7.981
50,0.4,190,bot4,1,success,29,0,39.84
50,0.4,191,bot1,0,entered_fire,28,0,0.662
50,0.4,191,bot2,0,trapped,22,0,10.686
50,0.4,191,bot3,0,trapped,22,0,12.752
50,0.4,191,bot4,0,trapped,22,0,34.71
50,0.4,192,bot1,1,success,24,0,0.222
50,0.4,192,bot2,1,success,24,0,4.016
50,0.4,192,bot3,1,success,24,0,4.441
50,0.4,192,bot4,1,success,24,0,34.098
50,0.4,193,bot1,1,success,21,0,0.222
50,0.4,193,bot2,1,success,21,0,3.385
50,0.4,193,bot3,1,success,21,0,3.554
50,0.4,193,bot4,1,success,21,0,27.489
50,0.4,194,bot1,1,success,50,0,0.906
50,0.4,194,bot2,1,success,50,0,20.625
50,0.4,194,bot3,1,success,50,0,21.588
50,0.4,194,bot4,1,success,50,0,63.311
50,0.4,195,bot1,1,success,36,0,0.668
50,0.4,195,bot2,1,success,36,0,10.147
50,0.4,195,bot3,1,success,36,0,11.227
50,0.4,195,bot4,1,success,36,0,45.725
50,0.4,196,bot1,1,success,36,0,0.523
50,0.4,196,bot2,1,success,36,0,8.932
50,0.4,196,bot3,1,success,36,0,9.409
50,0.4,196,bot4,1,success,36,0,46.347
50,0.4,197,bot1,1,success,67,0,0.869
50,0.4,197,bot2,1,success,67,0,33.827
50,0.4,197,bot3,1,success,67,0,37.378
50,0.4,197,bot4,1,success,67,0,92.94
50,0.4,198,bot1,0,entered_fire,59,0,1.006
50,0.4,198,bot2,0,trapped,48,0,57.881
50,0.4,198,bot3,0,trapped,48,0,58.569
50,0.4,198,bot4,0,trapped,48,0,78.461
50,0.4,199,bot1,1,success,35,0,0.514
50,0.4,199,bot2,1,success,35,0,8.452
50,0.4,199,bot3,1,success,35,0,9.99
50,0.4,199,bot4,1,success,35,0,47.759
50,0.45,0,bot1,0,entered_fire,22,8,0.917
50,0.45,0,bot2,0,caught,26,0,23.56
50,0.45,0,bot3,0,caught,26,0,23.293
50,0.45,0,bot4,0,caught,26,0,44.035
50,0.45,1,bot1,1,success,37,0,0.51
50,0.45,1,bot2,1,success,37,0,9.925
50,0.45,1,bot3,1,success,37,0,10.119
50,0.45,1,bot4,1,success,37,0,44.517
50,0.45,2,bot1,0,caught,6,1,0.426
50,0.45,2,bot2,0,trapped,25,0,10.014
50,0.45,2,bot3,0,trapped,25,4,8.404
50,0.45,2,bot4,0,trapped,25,4,34.263
50,0.45,3,bot1,1,success,43,0,0.614
50,0.45,3,bot2,1,success,43,0,14.739
50,0.45,3,bot3,1,success,43,0,16.462
50,0.45,3,bot4,1,success,43,0,54.008
50,0.45,4,bot1,1,success,35,0,0.46
50,0.45,4,bot2,1,success,35,0,10.512
50,0.45,4,bot3,1,success,43,2,16.719
50,0.45,4,bot4,1,success,41,3,55.867
50,0.45,5,bot1,1,success,41,0,0.786
50,0.45,5,bot2,1,success,41,0,14.536
50,0.45,5,bot3,1,success,41,0,15.231
50,0.45,5,bot4,1,success,41,0,51.869
50,0.45,6,bot1,0,caught,1,0,0.863
50,0.45,6,bot2,0,caught,1,0,0.769
50,0.45,6,bot3,0,caught,1,0,0.675
50,0.45,6,bot4,0,caught,1,0,1.429
50,0.45,7,bot1,1,success,43,0,0.596
50,0.45,7,bot2,1,success,43,0,13.657
50,0.45,7,bot3,1,success,43,0,20.685
50,0.45,7,bot4,1,success,43,0,75.453
50,0.45,8,bot1,0,button_burned,41,1,0.822
50,0.45,8,bot2,0,trapped,37,0,32.323
50,0.45,8,bot3,0,trapped,37,0,49.412
50,0.45,8,bot4,0,trapped,37,2,64.038
50,0.45,9,bot1,1,success,6,0,0.131
50,0.45,9,bot2,1,success,6,0,0.726
50,0.45,9,bot3,1,success,6,0,0.667
50,0.45,9,bot4,1,success,6,0,8.136
50,0.45,10,bot1,1,success,34,0,0.392
50,0.45,10,bot2,1,success,34,0,8.12
50,0.45,10,bot3,1,success,34,0,9.391
50,0.45,10,bot4,1,success,34,0,46.511
50,0.45,11,bot1,1,success,40,0,0.726
50,0.45,11,bot2,1,success,40,0,14.775
50,0.45,11,bot3,1,success,40,0,16.9
50,0.45,11,bot4,1,success,40,0,72.081
50,0.45,12,bot1,1,success,40,0,0.61
50,0.45,12,bot2,1,success,40,0,10.908
50,0.45,12,bot3,1,success,40,0,12.523
50,0.45,12,bot4,1,success,40,0,54.887
50,0.45,13,bot1,0,button_burned,12,0,0.794
50,0.45,13,bot2,0,button_burned,12,0,11.902
50,0.45,13,bot3,0,button_burned,12,0,13.302
50,0.45,13,bot4,0,button_burned,12,0,33.222
50,0.45,14,bot1,0,entered_fire,38,1,0.458
50,0.45,14,bot2,0,button_burned,40,0,12.059
50,0.45,14,bot3,0,button_burned,40,3,16.157
50,0.45,14,bot4,0,button_burned,40,0,55.884
50,0.45,15,bot1,0,entered_fire,29,1,1.436
50,0.45,15,bot2,0,trapped,51,0,41.915
50,0.45,15,bot3,0,trapped,51,2,48.141
50,0.45,15,bot4,0,trapped,57,2,94.169
50,0.45,16,bot1,0,button_burned,25,0,0.748
50,0.45,16,bot2,0,button_burned,25,0,18.934
50,0.45,16,bot3,0,button_burned,25,0,19.735
50,0.45,16,bot4,0,button_burned,25,0,48.787
50,0.45,17,bot1,1,success,43,0,0.976
50,0.45,17,bot2,1,success,43,0,19.862
50,0.45,17,bot3,1,success,43,0,19.9
50,0.45,17,bot4,1,success,43,0,60.057
50,0.45,18,bot1,1,success,15,0,0.247
50,0.45,18,bot2,1,success,15,0,2.073
50,0.45,18,bot3,1,success,15,0,2.088
50,0.45,18,bot4,1,success,15,0,19.255
50,0.45,19,bot1,1,success,49,0,0.542
50,0.45,19,bot2,1,success,49,0,15.685
50,0.45,19,bot3,1,success,49,0,18.751
50,0.45,19,bot4,1,success,49,0,61.312
50,0.45,20,bot1,1,success,61,0,0.865
50,0.45,20,bot2,1,success,61,0,31.501
50,0.45,20,bot3,1,success,61,0,38.02
50,0.45,20,bot4,1,success,69,4,94.1
50,0.45,21,bot1,1,success,39,0,0.454
50,0.45,21,bot2,1,success,39,0,10.083
50,0.45,21,bot3,1,success,39,0,13.241
50,0.45,21,bot4,1,success,39,0,51.967
50,0.45,22,bot1,1,success,18,0,0.297
50,0.45,22,bot2,1,success,18,0,3.105
50,0.45,22,bot3,1,success,18,0,3.229
50,0.45,22,bot4,1,success,18,0,38.441
50,0.45,23,bot1,0,button_burned,21,4,0.904
50,0.45,23,bot2,0,button_burned,21,0,17.656
50,0.45,23,bot3,0,button_burned,21,1,18.497
50,0.45,23,bot4,0,button_burned,21,1,39.021
50,0.45,24,bot1,0,entered_fire,22,3,0.614
50,0.45,24,bot2,0,trapped,25,0,10.786
50,0.45,24,bot3,0,trapped,40,3,24.707
50,0.45,24,bot4,0,caught,39,0,48.55
50,0.45,25,bot1,1,success,10,0,0.159
50,0.45,25,bot2,1,success,10,0,1.682
50,0.45,25,bot3,1,success,10,0,1.319
50,0.45,25,bot4,1,success,10,0,13.273
50,0.45,26,bot1,1,success,75,0,1.062
50,0.45,26,bot2,1,success,75,0,42.951
50,0.45,26,bot3,1,success,75,0,42.776
50,0.45,26,bot4,1,success,75,0,114.339
50,0.45,27,bot1,0,entered_fire,15,2,1.018
50,0.45,27,bot2,1,success,97,0,60.031
50,0.45,27,bot3,1,success,97,0,78.656
50,0.45,27,bot4,1,success,99,2,155.031
50,0.45,28,bot1,0,caught,17,6,0.434
50,0.45,28,bot2,0,button_burned,38,0,25.283
50,0.45,28,bot3,0,button_burned,38,1,29.714
50,0.45,28,bot4,0,button_burned,38,1,59.034
50,0.45,29,bot1,1,success,18,0,0.213
50,0.45,29,bot2,1,success,18,0,2.693
50,0.45,29,bot3,1,success,18,0,2.954
50,0.45,29,bot4,1,success,18,0,26.236
50,0.45,30,bot1,0,entered_fire,22,1,0.257
50,0.45,30,bot2,0,button_burned,23,0,4.779
50,0.45,30,bot3,0,button_burned,23,2,7.896
50,0.45,30,bot4,0,button_burned,23,2,31.419
50,0.45,31,bot1,1,success,41,0,0.714
50,0.45,31,bot2,1,success,41,0,21.243
50,0.45,31,bot3,1,success,41,0,16.084
50,0.45,31,bot4,1,success,41,0,53.146
50,0.45,32,bot1,1,success,40,0,0.648
50,0.45,32,bot2,1,success,40,0,12.725
50,0.45,32,bot3,1,success,40,0,14.469
50,0.45,32,bot4,1,success,40,0,52.068
50,0.45,33,bot1,1,success,14,0,0.166
50,0.45,33,bot2,1,success,14,0,1.83
50,0.45,33,bot3,1,success,14,0,1.949
50,0.45,33,bot4,1,success,14,0,18.001
50,0.45,34,bot1,1,success,6,0,0.123
50,0.45,34,bot2,1,success,6,0,0.74
50,0.45,34,bot3,1,success,6,0,0.764
50,0.45,34,bot4,1,success,6,0,7.813
50,0.45,35,bot1,1,success,43,0,0.602
50,0.45,35,bot2,1,success,43,0,14.656
50,0.45,35,bot3,1,success,43,0,17.08
50,0.45,35,bot4,1,success,43,0,57.879
50,0.45,36,bot1,0,entered_fire,52,0,0.715
50,0.45,36,bot2,0,trapped,48,0,23.953
50,0.45,36,bot3,0,trapped,48,0,26.053
50,0.45,36,bot4,0,trapped,48,0,75.709
50,0.45,37,bot1,1,success,25,0,0.3
50,0.45,37,bot2,1,success,25,0,4.497
50,0.45,37,bot3,1,success,25,0,4.869
50,0.45,37,bot4,1,success,25,0,34.839
50,0.45,38,bot1,1,success,12,0,0.173
50,0.45,38,bot2,1,success,12,0,1.758
50,0.45,38,bot3,1,success,12,0,1.65
50,0.45,38,bot4,1,success,12,0,16.655
50,0.45,39,bot1,1,success,21,0,0.273
50,0.45,39,bot2,1,success,21,0,3.046
50,0.45,39,bot3,1,success,21,0,3.567
50,0.45,39,bot4,1,success,21,0,28.251
50,0.45,40,bot1,1,success,19,0,0.213
50,0.45,40,bot2,1,success,19,0,2.914
50,0.45,40,bot3,1,success,19,0,3.291
50,0.45,40,bot4,1,success,19,0,23.719
50,0.45,41,bot1,0,button_burned,6,0,0.809
50,0.45,41,bot2,0,button_burned,6,0,5.45
50,0.45,41,bot3,0,button_burned,6,0,5.78
50,0.45,41,bot4,0,button_burned,6,0,13.386
50,0.45,42,bot1,1,success,21,0,0.235
50,0.45,42,bot2,1,success,21,0,4.747
50,0.45,42,bot3,1,success,21,0,5.616
50,0.45,42,bot4,1,success,21,0,25.433
50,0.45,43,bot1,1,success,37,0,0.399
50,0.45,43,bot2,1,success,37,0,9.092
50,0.45,43,bot3,1,success,37,0,9.958
50,0.45,43,bot4,1,success,37,0,50.398
50,0.45,44,bot1,1,success,14,0,0.19
50,0.45,44,bot2,1,success,14,0,2.467
50,0.45,44,bot3,1,success,14,0,2.693
50,0.45,44,bot4,1,success,14,0,19.283
50,0.45,45,bot1,1,success,15,0,0.286
50,0.45,45,bot2,1,success,15,0,2.789
50,0.45,45,bot3,1,success,15,0,3.343
50,0.45,45,bot4,1,success,15,0,26.428
50,0.45,46,bot1,1,success,76,0,1.025
50,0.45,46,bot2,1,success,76,0,44.248
50,0.45,46,bot3,1,success,76,0,79.555
50,0.45,46,bot4,1,success,76,0,159.605
50,0.45,47,bot1,1,success,41,0,0.712
50,0.45,47,bot2,1,success,41,0,15.052
50,0.45,47,bot3,1,success,41,0,15.697
50,0.45,47,bot4,1,success,41,0,58.561
50,0.45,48,bot1,1,success,22,0,0.339
50,0.45,48,bot2,1,success,22,0,4.851
50,0.45,48,bot3,1,success,22,0,4.487
50,0.45,48,bot4,1,success,22,0,30.707
50,0.45,49,bot1,0,button_burned,38,0,0.599
50,0.45,49,bot2,0,trapped,37,0,13.299
50,0.45,49,bot3,0,trapped,37,0,17.408
50,0.45,49,bot4,0,trapped,37,0,59.436
50,0.45,50,bot1,1,success,27,0,0.427
50,0.45,50,bot2,1,success,27,0,7.314
50,0.45,50,bot3,1,success,27,0,7.171
50,0.45,50,bot4,1,success,27,0,34.011
50,0.45,51,bot1,1,success,12,0,0.152
50,0.45,51,bot2,1,success,12,0,1.65
50,0.45,51,bot3,1,success,12,0,1.824
50,0.45,51,bot4,1,success,12,0,16.478
50,0.45,52,bot1,1,success,11,0,0.175
50,0.45,52,bot2,1,success,11,0,1.506
50,0.45,52,bot3,1,success,11,0,1.488
50,0.45,52,bot4,1,success,11,0,15.941
50,0.45,53,bot1,0,caught,10,1,1.016
50,0.45,53,bot2,0,caught,27,0,16.525
50,0.45,53,bot3,0,trapped,43,1,24.165
50,0.45,53,bot4,0,trapped,43,2,77.679
50,0.45,54,bot1,1,success,40,0,0.491
50,0.45,54,bot2,1,success,40,0,14.842
50,0.45,54,bot3,1,success,40,0,17.199
50,0.45,54,bot4,1,success,40,0,72.118
50,0.45,55,bot1,1,success,61,0,1.135
50,0.45,55,bot2,1,success,61,0,33.605
50,0.45,55,bot3,1,success,61,0,39.932
50,0.45,55,bot4,1,success,61,0,91.038
50,0.45,56,bot1,1,success,52,0,0.774
50,0.45,56,bot2,1,success,52,0,23.02
50,0.45,56,bot3,1,success,52,0,25.22
50,0.45,56,bot4,1,success,52,0,79.656
50,0.45,57,bot1,1,success,25,0,0.403
50,0.45,57,bot2,1,success,25,0,5.277
50,0.45,57,bot3,1,success,25,0,5.912
50,0.45,57,bot4,1,success,25,0,38.503
50,0.45,58,bot1,1,success,25,0,0.293
50,0.45,58,bot2,1,success,25,0,5.012
50,0.45,58,bot3,1,success,25,0,5.19
50,0.45,58,bot4,1,success,25,0,33.351
50,0.45,59,bot1,1,success,31,0,0.391
50,0.45,59,bot2,1,success,31,0,9.852
50,0.45,59,bot3,1,success,31,0,9.831
50,0.45,59,bot4,1,success,31,0,44.118
50,0.45,60,bot1,1,success,12,0,0.157
50,0.45,60,bot2,1,success,12,0,1.406
50,0.45,60,bot3,1,success,12,0,2.997
50,0.45,60,bot4,1,success,12,0,14.968
50,0.45,61,bot1,1,success,36,0,0.655
50,0.45,61,bot2,1,success,36,0,11.934
50,0.45,61,bot3,1,success,36,0,13.637
50,0.45,61,bot4,1,success,36,0,49.509
50,0.45,62,bot1,1,success,19,0,0.325
50,0.45,62,bot2,1,success,19,0,3.342
50,0.45,62,bot3,1,success,19,0,3.635
50,0.45,62,bot4,1,success,19,0,24.42
50,0.45,63,bot1,1,success,26,0,0.427
50,0.45,63,bot2,1,success,26,0,7.145
50,0.45,63,bot3,1,success,26,0,6.076
50,0.45,63,bot4,1,success,26,0,57.256
50,0.45,64,bot1,1,success,19,0,0.203
50,0.45,64,bot2,1,success,19,0,2.974
50,0.45,64,bot3,1,success,19,0,3.237
50,0.45,64,bot4,1,success,19,0,26.844
50,0.45,65,bot1,1,success,36,0,0.328
50,0.45,65,bot2,1,success,36,0,7.73
50,0.45,65,bot3,1,success,36,0,9.054
50,0.45,65,bot4,1,success,36,0,48.535
50,0.45,66,bot1,0,button_burned,6,0,0.605
50,0.45,66,bot2,0,button_burned,6,0,2.049
50,0.45,66,bot3,0,button_burned,6,0,4.002
50,0.45,66,bot4,0,button_burned,6,0,10.006
50,0.45,67,bot1,0,caught,31,1,0.923
50,0.45,67,bot2,0,caught,34,0,15.682
50,0.45,67,bot3,0,caught,34,0,14.998
50,0.45,67,bot4,0,caught,48,2,66.927
50,0.45,68,bot1,1,success,41,0,0.917
50,0.45,68,bot2,1,success,41,0,15.489
50,0.45,68,bot3,1,success,41,0,16.47
50,0.45,68,bot4,1,success,41,0,57.424
50,0.45,69,bot1,1,success,40,0,0.449
50,0.45,69,bot2,1,success,40,0,11.227
50,0.45,69,bot3,1,success,40,0,13.504
50,0.45,69,bot4,1,success,40,0,65.435
50,0.45,70,bot1,0,caught,2,1,0.708
50,0.45,70,bot2,0,caught,21,0,23.366
50,0.45,70,bot3,1,success,61,1,41.075
50,0.45,70,bot4,1,success,69,5,118.562
50,0.45,71,bot1,1,success,77,0,1.538
50,0.45,71,bot2,1,success,77,0,44.219
50,0.45,71,bot3,1,success,77,0,55.803
50,0.45,71,bot4,1,success,77,0,152.61
50,0.45,72,bot1,0,button_burned,21,0,0.743
50,0.45,72,bot2,0,trapped,20,0,15.732
50,0.45,72,bot3,0,trapped,20,0,19.472
50,0.45,72,bot4,0,trapped,20,0,45.407
50,0.45,73,bot1,0,caught,10,0,1.429
50,0.45,73,bot2,0,caught,10,0,9.36
50,0.45,73,bot3,0,trapped,13,2,12.044
50,0.45,73,bot4,0,trapped,13,2,24.815
50,0.45,74,bot1,0,entered_fire,14,4,0.716
50,0.45,74,bot2,0,trapped,40,0,33.533
50,0.45,74,bot3,0,trapped,40,4,33.958
50,0.45,74,bot4,0,trapped,32,3,55.216
50,0.45,75,bot1,1,success,23,0,0.397
50,0.45,75,bot2,1,success,23,0,4.392
50,0.45,75,bot3,1,success,23,0,5.062
50,0.45,75,bot4,1,success,23,0,34.292
50,0.45,76,bot1,1,success,28,0,0.454
50,0.45,76,bot2,1,success,28,0,6.325
50,0.45,76,bot3,1,success,28,0,7.848
50,0.45,76,bot4,1,success,28,0,40.48
50,0.45,77,bot1,1,success,52,0,0.907
50,0.45,77,bot2,1,success,52,0,24.06
50,0.45,77,bot3,1,success,52,0,28.356
50,0.45,77,bot4,1,success,52,0,77.814
50,0.45,78,bot1,1,success,55,0,0.946
50,0.45,78,bot2,1,success,55,0,29.248
50,0.45,78,bot3,1,success,55,0,32.138
50,0.45,78,bot4,1,success,55,0,111.183
50,0.45,79,bot1,0,entered_fire,36,7,1.163
50,0.45,79,bot2,0,trapped,83,0,64.191
50,0.45,79,bot3,0,trapped,83,4,77.566
50,0.45,79,bot4,0,trapped,83,2,161.449
50,0.45,80,bot1,1,success,52,0,0.748
50,0.45,80,bot2,1,success,52,0,20.548
50,0.45,80,bot3,1,success,52,0,34.769
50,0.45,80,bot4,1,success,52,0,79.555
50,0.45,81,bot1,1,success,53,0,0.94
50,0.45,81,bot2,1,success,53,0,30.338
50,0.45,81,bot3,1,success,53,0,32.098
50,0.45,81,bot4,1,success,53,0,84.655
50,0.45,82,bot1,0,button_burned,33,0,1.372
50,0.45,82,bot2,0,trapped,21,0,18.668
50,0.45,82,bot3,0,trapped,21,0,25.309
50,0.45,82,bot4,0,trapped,21,0,40.931
50,0.45,83,bot1,0,button_burned,10,0,0.951
50,0.45,83,bot2,0,button_burned,10,0,9.514
50,0.45,83,bot3,0,button_burned,10,0,16.051
50,0.45,83,bot4,0,button_burned,10,0,23.143
50,0.45,84,bot1,1,success,47,0,0.592
50,0.45,84,bot2,1,success,47,0,18.638
50,0.45,84,bot3,1,success,47,0,23.856
50,0.45,84,bot4,1,success,47,0,77.511
50,0.45,85,bot1,0,caught,20,1,0.856
50,0.45,85,bot2,0,button_burned,32,0,20.034
50,0.45,85,bot3,0,button_burned,32,4,19.407
50,0.45,85,bot4,0,button_burned,32,4,54.35
50,0.45,86,bot1,1,success,14,0,0.23
50,0.45,86,bot2,1,success,14,0,2.444
50,0.45,86,bot3,1,success,14,0,2.88
50,0.45,86,bot4,1,success,14,0,27.602
50,0.45,87,bot1,0,button_burned,14,0,0.945
50,0.45,87,bot2,0,trapped,10,0,10.128
50,0.45,87,bot3,0,trapped,10,0,13.904
50,0.45,87,bot4,0,trapped,10,0,22.314
50,0.45,88,bot1,1,success,53,0,0.751
50,0.45,88,bot2,1,success,53,0,21.556
50,0.45,88,bot3,1,success,53,0,24.438
50,0.45,88,bot4,1,success,53,0,77.564
50,0.45,89,bot1,1,success,15,0,0.201
50,0.45,89,bot2,1,success,15,0,2.334
50,0.45,89,bot3,1,success,15,0,2.631
50,0.45,89,bot4,1,success,15,0,19.271
50,0.45,90,bot1,1,success,26,0,1.012
50,0.45,90,bot2,1,success,26,0,5.054
50,0.45,90,bot3,1,success,26,0,5.649
50,0.45,90,bot4,1,success,26,0,37.91
50,0.45,91,bot1,1,success,6,0,0.132
50,0.45,91,bot2,1,success,6,0,0.703
50,0.45,91,bot3,1,success,6,0,0.706
50,0.45,91,bot4,1,success,6,0,8.747
50,0.45,92,bot1,0,caught,53,0,0.728
50,0.45,92,bot2,0,caught,53,0,26.168
50,0.45,92,bot3,0,caught,53,0,25.345
50,0.45,92,bot4,0,caught,53,0,74.974
50,0.45,93,bot1,1,success,5,0,0.115
50,0.45,93,bot2,1,success,5,0,0.565
50,0.45,93,bot3,1,success,5,0,0.547
50,0.45,93,bot4,1,success,5,0,5.95
50,0.45,94,bot1,0,caught,49,0,0.608
50,0.45,94,bot2,0,trapped,48,0,21.093
50,0.45,94,bot3,0,trapped,48,0,26.194
50,0.45,94,bot4,0,trapped,48,0,75.134
50,0.45,95,bot1,1,success,55,0,0.692
50,0.45,95,bot2,1,success,55,0,23.319
50,0.45,95,bot3,1,success,55,0,25.055
50,0.45,95,bot4,1,success,55,0,75.821
50,0.45,96,bot1,1,success,35,0,0.501
50,0.45,96,bot2,1,success,35,0,10.051
50,0.45,96,bot3,1,success,35,0,13.416
50,0.45,96,bot4,1,success,35,0,52.163
50,0.45,97,bot1,1,success,43,0,0.659
50,0.45,97,bot2,1,success,43,0,15.632
50,0.45,97,bot3,1,success,43,0,16.551
50,0.45,97,bot4,1,success,43,0,68.255
50,0.45,98,bot1,1,success,31,0,0.421
50,0.45,98,bot2,1,success,31,0,7.704
50,0.45,98,bot3,1,success,31,0,7.873
50,0.45,98,bot4,1,success,31,0,41.612
50,0.45,99,bot1,1,success,49,0,0.998
50,0.45,99,bot2,1,success,49,0,24.703
50,0.45,99,bot3,1,success,49,0,25.125
50,0.45,99,bot4,1,success,49,0,72.234
50,0.45,100,bot1,1,success,36,0,0.357
50,0.45,100,bot2,1,success,36,0,7.629
50,0.45,100,bot3,1,success,36,0,8.149
50,0.45,100,bot4,1,success,36,0,47.634
50,0.45,101,bot1,1,success,54,0,0.759
50,0.45,101,bot2,1,success,54,0,24.323
50,0.45,101,bot3,1,success,54,0,27.012
50,0.45,101,bot4,1,success,54,0,79.917
50,0.45,102,bot1,1,success,25,0,0.381
50,0.45,102,bot2,1,success,25,0,4.934
50,0.45,102,bot3,1,success,25,0,5.428
50,0.45,102,bot4,1,success,25,0,32.928
50,0.45,103,bot1,1,success,32,0,0.397
50,0.45,103,bot2,1,success,32,0,6.847
50,0.45,103,bot3,1,success,32,0,6.99
50,0.45,103,bot4,1,success,32,0,43.786
50,0.45,104,bot1,1,success,44,0,0.647
50,0.45,104,bot2,1,success,44,0,14.076
50,0.45,104,bot3,1,success,44,0,16.815
50,0.45,104,bot4,1,success,44,0,67.238
50,0.45,105,bot1,1,success,35,0,0.457
50,0.45,105,bot2,1,success,35,0,8.387
50,0.45,105,bot3,1,success,35,0,9.573
50,0.45,105,bot4,1,success,35,0,45.311
50,0.45,106,bot1,0,caught,11,0,0.263
50,0.45,106,bot2,0,caught,11,0,2.076
50,0.45,106,bot3,1,success,23,0,4.241
50,0.45,106,bot4,1,success,23,0,32.571
50,0.45,107,bot1,1,success,42,0,0.731
50,0.45,107,bot2,1,success,42,0,14.932
50,0.45,107,bot3,1,success,42,0,22.554
50,0.45,107,bot4,1,success,42,0,55.652
50,0.45,108,bot1,1,success,36,0,0.343
50,0.45,108,bot2,1,success,36,0,9.322
50,0.45,108,bot3,1,success,36,0,10.257
50,0.45,108,bot4,1,success,36,0,47.294
50,0.45,109,bot1,1,success,21,0,0.271
50,0.45,109,bot2,1,success,21,0,3.763
50,0.45,109,bot3,1,success,21,0,4.327
50,0.45,109,bot4,1,success,21,0,27.506
50,0.45,110,bot1,0,entered_fire,37,3,0.868
50,0.45,110,bot2,1,success,65,0,31.942
50,0.45,110,bot3,1,success,63,0,36.567
50,0.45,110,bot4,1,success,63,0,95.69
50,0.45,111,bot1,1,success,28,0,0.276
50,0.45,111,bot2,1,success,28,0,6.478
50,0.45,111,bot3,1,success,28,0,8.724
50,0.45,111,bot4,1,success,28,0,50.746
50,0.45,112,bot1,1,success,75,0,1.265
50,0.45,112,bot2,1,success,75,0,50.355
50,0.45,112,bot3,1,success,75,0,53.457
50,0.45,112,bot4,1,success,75,0,119.137
50,0.45,113,bot1,1,success,52,0,0.662
50,0.45,113,bot2,1,success,52,0,22.663
50,0.45,113,bot3,1,success,52,0,22.854
50,0.45,113,bot4,1,success,52,0,73.823
50,0.45,114,bot1,1,success,9,0,0.215
50,0.45,114,bot2,1,success,9,0,1.641
50,0.45,114,bot3,1,success,9,0,1.529
50,0.45,114,bot4,1,success,9,0,19.032
50,0.45,115,bot1,0,button_burned,11,0,0.691
50,0.45,115,bot2,0,button_burned,11,0,7.3
50,0.45,115,bot3,0,button_burned,11,1,8.668
50,0.45,115,bot4,0,button_burned,11,0,22.91
50,0.45,116,bot1,0,caught,23,3,0.426
50,0.45,116,bot2,0,button_burned,23,0,9.261
50,0.45,116,bot3,0,button_burned,23,1,10.938
50,0.45,116,bot4,0,button_burned,23,1,35.183
50,0.45,117,bot1,0,button_burned,53,0,0.675
50,0.45,117,bot2,0,button_burned,53,0,21.369
50,0.45,117,bot3,0,button_burned,53,0,22.961
50,0.45,117,bot4,0,button_burned,53,0,74.48
50,0.45,118,bot1,1,success,28,0,0.273
50,0.45,118,bot2,1,success,28,0,5.292
50,0.45,118,bot3,1,success,28,0,5.94
50,0.45,118,bot4,1,success,28,0,38.979
50,0.45,119,bot1,1,success,46,0,0.626
50,0.45,119,bot2,1,success,46,0,17.288
50,0.45,119,bot3,1,success,46,0,21.762
50,0.45,119,bot4,1,success,46,0,64.323
50,0.45,120,bot1,1,success,70,0,1.665
50,0.45,120,bot2,1,success,70,0,41.139
50,0.45,120,bot3,1,success,70,0,53.936
50,0.45,120,bot4,1,success,70,0,100.903
50,0.45,121,bot1,1,success,38,0,0.646
50,0.45,121,bot2,1,success,38,0,11.704
50,0.45,121,bot3,1,success,38,0,13.014
50,0.45,121,bot4,1,success,38,0,62.741
50,0.45,122,bot1,1,success,29,0,0.557
50,0.45,122,bot2,1,success,29,0,6.993
50,0.45,122,bot3,1,success,29,0,7.289
50,0.45,122,bot4,1,success,29,0,39.771
50,0.45,123,bot1,1,success,72,0,0.897
50,0.45,123,bot2,1,success,72,0,42.839
50,0.45,123,bot3,1,success,72,0,50.603
50,0.45,123,bot4,1,success,72,0,112.443
50,0.45,124,bot1,1,success,32,0,0.421
50,0.45,124,bot2,1,success,32,0,7.827
50,0.45,124,bot3,1,success,32,0,8.686
50,0.45,124,bot4,1,success,32,0,43.729
50,0.45,125,bot1,1,success,29,0,0.322
50,0.45,125,bot2,1,success,29,0,6.306
50,0.45,125,bot3,1,success,29,0,7.14
50,0.45,125,bot4,1,success,29,0,38.425
50,0.45,126,bot1,0,button_burned,16,2,0.701
50,0.45,126,bot2,0,trapped,15,0,10.485
50,0.45,126,bot3,0,trapped,15,0,14.357
50,0.45,126,bot4,0,trapped,15,0,35.211
50,0.45,127,bot1,0,caught,32,4,1.056
50,0.45,127,bot2,0,trapped,28,0,27.558
50,0.45,127,bot3,0,trapped,28,0,30.45
50,0.45,127,bot4,0,trapped,28,0,112.282
50,0.45,128,bot1,0,entered_fire,22,1,0.637
50,0.45,128,bot2,0,caught,63,0,16.72
50,0.45,128,bot3,0,trapped,71,5,30.461
50,0.45,128,bot4,0,trapped,71,4,130.299
50,0.45,129,bot1,1,success,24,0,0.454
50,0.45,129,bot2,1,success,24,0,5.291
50,0.45,129,bot3,1,success,24,0,5.532
50,0.45,129,bot4,1,success,24,0,32.721
50,0.45,130,bot1,1,success,27,0,0.715
50,0.45,130,bot2,1,success,27,0,6.348
50,0.45,130,bot3,1,success,27,0,7.375
50,0.45,130,bot4,1,success,27,0,36.525
50,0.45,131,bot1,0,entered_fire,8,2,0.793
50,0.45,131,bot2,0,caught,22,0,14.049
50,0.45,131,bot3,1,success,50,3,22.56
50,0.45,131,bot4,1,success,46,1,65.284
50,0.45,132,bot1,1,success,30,0,0.415
50,0.45,132,bot2,1,success,30,0,8.293
50,0.45,132,bot3,1,success,30,0,8.542
50,0.45,132,bot4,1,success,30,0,42.995
50,0.45,133,bot1,1,success,16,0,0.207
50,0.45,133,bot2,1,success,16,0,2.366
50,0.45,133,bot3,1,success,16,0,3.36
50,0.45,133,bot4,1,success,16,0,26.324
50,0.45,134,bot1,1,success,18,0,0.251
50,0.45,134,bot2,1,success,18,0,3.034
50,0.45,134,bot3,1,success,18,0,2.94
50,0.45,134,bot4,1,success,18,0,23.078
50,0.45,135,bot1,1,success,41,0,0.947
50,0.45,135,bot2,1,success,41,0,14.828
50,0.45,135,bot3,1,success,41,0,15.6
50,0.45,135,bot4,1,success,41,0,60.585
50,0.45,136,bot1,1,success,41,0,0.47
50,0.45,136,bot2,1,success,41,0,11.869
50,0.45,136,bot3,1,success,41,0,12.538
50,0.45,136,bot4,1,success,41,0,61.169
50,0.45,137,bot1,1,success,65,0,0.922
50,0.45,137,bot2,1,success,65,0,36.346
50,0.45,137,bot3,1,success,65,0,43.546
50,0.45,137,bot4,1,success,65,0,96.227
50,0.45,138,bot1,1,success,25,0,0.362
50,0.45,138,bot2,1,success,25,0,4.927
50,0.45,138,bot3,1,success,25,0,4.838
50,0.45,138,bot4,1,success,25,0,31.665
50,0.45,139,bot1,1,success,32,0,0.415
50,0.45,139,bot2,1,success,32,0,7.141
50,0.45,139,bot3,1,success,32,0,7.072
50,0.45,139,bot4,1,success,32,0,39.42
50,0.45,140,bot1,1,success,9,0,0.163
50,0.45,140,bot2,1,success,9,0,1.218
50,0.45,140,bot3,1,success,9,0,1.326
50,0.45,140,bot4,1,success,9,0,11.842
50,0.45,141,bot1,1,success,64,0,0.863
50,0.45,141,bot2,1,success,64,0,33.241
50,0.45,141,bot3,1,success,64,0,33.628
50,0.45,141,bot4,1,success,64,0,87.224
50,0.45,142,bot1,1,success,22,0,0.22
50,0.45,142,bot2,1,success,22,0,3.303
50,0.45,142,bot3,1,success,22,0,4.186
50,0.45,142,bot4,1,success,22,0,27.581
50,0.45,143,bot1,1,success,70,0,0.873
50,0.45,143,bot2,1,success,70,0,36.95
50,0.45,143,bot3,1,success,70,0,46.621
50,0.45,143,bot4,1,success,70,0,97.423
50,0.45,144,bot1,1,success,27,0,0.509
50,0.45,144,bot2,1,success,27,0,6.567
50,0.45,144,bot3,1,success,27,0,7.492
50,0.45,144,bot4,1,success,27,0,38.483
50,0.45,145,bot1,1,success,34,0,0.56
50,0.45,145,bot2,1,success,34,0,7.581
50,0.45,145,bot3,1,success,34,0,8.188
50,0.45,145,bot4,1,success,36,1,46.515
50,0.45,146,bot1,1,success,14,0,0.171
50,0.45,146,bot2,1,success,14,0,1.809
50,0.45,146,bot3,1,success,14,0,2.091
50,0.45,146,bot4,1,success,14,0,19.279
50,0.45,147,bot1,1,success,35,0,1.013
50,0.45,147,bot2,1,success,35,0,9.733
50,0.45,147,bot3,1,success,35,0,10.436
50,0.45,147,bot4,1,success,35,0,43.519
50,0.45,148,bot1,1,success,28,0,0.422
50,0.45,148,bot2,1,success,28,0,5.461
50,0.45,148,bot3,1,success,28,0,5.673
50,0.45,148,bot4,1,success,28,0,35.894
50,0.45,149,bot1,0,caught,22,1,0.943
50,0.45,149,bot2,0,caught,31,0,25.884
50,0.45,149,bot3,0,caught,31,0,27.244
50,0.45,149,bot4,0,caught,31,0,62.213
50,0.45,150,bot1,1,success,24,0,0.334
50,0.45,150,bot2,1,success,24,0,4.381
50,0.45,150,bot3,1,success,24,0,4.932
50,0.45,150,bot4,1,success,24,0,31.079
50,0.45,151,bot1,1,success,51,0,0.848
50,0.45,151,bot2,1,success,51,0,22.506
50,0.45,151,bot3,1,success,51,0,24.779
50,0.45,151,bot4,1,success,51,0,67.252
50,0.45,152,bot1,0,caught,13,1,0.754
50,0.45,152,bot2,0,trapped,34,0,17.031
50,0.45,152,bot3,0,trapped,34,1,18.604
50,0.45,152,bot4,0,trapped,59,4,94.784
50,0.45,153,bot1,1,success,30,0,0.53
50,0.45,153,bot2,1,success,30,0,7.166
50,0.45,153,bot3,1,success,30,0,8.346
50,0.45,153,bot4,1,success,30,0,39.142
50,0.45,154,bot1,1,success,52,0,0.674
50,0.45,154,bot2,1,success,52,0,20.138
50,0.45,154,bot3,1,success,52,0,25.89
50,0.45,154,bot4,1,success,52,0,71.425
50,0.45,155,bot1,1,success,13,0,0.216
50,0.45,155,bot2,1,success,13,0,1.868
50,0.45,155,bot3,1,success,13,0,1.857
50,0.45,155,bot4,1,success,13,0,17.794
50,0.45,156,bot1,1,success,49,0,0.62
50,0.45,156,bot2,1,success,49,0,16.79
50,0.45,156,bot3,1,success,49,0,19.525
50,0.45,156,bot4,1,success,49,0,62.43
50,0.45,157,bot1,1,success,26,0,0.267
50,0.45,157,bot2,1,success,26,0,4.578
50,0.45,157,bot3,1,success,26,0,5.861
50,0.45,157,bot4,1,success,26,0,34.779
50,0.45,158,bot1,1,success,48,0,0.604
50,0.45,158,bot2,1,success,48,0,18.003
50,0.45,158,bot3,1,success,48,0,20.216
50,0.45,158,bot4,1,success,48,0,69.241
50,0.45,159,bot1,1,success,28,0,0.395
50,0.45,159,bot2,1,success,28,0,5.838
50,0.45,159,bot3,1,success,28,0,9.258
50,0.45,159,bot4,1,success,28,0,37.21
50,0.45,160,bot1,1,success,23,0,0.308
50,0.45,160,bot2,1,success,23,0,3.978
50,0.45,160,bot3,1,success,23,0,4.097
50,0.45,160,bot4,1,success,23,0,28.944
50,0.45,161,bot1,0,entered_fire,52,0,0.782
50,0.45,161,bot2,0,trapped,50,0,22.316
50,0.45,161,bot3,0,trapped,50,0,27.707
50,0.45,161,bot4,0,trapped,50,0,75.681
50,0.45,162,bot1,1,success,51,0,1.609
50,0.45,162,bot2,1,success,51,0,26.381
50,0.45,162,bot3,1,success,51,0,27.851
50,0.45,162,bot4,1,success,51,0,67.971
50,0.45,163,bot1,1,success,28,0,0.344
50,0.45,163,bot2,1,success,28,0,5.697
50,0.45,163,bot3,1,success,28,0,5.954
50,0.45,163,bot4,1,success,28,0,35.673
50,0.45,164,bot1,1,success,15,0,0.221
50,0.45,164,bot2,1,success,15,0,2.257
50,0.45,164,bot3,1,success,15,0,2.361
50,0.45,164,bot4,1,success,15,0,20.458
50,0.45,165,bot1,0,caught,24,7,1.018
50,0.45,165,bot2,0,trapped,31,0,33.022
50,0.45,165,bot3,0,trapped,31,2,25.456
50,0.45,165,bot4,0,trapped,31,1,49.116
50,0.45,166,bot1,0,button_burned,33,2,1.621
50,0.45,166,bot2,0,trapped,18,0,21.869
50,0.45,166,bot3,0,trapped,18,0,18.266
50,0.45,166,bot4,0,trapped,18,1,43.84
50,0.45,167,bot1,1,success,36,0,0.347
50,0.45,167,bot2,1,success,36,0,8.321
50,0.45,167,bot3,1,success,36,0,9.287
50,0.45,167,bot4,1,success,36,0,47.61
50,0.45,168,bot1,1,success,32,0,0.474
50,0.45,168,bot2,1,success,32,0,8.405
50,0.45,168,bot3,1,success,32,0,9.345
50,0.45,168,bot4,1,success,32,0,44.816
50,0.45,169,bot1,1,success,43,0,0.607
50,0.45,169,bot2,1,success,43,0,13.894
50,0.45,169,bot3,1,success,43,0,16.685
50,0.45,169,bot4,1,success,43,0,58.182
50,0.45,170,bot1,1,success,43,0,0.432
50,0.45,170,bot2,1,success,43,0,12.023
50,0.45,170,bot3,1,success,43,0,14.154
50,0.45,170,bot4,1,success,43,0,55.17
50,0.45,171,bot1,1,success,72,0,0.884
50,0.45,171,bot2,1,success,72,0,42.422
50,0.45,171,bot3,1,success,72,0,48.342
50,0.45,171,bot4,1,success,72,0,97.359
50,0.45,172,bot1,1,success,41,0,0.56
50,0.45,172,bot2,1,success,41,0,12.705
50,0.45,172,bot3,1,success,41,0,14.621
50,0.45,172,bot4,1,success,41,0,53.432
50,0.45,173,bot1,1,success,67,0,0.948
50,0.45,173,bot2,1,success,67,0,38.228
50,0.45,173,bot3,1,success,67,0,47.056
50,0.45,173,bot4,1,success,67,0,108.692
50,0.45,174,bot1,1,success,21,0,0.261
50,0.45,174,bot2,1,success,21,0,3.19
50,0.45,174,bot3,1,success,21,0,3.513
50,0.45,174,bot4,1,success,21,0,27.159
50,0.45,175,bot1,1,success,19,0,0.224
50,0.45,175,bot2,1,success,19,0,2.722
50,0.45,175,bot3,1,success,19,0,2.817
50,0.45,175,bot4,1,success,19,0,22.829
50,0.45,176,bot1,0,entered_fire,33,4,0.896
50,0.45,176,bot2,0,trapped,67,0,43.847
50,0.45,176,bot3,0,trapped,67,0,52.139
50,0.45,176,bot4,0,trapped,67,0,110.776
50,0.45,177,bot1,1,success,40,0,0.526
50,0.45,177,bot2,1,success,40,0,11.418
50,0.45,177,bot3,1,success,40,0,13.194
50,0.45,177,bot4,1,success,40,0,52.11
50,0.45,178,bot1,1,success,39,0,0.503
50,0.45,178,bot2,1,success,39,0,11.092
50,0.45,178,bot3,1,success,39,0,12.088
50,0.45,178,bot4,1,success,39,0,51.075
50,0.45,179,bot1,1,success,61,0,0.652
50,0.45,179,bot2,1,success,61,0,27.201
50,0.45,179,bot3,1,success,61,0,28.166
50,0.45,179,bot4,1,success,61,0,81.903
50,0.45,180,bot1,1,success,40,0,1.012
50,0.45,180,bot2,1,success,40,0,14.457
50,0.45,180,bot3,1,success,40,0,15.703
50,0.45,180,bot4,1,success,40,0,52.244
50,0.45,181,bot1,1,success,29,0,0.263
50,0.45,181,bot2,1,success,29,0,5.139
50,0.45,181,bot3,1,success,29,0,5.423
50,0.45,181,bot4,1,success,29,0,36.867
50,0.45,182,bot1,1,success,54,0,0.473
50,0.45,182,bot2,1,success,54,0,18.268
50,0.45,182,bot3,1,success,54,0,21.73
50,0.45,182,bot4,1,success,54,0,70.017
50,0.45,183,bot1,1,success,37,0,0.42
50,0.45,183,bot2,1,success,37,0,8.296
50,0.45,183,bot3,1,success,37,0,9.424
50,0.45,183,bot4,1,success,37,0,48.571
50,0.45,184,bot1,1,success,67,0,0.866
50,0.45,184,bot2,1,success,67,0,39.012
50,0.45,184,bot3,1,success,67,0,39.71
50,0.45,184,bot4,1,success,67,0,95.988
50,0.45,185,bot1,1,success,75,0,0.883
50,0.45,185,bot2,1,success,75,0,41.571
50,0.45,185,bot3,1,success,75,0,47.377
50,0.45,185,bot4,1,success,75,0,114.114
50,0.45,186,bot1,1,success,64,0,1.63
50,0.45,186,bot2,1,success,64,0,28.994
50,0.45,186,bot3,1,success,64,0,36.435
50,0.45,186,bot4,1,success,64,0,88.554
50,0.45,187,bot1,1,success,21,0,0.271
50,0.45,187,bot2,1,success,21,0,3.622
50,0.45,187,bot3,1,success,21,0,3.771
50,0.45,187,bot4,1,success,21,0,26.763
50,0.45,188,bot1,1,success,27,0,0.224
50,0.45,188,bot2,1,success,27,0,4.942
50,0.45,188,bot3,1,success,27,0,4.528
50,0.45,188,bot4,1,success,27,0,34.348
50,0.45,189,bot1,1,success,37,0,0.599
50,0.45,189,bot2,1,success,37,0,11.024
50,0.45,189,bot3,1,success,37,0,11.324
50,0.45,189,bot4,1,success,37,0,48.596
50,0.45,190,bot1,1,success,29,0,0.349
50,0.45,190,bot2,1,success,29,0,6.553
50,0.45,190,bot3,1,success,29,0,7.414
50,0.45,190,bot4,1,success,29,0,36.519
50,0.45,191,bot1,0,caught,29,0,0.591
50,0.45,191,bot2,0,trapped,28,0,11.684
50,0.45,191,bot3,0,trapped,28,0,18.78
50,0.45,191,bot4,0,trapped,28,0,43.288
50,0.45,192,bot1,1,success,24,0,0.215
50,0.45,192,bot2,1,success,24,0,4.188
50,0.45,192,bot3,1,success,24,0,4.675
50,0.45,192,bot4,1,success,24,0,31.432
50,0.45,193,bot1,1,success,21,0,0.239
50,0.45,193,bot2,1,success,21,0,3.072
50,0.45,193,bot3,1,success,21,0,3.373
50,0.45,193,bot4,1,success,21,0,25.31
50,0.45,194,bot1,1,success,50,0,0.831
50,0.45,194,bot2,1,success,50,0,20.685
50,0.45,194,bot3,1,success,50,0,22.667
50,0.45,194,bot4,1,success,50,0,69.618
50,0.45,195,bot1,1,success,36,0,1.114
50,0.45,195,bot2,1,success,36,0,11.418
50,0.45,195,bot3,1,success,36,0,15.871
50,0.45,195,bot4,1,success,36,0,46.813
50,0.45,196,bot1,1,success,36,0,0.471
50,0.45,196,bot2,1,success,36,0,9.226
50,0.45,196,bot3,1,success,36,0,9.792
50,0.45,196,bot4,1,success,40,2,52.033
50,0.45,197,bot1,1,success,67,0,0.888
50,0.45,197,bot2,1,success,67,0,34.023
50,0.45,197,bot3,1,success,67,0,42.729
50,0.45,197,bot4,1,success,67,0,95.536
50,0.45,198,bot1,0,button_burned,47,0,0.915
50,0.45,198,bot2,0,trapped,45,0,44.039
50,0.45,198,bot3,0,trapped,45,0,49.047
50,0.45,198,bot4,0,trapped,45,0,81.737
50,0.45,199,bot1,1,success,35,0,0.475
50,0.45,199,bot2,1,success,35,0,9.715
50,0.45,199,bot3,1,success,35,0,12.002
50,0.45,199,bot4,1,success,35,0,48.315
50,0.5,0,bot1,0,entered_fire,19,6,1.023
50,0.5,0,bot2,0,trapped,50,0,38.409
50,0.5,0,bot3,0,trapped,50,1,41.674
50,0.5,0,bot4,0,trapped,50,2,92.182
50,0.5,1,bot1,1,success,37,0,0.939
50,0.5,1,bot2,1,success,37,0,10.667
50,0.5,1,bot3,1,success,37,0,10.978
50,0.5,1,bot4,1,success,37,0,46.753
50,0.5,2,bot1,0,caught,5,3,0.421
50,0.5,2,bot2,0,trapped,29,0,9.269
50,0.5,2,bot3,0,trapped,29,3,9.57
50,0.5,2,bot4,0,trapped,29,5,39.72
50,0.5,3,bot1,1,success,43,0,0.742
50,0.5,3,bot2,1,success,43,0,15.578
50,0.5,3,bot3,1,success,43,0,19.19
50,0.5,3,bot4,1,success,43,0,58.757
50,0.5,4,bot1,0,entered_fire,17,1,0.421
50,0.5,4,bot2,0,caught,17,0,5.418
50,0.5,4,bot3,0,button_burned,46,1,28.919
50,0.5,4,bot4,0,button_burned,46,3,77.182
50,0.5,5,bot1,1,success,41,0,0.736
50,0.5,5,bot2,1,success,41,0,13.872
50,0.5,5,bot3,1,success,41,0,16.867
50,0.5,5,bot4,1,success,41,0,56.568
50,0.5,6,bot1,0,caught,1,0,0.757
50,0.5,6,bot2,0,caught,1,0,0.73
50,0.5,6,bot3,0,caught,1,0,0.72
50,0.5,6,bot4,0,caught,1,0,1.664
50,0.5,7,bot1,1,success,43,0,0.622
50,0.5,7,bot2,1,success,43,0,14.284
50,0.5,7,bot3,1,success,43,0,15.179
50,0.5,7,bot4,1,success,43,0,56.494
50,0.5,8,bot1,0,button_burned,28,0,0.813
50,0.5,8,bot2,0,trapped,27,0,19.803
50,0.5,8,bot3,0,trapped,27,0,31.198
50,0.5,8,bot4,0,trapped,27,0,47.364
50,0.5,9,bot1,1,success,6,0,0.137
50,0.5,9,bot2,1,success,6,0,0.745
50,0.5,9,bot3,1,success,6,0,0.745
50,0.5,9,bot4,1,success,6,0,8.224
50,0.5,10,bot1,1,success,34,0,0.395
50,0.5,10,bot2,1,success,34,0,7.797
50,0.5,10,bot3,1,success,34,0,9.62
50,0.5,10,bot4,1,success,34,0,43.0
50,0.5,11,bot1,1,success,40,0,0.674
50,0.5,11,bot2,1,success,40,0,13.3
50,0.5,11,bot3,1,success,40,0,23.225
50,0.5,11,bot4,1,success,40,0,56.676
50,0.5,12,bot1,1,success,40,0,0.607
50,0.5,12,bot2,1,success,40,0,12.367
50,0.5,12,bot3,1,success,40,0,11.418
50,0.5,12,bot4,1,success,40,0,53.076
50,0.5,13,bot1,0,button_burned,14,0,0.903
50,0.5,13,bot2,0,button_burned,14,0,13.138
50,0.5,13,bot3,0,button_burned,14,0,13.34
50,0.5,13,bot4,0,button_burned,14,0,33.927
50,0.5,14,bot1,0,caught,37,0,0.457
50,0.5,14,bot2,0,trapped,35,0,9.238
50,0.5,14,bot3,0,trapped,31,1,14.642
50,0.5,14,bot4,0,trapped,35,0,48.5
50,0.5,15,bot1,0,caught,26,3,0.947
50,0.5,15,bot2,0,trapped,50,0,40.6
50,0.5,15,bot3,0,trapped,50,0,43.502
50,0.5,15,bot4,0,trapped,50,2,83.312
50,0.5,16,bot1,0,button_burned,25,0,0.759
50,0.5,16,bot2,0,button_burned,25,0,18.175
50,0.5,16,bot3,0,button_burned,25,0,22.846
50,0.5,16,bot4,0,button_burned,25,0,46.366
50,0.5,17,bot1,1,success,43,0,1.019
50,0.5,17,bot2,1,success,43,0,16.136
50,0.5,17,bot3,1,success,43,0,21.977
50,0.5,17,bot4,1,success,43,0,59.021
50,0.5,18,bot1,1,success,15,0,0.211
50,0.5,18,bot2,1,success,15,0,2.303
50,0.5,18,bot3,1,success,15,0,2.311
50,0.5,18,bot4,1,success,15,0,19.263
50,0.5,19,bot1,1,success,49,0,0.592
50,0.5,19,bot2,1,success,49,0,23.111
50,0.5,19,bot3,1,success,49,0,21.438
50,0.5,19,bot4,1,success,49,0,75.759
50,0.5,20,bot1,0,entered_fire,27,2,0.926
50,0.5,20,bot2,0,caught,43,0,28.277
50,0.5,20,bot3,0,trapped,51,1,35.319
50,0.5,20,bot4,0,trapped,67,3,97.587
50,0.5,21,bot1,1,success,39,0,0.52
50,0.5,21,bot2,1,success,39,0,11.556
50,0.5,21,bot3,1,success,39,0,16.11
50,0.5,21,bot4,1,success,39,0,54.885
50,0.5,22,bot1,1,success,18,0,0.208
50,0.5,22,bot2,1,success,18,0,2.889
50,0.5,22,bot3,1,success,18,0,3.116
50,0.5,22,bot4,1,success,18,0,22.41
50,0.5,23,bot1,0,button_burned,18,1,1.004
50,0.5,23,bot2,0,button_burned,18,0,16.838
50,0.5,23,bot3,0,button_burned,18,1,17.955
50,0.5,23,bot4,0,button_burned,18,1,38.909
50,0.5,24,bot1,0,caught,22,0,0.529
50,0.5,24,bot2,0,caught,22,0,8.868
50,0.5,24,bot3,0,caught,22,0,10.217
50,0.5,24,bot4,1,success,41,0,53.517
50,0.5,25,bot1,1,success,10,0,0.142
50,0.5,25,bot2,1,success,10,0,1.158
50,0.5,25,bot3,1,success,10,0,1.349
50,0.5,25,bot4,1,success,10,0,12.028
50,0.5,26,bot1,1,success,75,0,0.977
50,0.5,26,bot2,1,success,75,0,36.243
50,0.5,26,bot3,1,success,75,0,48.051
50,0.5,26,bot4,1,success,75,0,155.784
50,0.5,27,bot1,0,caught,14,1,1.03
50,0.5,27,bot2,1,success,97,0,71.482
50,0.5,27,bot3,1,success,97,0,101.671
50,0.5,27,bot4,1,success,99,1,172.566
50,0.5,28,bot1,0,caught,18,10,0.728
50,0.5,28,bot2,0,button_burned,40,0,27.758
50,0.5,28,bot3,0,button_burned,40,1,32.143
50,0.5,28,bot4,0,button_burned,40,2,58.94
50,0.5,29,bot1,1,success,18,0,0.207
50,0.5,29,bot2,1,success,18,0,2.83
50,0.5,29,bot3,1,success,18,0,2.833
50,0.5,29,bot4,1,success,18,0,22.907
50,0.5,30,bot1,0,button_burned,14,0,0.4
50,0.5,30,bot2,0,button_burned,14,0,3.277
50,0.5,30,bot3,0,button_burned,14,0,4.526
50,0.5,30,bot4,0,button_burned,14,0,20.338
50,0.5,31,bot1,1,success,41,0,0.527
50,0.5,31,bot2,1,success,41,0,13.325
50,0.5,31,bot3,1,success,41,0,18.105
50,0.5,31,bot4,1,success,41,0,58.44
50,0.5,32,bot1,1,success,40,0,0.627
50,0.5,32,bot2,1,success,40,0,14.128
50,0.5,32,bot3,1,success,40,0,15.64
50,0.5,32,bot4,1,success,40,0,55.197
50,0.5,33,bot1,1,success,14,0,0.157
50,0.5,33,bot2,1,success,14,0,1.872
50,0.5,33,bot3,1,success,14,0,1.921
50,0.5,33,bot4,1,success,14,0,17.611
50,0.5,34,bot1,1,success,6,0,0.122
50,0.5,34,bot2,1,success,6,0,0.71
50,0.5,34,bot3,1,success,6,0,0.668
50,0.5,34,bot4,1,success,6,0,7.275
50,0.5,35,bot1,1,success,43,0,0.621
50,0.5,35,bot2,1,success,43,0,13.831
50,0.5,35,bot3,1,success,43,0,17.078
50,0.5,35,bot4,1,success,43,0,55.569
50,0.5,36,bot1,0,entered_fire,50,0,0.754
50,0.5,36,bot2,0,trapped,43,0,21.746
50,0.5,36,bot3,0,trapped,43,0,25.208
50,0.5,36,bot4,0,trapped,43,0,68.089
50,0.5,37,bot1,1,success,25,0,0.292
50,0.5,37,bot2,1,success,25,0,3.983
50,0.5,37,bot3,1,success,25,0,5.256
50,0.5,37,bot4,1,success,25,0,32.267
50,0.5,38,bot1,1,success,12,0,0.177
50,0.5,38,bot2,1,success,12,0,1.46
50,0.5,38,bot3,1,success,12,0,1.545
50,0.5,38,bot4,1,success,12,0,15.328
50,0.5,39,bot1,1,success,21,0,0.277
50,0.5,39,bot2,1,success,21,0,3.121
50,0.5,39,bot3,1,success,21,0,3.823
50,0.5,39,bot4,1,success,21,0,28.638
50,0.5,40,bot1,1,success,19,0,0.244
50,0.5,40,bot2,1,success,19,0,3.046
50,0.5,40,bot3,1,success,19,0,3.156
50,0.5,40,bot4,1,success,19,0,25.2
50,0.5,41,bot1,0,button_burned,6,0,0.923
50,0.5,41,bot2,0,button_burned,6,0,5.666
50,0.5,41,bot3,0,button_burned,6,0,6.909
50,0.5,41,bot4,0,button_burned,6,0,14.434
50,0.5,42,bot1,1,success,21,0,0.293
50,0.5,42,bot2,1,success,21,0,3.44
50,0.5,42,bot3,1,success,21,0,3.928
50,0.5,42,bot4,1,success,21,0,31.944
50,0.5,43,bot1,1,success,37,0,0.355
50,0.5,43,bot2,1,success,37,0,9.162
50,0.5,43,bot3,1,success,37,0,10.533
50,0.5,43,bot4,1,success,37,0,52.913
50,0.5,44,bot1,1,success,14,0,0.24
50,0.5,44,bot2,1,success,14,0,2.333
50,0.5,44,bot3,1,success,14,0,2.562
50,0.5,44,bot4,1,success,14,0,26.694
50,0.5,45,bot1,1,success,15,0,0.152
50,0.5,45,bot2,1,success,15,0,2.036
50,0.5,45,bot3,1,success,15,0,2.219
50,0.5,45,bot4,1,success,15,0,20.933
50,0.5,46,bot1,1,success,76,0,1.022
50,0.5,46,bot2,1,success,76,0,45.255
50,0.5,46,bot3,1,success,76,0,57.151
50,0.5,46,bot4,1,success,76,0,119.068
50,0.5,47,bot1,1,success,41,0,0.683
50,0.5,47,bot2,1,success,41,0,13.321
50,0.5,47,bot3,1,success,41,0,18.209
50,0.5,47,bot4,1,success,41,0,65.355
50,0.5,48,bot1,1,success,22,0,0.314
50,0.5,48,bot2,1,success,22,0,4.073
50,0.5,48,bot3,1,success,22,0,4.124
50,0.5,48,bot4,1,success,22,0,26.995
50,0.5,49,bot1,0,button_burned,30,0,0.453
50,0.5,49,bot2,0,trapped,29,0,11.065
50,0.5,49,bot3,0,trapped,29,0,15.145
50,0.5,49,bot4,0,trapped,29,0,46.696
50,0.5,50,bot1,1,success,27,0,0.374
50,0.5,50,bot2,1,success,27,0,5.658
50,0.5,50,bot3,1,success,27,0,7.036
50,0.5,50,bot4,1,success,27,0,34.09
50,0.5,51,bot1,1,success,12,0,0.281
50,0.5,51,bot2,1,success,12,0,1.553
50,0.5,51,bot3,1,success,12,0,1.518
50,0.5,51,bot4,1,success,12,0,14.621
50,0.5,52,bot1,1,success,11,0,0.147
50,0.5,52,bot2,1,success,11,0,1.6
50,0.5,52,bot3,1,success,11,0,2.794
50,0.5,52,bot4,1,success,11,0,14.593
50,0.5,53,bot1,0,entered_fire,10,1,0.888
50,0.5,53,bot2,0,caught,35,0,19.566
50,0.5,53,bot3,0,trapped,44,2,26.306
50,0.5,53,bot4,0,trapped,44,5,81.716
50,0.5,54,bot1,1,success,40,0,0.583
50,0.5,54,bot2,1,success,40,0,12.973
50,0.5,54,bot3,1,success,40,0,14.147
50,0.5,54,bot4,1,success,40,0,50.12
50,0.5,55,bot1,1,success,61,0,1.058
50,0.5,55,bot2,1,success,61,0,34.004
50,0.5,55,bot3,1,success,61,0,39.647
50,0.5,55,bot4,1,success,61,0,95.8
50,0.5,56,bot1,1,success,52,0,0.817
50,0.5,56,bot2,1,success,52,0,20.159
50,0.5,56,bot3,1,success,52,0,25.297
50,0.5,56,bot4,1,success,52,0,73.227
50,0.5,57,bot1,1,success,25,0,0.332
50,0.5,57,bot2,1,success,25,0,5.223
50,0.5,57,bot3,1,success,25,0,5.703
50,0.5,57,bot4,1,success,25,0,33.176
50,0.5,58,bot1,1,success,25,0,0.36
50,0.5,58,bot2,1,success,25,0,5.02
50,0.5,58,bot3,1,success,25,0,5.761
50,0.5,58,bot4,1,success,25,0,32.342
50,0.5,59,bot1,1,success,31,0,0.34
50,0.5,59,bot2,1,success,31,0,6.973
50,0.5,59,bot3,1,success,31,0,7.886
50,0.5,59,bot4,1,success,31,0,39.97
50,0.5,60,bot1,1,success,12,0,0.167
50,0.5,60,bot2,1,success,12,0,1.563
50,0.5,60,bot3,1,success,12,0,1.609
50,0.5,60,bot4,1,success,12,0,16.847
50,0.5,61,bot1,1,success,36,0,0.682
50,0.5,61,bot2,1,success,36,0,11.678
50,0.5,61,bot3,1,success,36,0,13.317
50,0.5,61,bot4,1,success,36,0,52.044
50,0.5,62,bot1,1,success,19,0,0.337
50,0.5,62,bot2,1,success,19,0,3.182
50,0.5,62,bot3,1,success,19,0,3.309
50,0.5,62,bot4,1,success,19,0,24.715
50,0.5,63,bot1,1,success,26,0,0.48
50,0.5,63,bot2,1,success,26,0,5.698
50,0.5,63,bot3,1,success,26,0,5.873
50,0.5,63,bot4,1,success,26,0,45.012
50,0.5,64,bot1,1,success,19,0,0.21
50,0.5,64,bot2,1,success,19,0,2.878
50,0.5,64,bot3,1,success,19,0,3.133
50,0.5,64,bot4,1,success,19,0,25.657
50,0.5,65,bot1,1,success,36,0,0.343
50,0.5,65,bot2,1,success,36,0,8.504
50,0.5,65,bot3,1,success,36,0,10.324
50,0.5,65,bot4,1,success,36,0,52.976
50,0.5,66,bot1,0,button_burned,6,0,0.376
50,0.5,66,bot2,0,button_burned,6,0,1.958
50,0.5,66,bot3,0,button_burned,6,0,2.952
50,0.5,66,bot4,0,button_burned,6,0,9.089
50,0.5,67,bot1,0,entered_fire,32,2,0.56
50,0.5,67,bot2,0,caught,34,0,13.287
50,0.5,67,bot3,0,button_burned,36,1,16.386
50,0.5,67,bot4,0,button_burned,36,1,52.224
50,0.5,68,bot1,1,success,41,0,0.782
50,0.5,68,bot2,1,success,41,0,13.778
50,0.5,68,bot3,1,success,41,0,16.15
50,0.5,68,bot4,1,success,41,0,56.686
50,0.5,69,bot1,1,success,40,0,0.408
50,0.5,69,bot2,1,success,40,0,10.235
50,0.5,69,bot3,1,success,40,0,10.762
50,0.5,69,bot4,1,success,40,0,53.115
50,0.5,70,bot1,0,caught,2,1,0.612
50,0.5,70,bot2,0,trapped,6,0,3.953
50,0.5,70,bot3,0,trapped,6,1,4.434
50,0.5,70,bot4,0,trapped,6,1,10.563
50,0.5,71,bot1,1,success,77,0,1.105
50,0.5,71,bot2,1,success,77,0,39.586
50,0.5,71,bot3,1,success,77,0,53.423
50,0.5,71,bot4,1,success,77,0,122.467
50,0.5,72,bot1,0,button_burned,29,0,0.695
50,0.5,72,bot2,0,button_burned,29,0,16.456
50,0.5,72,bot3,0,button_burned,29,0,21.783
50,0.5,72,bot4,0,button_burned,29,0,44.634
50,0.5,73,bot1,0,caught,9,1,0.959
50,0.5,73,bot2,0,trapped,11,0,9.699
50,0.5,73,bot3,0,trapped,11,1,9.768
50,0.5,73,bot4,0,trapped,11,2,23.432
50,0.5,74,bot1,0,entered_fire,12,3,0.742
50,0.5,74,bot2,0,trapped,34,0,21.041
50,0.5,74,bot3,0,trapped,34,1,23.151
50,0.5,74,bot4,0,trapped,34,1,61.185
50,0.5,75,bot1,1,success,23,0,0.306
50,0.5,75,bot2,1,success,23,0,4.354
50,0.5,75,bot3,1,success,23,0,4.518
50,0.5,75,bot4,1,success,23,0,28.202
50,0.5,76,bot1,1,success,28,0,0.447
50,0.5,76,bot2,1,success,28,0,5.94
50,0.5,76,bot3,1,success,28,0,6.616
50,0.5,76,bot4,1,success,28,0,39.143
50,0.5,77,bot1,1,success,52,0,0.857
50,0.5,77,bot2,1,success,52,0,24.485
50,0.5,77,bot3,1,success,52,0,31.378
50,0.5,77,bot4,1,success,52,0,82.137
50,0.5,78,bot1,1,success,55,0,0.776
50,0.5,78,bot2,1,success,55,0,26.175
50,0.5,78,bot3,1,success,55,0,28.36
50,0.5,78,bot4,1,success,55,0,76.978
50,0.5,79,bot1,0,caught,35,4,0.902
50,0.5,79,bot2,0,caught,63,0,43.668
50,0.5,79,bot3,0,trapped,75,3,60.581
50,0.5,79,bot4,0,trapped,75,7,109.294
50,0.5,80,bot1,1,success,52,0,0.752
50,0.5,80,bot2,1,success,52,0,17.32
50,0.5,80,bot3,1,success,52,0,23.243
50,0.5,80,bot4,1,success,52,0,71.061
50,0.5,81,bot1,1,success,53,0,0.909
50,0.5,81,bot2,1,success,53,0,23.182
50,0.5,81,bot3,1,success,53,0,28.052
50,0.5,81,bot4,1,success,53,0,70.039
50,0.5,82,bot1,0,button_burned,26,0,0.839
50,0.5,82,bot2,0,trapped,12,0,10.377
50,0.5,82,bot3,0,trapped,12,0,12.582
50,0.5,82,bot4,0,trapped,12,0,24.858
50,0.5,83,bot1,0,button_burned,10,0,0.832
50,0.5,83,bot2,0,button_burned,10,0,8.774
50,0.5,83,bot3,0,button_burned,10,0,20.507
50,0.5,83,bot4,0,button_burned,10,0,20.573
50,0.5,84,bot1,1,success,47,0,0.495
50,0.5,84,bot2,1,success,47,0,14.333
50,0.5,84,bot3,1,success,47,0,21.112
50,0.5,84,bot4,1,success,47,0,99.759
50,0.5,85,bot1,0,entered_fire,19,4,0.789
50,0.5,85,bot2,0,button_burned,31,0,17.293
50,0.5,85,bot3,0,button_burned,31,0,21.428
50,0.5,85,bot4,0,button_burned,31,0,47.34
50,0.5,86,bot1,1,success,14,0,0.171
50,0.5,86,bot2,1,success,14,0,1.931
50,0.5,86,bot3,1,success,14,0,2.266
50,0.5,86,bot4,1,success,14,0,17.11
50,0.5,87,bot1,0,button_burned,11,0,0.826
50,0.5,87,bot2,0,trapped,10,0,8.945
50,0.5,87,bot3,0,trapped,10,0,11.071
50,0.5,87,bot4,0,trapped,10,0,22.75
50,0.5,88,bot1,1,success,53,0,0.725
50,0.5,88,bot2,1,success,53,0,20.347
50,0.5,88,bot3,1,success,53,0,23.306
50,0.5,88,bot4,1,success,53,0,71.769
50,0.5,89,bot1,1,success,15,0,0.26
50,0.5,89,bot2,1,success,15,0,2.894
50,0.5,89,bot3,1,success,15,0,2.972
50,0.5,89,bot4,1,success,15,0,20.861
50,0.5,90,bot1,1,success,26,0,0.292
50,0.5,90,bot2,1,success,26,0,5.448
50,0.5,90,bot3,1,success,26,0,5.47
50,0.5,90,bot4,1,success,26,0,34.453
50,0.5,91,bot1,1,success,6,0,0.181
50,0.5,91,bot2,1,success,6,0,0.881
50,0.5,91,bot3,1,success,6,0,1.045
50,0.5,91,bot4,1,success,6,0,9.128
50,0.5,92,bot1,0,button_burned,47,0,0.707
50,0.5,92,bot2,0,trapped,41,0,21.342
50,0.5,92,bot3,0,trapped,41,0,25.924
50,0.5,92,bot4,0,trapped,41,0,62.738
50,0.5,93,bot1,1,success,5,0,0.129
50,0.5,93,bot2,1,success,5,0,0.499
50,0.5,93,bot3,1,success,5,0,0.506
50,0.5,93,bot4,1,success,5,0,6.121
50,0.5,94,bot1,0,button_burned,41,0,0.679
50,0.5,94,bot2,0,trapped,40,0,29.982
50,0.5,94,bot3,0,trapped,40,0,32.859
50,0.5,94,bot4,0,trapped,40,0,60.835
50,0.5,95,bot1,1,success,55,0,0.7
50,0.5,95,bot2,1,success,55,0,26.528
50,0.5,95,bot3,1,success,55,0,26.555
50,0.5,95,bot4,1,success,55,0,75.291
50,0.5,96,bot1,0,entered_fire,32,0,0.48
50,0.5,96,bot2,0,trapped,31,0,9.536
50,0.5,96,bot3,0,trapped,31,0,12.978
50,0.5,96,bot4,0,trapped,31,0,44.172
50,0.5,97,bot1,1,success,43,0,0.678
50,0.5,97,bot2,1,success,43,0,16.322
50,0.5,97,bot3,1,success,43,0,22.203
50,0.5,97,bot4,1,success,43,0,56.983
50,0.5,98,bot1,1,success,31,0,0.426
50,0.5,98,bot2,1,success,31,0,7.026
50,0.5,98,bot3,1,success,31,0,8.002
50,0.5,98,bot4,1,success,31,0,39.422
50,0.5,99,bot1,1,success,49,0,1.081
50,0.5,99,bot2,1,success,49,0,20.223
50,0.5,99,bot3,1,success,49,0,24.106
50,0.5,99,bot4,1,success,49,0,73.562
50,0.5,100,bot1,1,success,36,0,0.323
50,0.5,100,bot2,1,success,36,0,8.01
50,0.5,100,bot3,1,success,36,0,8.33
50,0.5,100,bot4,1,success,36,0,57.172
50,0.5,101,bot1,1,success,54,0,0.704
50,0.5,101,bot2,1,success,54,0,23.849
50,0.5,101,bot3,1,success,54,0,27.015
50,0.5,101,bot4,1,success,54,0,78.752
50,0.5,102,bot1,1,success,25,0,0.317
50,0.5,102,bot2,1,success,25,0,4.438
50,0.5,102,bot3,1,success,25,0,4.771
50,0.5,102,bot4,1,success,25,0,30.338
50,0.5,103,bot1,1,success,32,0,0.383
50,0.5,103,bot2,1,success,32,0,6.575
50,0.5,103,bot3,1,success,32,0,7.162
50,0.5,103,bot4,1,success,32,0,39.049
50,0.5,104,bot1,1,success,44,0,0.591
50,0.5,104,bot2,1,success,44,0,13.247
50,0.5,104,bot3,1,success,44,0,15.266
50,0.5,104,bot4,1,success,44,0,56.58
50,0.5,105,bot1,1,success,35,0,0.469
50,0.5,105,bot2,1,success,35,0,8.615
50,0.5,105,bot3,1,success,35,0,9.128
50,0.5,105,bot4,1,success,35,0,50.213
50,0.5,106,bot1,0,caught,10,1,0.252
50,0.5,106,bot2,0,caught,14,0,2.516
50,0.5,106,bot3,0,trapped,14,2,3.464
50,0.5,106,bot4,0,caught,15,1,21.261
50,0.5,107,bot1,1,success,42,0,0.754
50,0.5,107,bot2,1,success,42,0,14.939
50,0.5,107,bot3,1,success,42,0,16.406
50,0.5,107,bot4,1,success,44,1,60.546
50,0.5,108,bot1,1,success,36,0,0.367
50,0.5,108,bot2,1,success,36,0,7.792
50,0.5,108,bot3,1,success,36,0,9.418
50,0.5,108,bot4,1,success,36,0,49.441
50,0.5,109,bot1,1,success,21,0,0.256
50,0.5,109,bot2,1,success,21,0,4.844
50,0.5,109,bot3,1,success,21,0,5.51
50,0.5,109,bot4,1,success,21,0,30.811
50,0.5,110,bot1,0,caught,36,3,0.817
50,0.5,110,bot2,0,trapped,62,0,30.812
50,0.5,110,bot3,0,trapped,62,0,37.47
50,0.5,110,bot4,0,trapped,62,0,94.917
50,0.5,111,bot1,1,success,28,0,0.275
50,0.5,111,bot2,1,success,28,0,5.143
50,0.5,111,bot3,1,success,28,0,5.972
50,0.5,111,bot4,1,success,28,0,34.215
50,0.5,112,bot1,1,success,75,0,0.968
50,0.5,112,bot2,1,success,75,0,38.843
50,0.5,112,bot3,1,success,75,0,54.796
50,0.5,112,bot4,1,success,75,0,102.2
50,0.5,113,bot1,1,success,52,0,0.565
50,0.5,113,bot2,1,success,52,0,19.035
50,0.5,113,bot3,1,success,52,0,21.908
50,0.5,113,bot4,1,success,52,0,70.291
50,0.5,114,bot1,1,success,9,0,0.136
50,0.5,114,bot2,1,success,9,0,0.981
50,0.5,114,bot3,1,success,9,0,1.087
50,0.5,114,bot4,1,success,9,0,10.965
50,0.5,115,bot1,0,button_burned,11,0,0.608
50,0.5,115,bot2,0,button_burned,11,0,6.971
50,0.5,115,bot3,0,button_burned,11,1,8.672
50,0.5,115,bot4,0,button_burned,11,0,18.616
50,0.5,116,bot1,0,caught,21,2,0.434
50,0.5,116,bot2,0,button_burned,27,0,11.045
50,0.5,116,bot3,0,button_burned,27,3,12.103
50,0.5,116,bot4,0,button_burned,27,1,40.435
50,0.5,117,bot1,1,success,54,0,0.638
50,0.5,117,bot2,1,success,54,0,19.274
50,0.5,117,bot3,1,success,54,0,23.324
50,0.5,117,bot4,1,success,54,0,70.023
50,0.5,118,bot1,1,success,28,0,0.292
50,0.5,118,bot2,1,success,28,0,5.121
50,0.5,118,bot3,1,success,28,0,6.18
50,0.5,118,bot4,1,success,28,0,38.0
50,0.5,119,bot1,1,success,46,0,0.606
50,0.5,119,bot2,1,success,46,0,14.431
50,0.5,119,bot3,1,success,46,0,16.964
50,0.5,119,bot4,1,success,46,0,61.367
50,0.5,120,bot1,1,success,70,0,1.049
50,0.5,120,bot2,1,success,70,0,37.634
50,0.5,120,bot3,1,success,70,0,45.633
50,0.5,120,bot4,1,success,70,0,94.205
50,0.5,121,bot1,1,success,38,0,0.487
50,0.5,121,bot2,1,success,38,0,10.988
50,0.5,121,bot3,1,success,38,0,13.139
50,0.5,121,bot4,1,success,38,0,49.153
50,0.5,122,bot1,1,success,29,0,0.54
50,0.5,122,bot2,1,success,29,0,6.228
50,0.5,122,bot3,1,success,29,0,7.304
50,0.5,122,bot4,1,success,29,0,36.169
50,0.5,123,bot1,1,success,72,0,0.944
50,0.5,123,bot2,1,success,72,0,54.071
50,0.5,123,bot3,1,success,72,0,60.283
50,0.5,123,bot4,1,success,72,0,122.006
50,0.5,124,bot1,1,success,32,0,0.446
50,0.5,124,bot2,1,success,32,0,7.285
50,0.5,124,bot3,1,success,32,0,8.475
50,0.5,124,bot4,1,success,32,0,41.774
50,0.5,125,bot1,1,success,29,0,0.338
50,0.5,125,bot2,1,success,29,0,5.434
50,0.5,125,bot3,1,success,29,0,6.373
50,0.5,125,bot4,1,success,29,0,40.919
50,0.5,126,bot1,0,button_burned,15,2,1.138
50,0.5,126,bot2,0,trapped,14,0,10.063
50,0.5,126,bot3,0,trapped,14,0,10.82
50,0.5,126,bot4,0,trapped,14,0,26.15
50,0.5,127,bot1,0,caught,28,3,0.92
50,0.5,127,bot2,0,trapped,24,0,21.389
50,0.5,127,bot3,0,trapped,24,1,26.354
50,0.5,127,bot4,0,trapped,24,1,64.111
50,0.5,128,bot1,1,success,38,0,0.397
50,0.5,128,bot2,1,success,38,0,8.748
50,0.5,128,bot3,1,success,38,0,9.261
50,0.5,128,bot4,1,success,38,0,48.935
50,0.5,129,bot1,1,success,24,0,0.451
50,0.5,129,bot2,1,success,24,0,5.531
50,0.5,129,bot3,1,success,24,0,5.961
50,0.5,129,bot4,1,success,24,0,31.226
50,0.5,130,bot1,1,success,27,0,0.566
50,0.5,130,bot2,1,success,27,0,5.649
50,0.5,130,bot3,1,success,27,0,6.359
50,0.5,130,bot4,1,success,27,0,32.035
50,0.5,131,bot1,0,entered_fire,6,2,0.644
50,0.5,131,bot2,1,success,54,0,17.772
50,0.5,131,bot3,1,success,50,2,22.385
50,0.5,131,bot4,1,success,46,1,61.022
50,0.5,132,bot1,1,success,30,0,0.415
50,0.5,132,bot2,1,success,30,0,7.496
50,0.5,132,bot3,1,success,30,0,8.036
50,0.5,132,bot4,1,success,30,0,36.877
50,0.5,133,bot1,1,success,16,0,0.224
50,0.5,133,bot2,1,success,16,0,2.234
50,0.5,133,bot3,1,success,16,0,2.434
50,0.5,133,bot4,1,success,16,0,20.324
50,0.5,134,bot1,1,success,18,0,0.264
50,0.5,134,bot2,1,success,18,0,3.299
50,0.5,134,bot3,1,success,18,0,3.249
50,0.5,134,bot4,1,success,18,0,22.465
50,0.5,135,bot1,1,success,41,0,0.848
50,0.5,135,bot2,1,success,41,0,15.614
50,0.5,135,bot3,1,success,41,0,14.899
50,0.5,135,bot4,1,success,41,0,55.428
50,0.5,136,bot1,1,success,41,0,0.391
50,0.5,136,bot2,1,success,41,0,10.522
50,0.5,136,bot3,1,success,41,0,10.786
50,0.5,136,bot4,1,success,41,0,52.975
50,0.5,137,bot1,1,success,65,0,0.924
50,0.5,137,bot2,1,success,65,0,37.857
50,0.5,137,bot3,1,success,65,0,44.481
50,0.5,137,bot4,1,success,65,0,92.448
50,0.5,138,bot1,1,success,25,0,0.309
50,0.5,138,bot2,1,success,25,0,5.341
50,0.5,138,bot3,1,success,25,0,5.326
50,0.5,138,bot4,1,success,25,0,33.191
50,0.5,139,bot1,1,success,32,0,0.45
50,0.5,139,bot2,1,success,32,0,8.028
50,0.5,139,bot3,1,success,32,0,8.234
50,0.5,139,bot4,1,success,32,0,43.026
50,0.5,140,bot1,1,success,9,0,0.149
50,0.5,140,bot2,1,success,9,0,1.134
50,0.5,140,bot3,1,success,9,0,1.131
50,0.5,140,bot4,1,success,9,0,11.737
50,0.5,141,bot1,1,success,64,0,1.097
50,0.5,141,bot2,1,success,64,0,35.131
50,0.5,141,bot3,1,success,64,0,34.117
50,0.5,141,bot4,1,success,64,0,87.254
50,0.5,142,bot1,1,success,22,0,0.214
50,0.5,142,bot2,1,success,22,0,3.588
50,0.5,142,bot3,1,success,22,0,4.423
50,0.5,142,bot4,1,success,22,0,29.99
50,0.5,143,bot1,1,success,70,0,0.998
50,0.5,143,bot2,1,success,70,0,37.279
50,0.5,143,bot3,1,success,70,0,49.56
50,0.5,143,bot4,1,success,70,0,116.677
50,0.5,144,bot1,1,success,27,0,0.509
50,0.5,144,bot2,1,success,27,0,6.876
50,0.5,144,bot3,1,success,27,0,7.716
50,0.5,144,bot4,1,success,27,0,38.567
50,0.5,145,bot1,0,caught,12,0,0.507
50,0.5,145,bot2,0,caught,12,0,4.247
50,0.5,145,bot3,0,caught,12,0,4.262
50,0.5,145,bot4,1,success,46,4,58.986
50,0.5,146,bot1,1,success,14,0,0.168
50,0.5,146,bot2,1,success,14,0,2.007
50,0.5,146,bot3,1,success,14,0,2.083
50,0.5,146,bot4,1,success,14,0,16.434
50,0.5,147,bot1,1,success,35,0,0.653
50,0.5,147,bot2,1,success,35,0,9.612
50,0.5,147,bot3,1,success,35,0,11.322
50,0.5,147,bot4,1,success,35,0,45.85
50,0.5,148,bot1,1,success,28,0,0.404
50,0.5,148,bot2,1,success,28,0,6.082
50,0.5,148,bot3,1,success,28,0,6.239
50,0.5,148,bot4,1,success,28,0,37.801
50,0.5,149,bot1,0,entered_fire,21,1,0.904
50,0.5,149,bot2,0,trapped,22,0,18.377
50,0.5,149,bot3,0,trapped,52,7,47.135
50,0.5,149,bot4,0,trapped,52,6,102.658
50,0.5,150,bot1,1,success,24,0,0.298
50,0.5,150,bot2,1,success,24,0,4.49
50,0.5,150,bot3,1,success,24,0,5.216
50,0.5,150,bot4,1,success,24,0,33.306
50,0.5,151,bot1,1,success,51,0,0.949
50,0.5,151,bot2,1,success,51,0,23.401
50,0.5,151,bot3,1,success,51,0,26.867
50,0.5,151,bot4,1,success,51,0,70.536
50,0.5,152,bot1,0,caught,11,1,0.76
50,0.5,152,bot2,0,caught,13,0,9.268
50,0.5,152,bot3,0,trapped,40,6,30.873
50,0.5,152,bot4,1,success,68,7,100.957
50,0.5,153,bot1,1,success,30,0,0.534
50,0.5,153,bot2,1,success,30,0,7.64
50,0.5,153,bot3,1,success,30,0,8.668
50,0.5,153,bot4,1,success,30,0,36.879
50,0.5,154,bot1,1,success,52,0,0.699
50,0.5,154,bot2,1,success,52,0,20.485
50,0.5,154,bot3,0,trapped,62,4,39.766
50,0.5,154,bot4,0,trapped,62,4,93.021
50,0.5,155,bot1,1,success,13,0,0.31
50,0.5,155,bot2,1,success,13,0,2.56
50,0.5,155,bot3,1,success,13,0,2.183
50,0.5,155,bot4,1,success,13,0,18.296
50,0.5,156,bot1,1,success,49,0,0.57
50,0.5,156,bot2,1,success,49,0,16.831
50,0.5,156,bot3,1,success,49,0,18.924
50,0.5,156,bot4,1,success,49,0,63.966
50,0.5,157,bot1,1,success,26,0,0.318
50,0.5,157,bot2,1,success,26,0,5.268
50,0.5,157,bot3,1,success,26,0,7.649
50,0.5,157,bot4,1,success,26,0,36.258
50,0.5,158,bot1,0,caught,34,3,1.125
50,0.5,158,bot2,0,trapped,40,0,25.96
50,0.5,158,bot3,0,trapped,40,1,22.877
50,0.5,158,bot4,0,trapped,40,2,59.187
50,0.5,159,bot1,1,success,28,0,0.391
50,0.5,159,bot2,1,success,28,0,6.161
50,0.5,159,bot3,1,success,28,0,9.944
50,0.5,159,bot4,1,success,28,0,40.548
50,0.5,160,bot1,1,success,23,0,0.298
50,0.5,160,bot2,1,success,23,0,4.013
50,0.5,160,bot3,1,success,23,0,3.973
50,0.5,160,bot4,1,success,23,0,28.476
50,0.5,161,bot1,0,caught,27,0,0.724
50,0.5,161,bot2,0,caught,27,0,15.037
50,0.5,161,bot3,0,trapped,52,1,37.153
50,0.5,161,bot4,0,trapped,52,4,89.605
50,0.5,162,bot1,1,success,51,0,0.935
50,0.5,162,bot2,1,success,51,0,23.115
50,0.5,162,bot3,1,success,51,0,27.246
50,0.5,162,bot4,1,success,51,0,64.658
50,0.5,163,bot1,1,success,28,0,0.355
50,0.5,163,bot2,1,success,28,0,4.889
50,0.5,163,bot3,1,success,28,0,5.954
50,0.5,163,bot4,1,success,28,0,34.739
50,0.5,164,bot1,1,success,15,0,0.229
50,0.5,164,bot2,1,success,15,0,2.343
50,0.5,164,bot3,1,success,15,0,2.41
50,0.5,164,bot4,1,success,15,0,20.956
50,0.5,165,bot1,0,caught,24,7,0.881
50,0.5,165,bot2,0,trapped,35,0,25.287
50,0.5,165,bot3,0,trapped,35,1,29.985
50,0.5,165,bot4,0,trapped,35,2,52.917
50,0.5,166,bot1,0,button_burned,22,2,1.07
50,0.5,166,bot2,0,trapped,18,0,18.367
50,0.5,166,bot3,0,trapped,18,0,23.386
50,0.5,166,bot4,0,trapped,18,0,52.555
50,0.5,167,bot1,1,success,36,0,0.365
50,0.5,167,bot2,1,success,36,0,9.228
50,0.5,167,bot3,1,success,36,0,10.145
50,0.5,167,bot4,1,success,36,0,50.046
50,0.5,168,bot1,1,success,32,0,0.452
50,0.5,168,bot2,1,success,32,0,8.132
50,0.5,168,bot3,1,success,32,0,8.684
50,0.5,168,bot4,1,success,32,0,44.09
50,0.5,169,bot1,1,success,43,0,0.684
50,0.5,169,bot2,1,success,43,0,14.603
50,0.5,169,bot3,1,success,43,0,16.98
50,0.5,169,bot4,1,success,43,0,60.221
50,0.5,170,bot1,1,success,43,0,0.391
50,0.5,170,bot2,1,success,43,0,12.149
50,0.5,170,bot3,1,success,43,0,14.745
50,0.5,170,bot4,1,success,43,0,54.552
50,0.5,171,bot1,1,success,72,0,0.897
50,0.5,171,bot2,1,success,72,0,47.474
50,0.5,171,bot3,1,success,72,0,51.552
50,0.5,171,bot4,1,success,72,0,108.758
50,0.5,172,bot1,1,success,41,0,0.562
50,0.5,172,bot2,1,success,41,0,13.887
50,0.5,172,bot3,1,success,41,0,16.508
50,0.5,172,bot4,1,success,41,0,56.319
50,0.5,173,bot1,1,success,67,0,0.894
50,0.5,173,bot2,1,success,67,0,38.145
50,0.5,173,bot3,1,success,67,0,45.594
50,0.5,173,bot4,1,success,67,0,102.081
50,0.5,174,bot1,1,success,21,0,0.312
50,0.5,174,bot2,1,success,21,0,3.328
50,0.5,174,bot3,1,success,21,0,3.658
50,0.5,174,bot4,1,success,21,0,27.94
50,0.5,175,bot1,1,success,19,0,0.227
50,0.5,175,bot2,1,success,19,0,3.209
50,0.5,175,bot3,1,success,19,0,3.723
50,0.5,175,bot4,1,success,19,0,27.951
50,0.5,176,bot1,0,entered_fire,34,2,1.161
50,0.5,176,bot2,0,trapped,66,0,49.065
50,0.5,176,bot3,0,trapped,66,0,56.547
50,0.5,176,bot4,0,trapped,66,0,105.734
50,0.5,177,bot1,1,success,40,0,0.497
50,0.5,177,bot2,1,success,40,0,11.889
50,0.5,177,bot3,1,success,40,0,13.739
50,0.5,177,bot4,1,success,40,0,50.702
50,0.5,178,bot1,1,success,39,0,0.807
50,0.5,178,bot2,1,success,39,0,12.069
50,0.5,178,bot3,1,success,39,0,12.844
50,0.5,178,bot4,1,success,39,0,54.695
50,0.5,179,bot1,1,success,61,0,0.726
50,0.5,179,bot2,1,success,61,0,31.729
50,0.5,179,bot3,1,success,61,0,32.305
50,0.5,179,bot4,1,success,61,0,84.735
50,0.5,180,bot1,0,entered_fire,21,3,0.995
50,0.5,180,bot2,1,success,40,0,14.481
50,0.5,180,bot3,1,success,40,0,18.485
50,0.5,180,bot4,1,success,40,0,66.615
50,0.5,181,bot1,1,success,29,0,0.273
50,0.5,181,bot2,1,success,29,0,5.804
50,0.5,181,bot3,1,success,29,0,6.2
50,0.5,181,bot4,1,success,29,0,37.247
50,0.5,182,bot1,1,success,54,0,0.558
50,0.5,182,bot2,1,success,54,0,17.367
50,0.5,182,bot3,1,success,54,0,22.4
50,0.5,182,bot4,1,success,54,0,68.664
50,0.5,183,bot1,1,success,37,0,0.44
50,0.5,183,bot2,1,success,37,0,9.199
50,0.5,183,bot3,1,success,37,0,10.862
50,0.5,183,bot4,1,success,37,0,53.456
50,0.5,184,bot1,1,success,67,0,1.058
50,0.5,184,bot2,1,success,67,0,44.631
50,0.5,184,bot3,1,success,67,0,44.972
50,0.5,184,bot4,1,success,67,0,94.297
50,0.5,185,bot1,1,success,75,0,0.957
50,0.5,185,bot2,1,success,75,0,45.125
50,0.5,185,bot3,1,success,75,0,52.512
50,0.5,185,bot4,1,success,75,0,108.868
50,0.5,186,bot1,1,success,64,0,0.836
50,0.5,186,bot2,1,success,64,0,28.962
50,0.5,186,bot3,1,success,64,0,40.828
50,0.5,186,bot4,1,success,64,0,96.414
50,0.5,187,bot1,1,success,21,0,0.277
50,0.5,187,bot2,1,success,21,0,4.123
50,0.5,187,bot3,1,success,21,0,4.335
50,0.5,187,bot4,1,success,21,0,28.016
50,0.5,188,bot1,1,success,27,0,0.275
50,0.5,188,bot2,1,success,27,0,4.702
50,0.5,188,bot3,1,success,27,0,5.263
50,0.5,188,bot4,1,success,27,0,42.586
50,0.5,189,bot1,1,success,37,0,0.487
50,0.5,189,bot2,1,success,37,0,10.396
50,0.5,189,bot3,1,success,37,0,11.169
50,0.5,189,bot4,1,success,37,0,46.963
50,0.5,190,bot1,1,success,29,0,0.451
50,0.5,190,bot2,1,success,29,0,7.298
50,0.5,190,bot3,1,success,29,0,8.351
50,0.5,190,bot4,1,success,29,0,42.409
50,0.5,191,bot1,0,entered_fire,26,0,0.756
50,0.5,191,bot2,0,trapped,16,0,9.009
50,0.5,191,bot3,0,trapped,16,0,12.713
50,0.5,191,bot4,0,trapped,16,0,28.983
50,0.5,192,bot1,1,success,24,0,0.221
50,0.5,192,bot2,1,success,24,0,3.843
50,0.5,192,bot3,1,success,24,0,4.737
50,0.5,192,bot4,1,success,24,0,32.846
50,0.5,193,bot1,1,success,21,0,0.224
50,0.5,193,bot2,1,success,21,0,3.137
50,0.5,193,bot3,1,success,21,0,3.84
50,0.5,193,bot4,1,success,21,0,27.265
50,0.5,194,bot1,1,success,50,0,0.784
50,0.5,194,bot2,1,success,50,0,20.791
50,0.5,194,bot3,1,success,50,0,22.209
50,0.5,194,bot4,1,success,50,0,64.562
50,0.5,195,bot1,1,success,36,0,0.572
50,0.5,195,bot2,1,success,36,0,11.229
50,0.5,195,bot3,1,success,36,0,12.099
50,0.5,195,bot4,1,success,36,0,47.975
50,0.5,196,bot1,1,success,36,0,0.53
50,0.5,196,bot2,1,success,36,0,9.076
50,0.5,196,bot3,1,success,36,0,9.747
50,0.5,196,bot4,1,success,36,0,46.651
50,0.5,197,bot1,1,success,67,0,0.96
50,0.5,197,bot2,1,success,67,0,32.668
50,0.5,197,bot3,1,success,67,0,40.338
50,0.5,197,bot4,1,success,67,0,97.061
50,0.5,198,bot1,0,button_burned,48,0,1.064
50,0.5,198,bot2,0,button_burned,48,0,44.031
50,0.5,198,bot3,0,button_burned,48,0,47.42
50,0.5,198,bot4,0,button_burned,48,1,80.933
50,0.5,199,bot1,1,success,35,0,0.418
50,0.5,199,bot2,1,success,35,0,8.533
50,0.5,199,bot3,1,success,35,0,10.667
50,0.5,199,bot4,1,success,35,0,54.1
50,0.55,0,bot1,0,entered_fire,20,7,0.932
50,0.55,0,bot2,0,trapped,57,0,38.626
50,0.55,0,bot3,0,trapped,57,0,43.011
50,0.55,0,bot4,0,trapped,57,1,89.096
50,0.55,1,bot1,1,success,37,0,0.486
50,0.55,1,bot2,1,success,37,0,9.169
50,0.55,1,bot3,1,success,37,0,11.213
50,0.55,1,bot4,1,success,37,0,64.031
50,0.55,2,bot1,0,entered_fire,6,4,0.443
50,0.55,2,bot2,0,trapped,24,0,9.965
50,0.55,2,bot3,0,trapped,24,2,8.907
50,0.55,2,bot4,0,trapped,24,2,34.06
50,0.55,3,bot1,1,success,43,0,0.67
50,0.55,3,bot2,1,success,43,0,15.718
50,0.55,3,bot3,1,success,43,0,16.363
50,0.55,3,bot4,1,success,43,0,56.937
50,0.55,4,bot1,0,caught,18,1,0.439
50,0.55,4,bot2,0,button_burned,25,0,7.067
50,0.55,4,bot3,0,button_burned,25,0,8.266
50,0.55,4,bot4,0,button_burned,25,3,31.654
50,0.55,5,bot1,1,success,41,0,0.683
50,0.55,5,bot2,1,success,41,0,13.817
50,0.55,5,bot3,1,success,41,0,17.312
50,0.55,5,bot4,1,success,41,0,53.66
50,0.55,6,bot1,0,caught,1,0,0.712
50,0.55,6,bot2,0,caught,1,0,0.658
50,0.55,6,bot3,0,caught,1,0,0.665
50,0.55,6,bot4,0,caught,1,0,1.477
50,0.55,7,bot1,1,success,43,0,0.566
50,0.55,7,bot2,1,success,43,0,14.121
50,0.55,7,bot3,1,success,43,0,16.182
50,0.55,7,bot4,1,success,43,0,57.834
50,0.55,8,bot1,0,button_burned,39,1,0.742
50,0.55,8,bot2,0,trapped,37,0,25.36
50,0.55,8,bot3,0,trapped,37,0,31.751
50,0.55,8,bot4,0,trapped,37,1,66.414
50,0.55,9,bot1,1,success,6,0,0.126
50,0.55,9,bot2,1,success,6,0,0.755
50,0.55,9,bot3,1,success,6,0,0.731
50,0.55,9,bot4,1,success,6,0,8.268
50,0.55,10,bot1,1,success,34,0,0.364
50,0.55,10,bot2,1,success,34,0,7.607
50,0.55,10,bot3,1,success,34,0,9.66
50,0.55,10,bot4,1,success,34,0,43.902
50,0.55,11,bot1,1,success,40,0,1.842
50,0.55,11,bot2,1,success,40,0,15.921
50,0.55,11,bot3,1,success,40,0,17.014
50,0.55,11,bot4,1,success,40,0,56.76
50,0.55,12,bot1,1,success,40,0,0.495
50,0.55,12,bot2,1,success,40,0,10.828
50,0.55,12,bot3,1,success,40,0,11.368
50,0.55,12,bot4,1,success,40,0,49.899
50,0.55,13,bot1,0,button_burned,17,0,0.882
50,0.55,13,bot2,0,button_burned,17,0,14.806
50,0.55,13,bot3,0,button_burned,17,0,17.081
50,0.55,13,bot4,0,button_burned,17,0,49.059
50,0.55,14,bot1,0,button_burned,29,0,0.428
50,0.55,14,bot2,0,trapped,27,0,12.113
50,0.55,14,bot3,0,trapped,27,0,11.028
50,0.55,14,bot4,0,trapped,27,0,39.002
50,0.55,15,bot1,0,caught,26,4,0.931
50,0.55,15,bot2,0,trapped,42,0,33.94
50,0.55,15,bot3,0,trapped,42,2,39.596
50,0.55,15,bot4,0,trapped,42,1,73.513
50,0.55,16,bot1,0,button_burned,18,0,0.82
50,0.55,16,bot2,0,button_burned,18,0,14.423
50,0.55,16,bot3,0,button_burned,18,0,16.027
50,0.55,16,bot4,0,button_burned,18,0,37.782
50,0.55,17,bot1,1,success,43,0,0.959
50,0.55,17,bot2,1,success,43,0,15.876
50,0.55,17,bot3,1,success,43,0,20.085
50,0.55,17,bot4,1,success,43,0,55.764
50,0.55,18,bot1,1,success,15,0,0.346
50,0.55,18,bot2,1,success,15,0,2.076
50,0.55,18,bot3,1,success,15,0,2.414
50,0.55,18,bot4,1,success,15,0,18.732
50,0.55,19,bot1,0,button_burned,41,0,0.58
50,0.55,19,bot2,0,button_burned,41,0,16.602
50,0.55,19,bot3,0,button_burned,41,0,18.45
50,0.55,19,bot4,0,button_burned,41,0,52.58
50,0.55,20,bot1,0,caught,26,1,1.439
50,0.55,20,bot2,0,trapped,63,0,35.84
50,0.55,20,bot3,0,trapped,63,0,49.508
50,0.55,20,bot4,0,trapped,63,8,103.573
50,0.55,21,bot1,1,success,39,0,0.449
50,0.55,21,bot2,1,success,39,0,10.144
50,0.55,21,bot3,1,success,39,0,11.357
50,0.55,21,bot4,1,success,39,0,54.19
50,0.55,22,bot1,1,success,18,0,0.208
50,0.55,22,bot2,1,success,18,0,2.883
50,0.55,22,bot3,1,success,18,0,3.041
50,0.55,22,bot4,1,success,18,0,24.673
50,0.55,23,bot1,0,button_burned,13,0,0.937
50,0.55,23,bot2,0,button_burned,13,0,11.418
50,0.55,23,bot3,0,button_burned,13,0,12.393
50,0.55,23,bot4,0,button_burned,13,0,25.41
50,0.55,24,bot1,0,entered_fire,22,1,0.515
50,0.55,24,bot2,0,trapped,22,0,8.25
50,0.55,24,bot3,0,trapped,22,2,9.125
50,0.55,24,bot4,0,button_burned,39,1,48.77
50,0.55,25,bot1,1,success,10,0,0.151
50,0.55,25,bot2,1,success,10,0,1.175
50,0.55,25,bot3,1,success,10,0,1.497
50,0.55,25,bot4,1,success,10,0,13.346
50,0.55,26,bot1,1,success,75,0,0.923
50,0.55,26,bot2,1,success,75,0,33.826
50,0.55,26,bot3,1,success,75,0,49.724
50,0.55,26,bot4,1,success,75,0,114.325
50,0.55,27,bot1,0,caught,14,1,1.035
50,0.55,27,bot2,1,success,97,0,58.736
50,0.55,27,bot3,1,success,97,0,87.201
50,0.55,27,bot4,0,caught,81,6,145.178
50,0.55,28,bot1,0,entered_fire,15,7,0.436
50,0.55,28,bot2,0,button_burned,36,0,24.176
50,0.55,28,bot3,0,button_burned,36,2,27.292
50,0.55,28,bot4,0,button_burned,36,4,55.246
50,0.55,29,bot1,1,success,18,0,0.206
50,0.55,29,bot2,1,success,18,0,2.489
50,0.55,29,bot3,1,success,18,0,2.81
50,0.55,29,bot4,1,success,18,0,21.774
50,0.55,30,bot1,0,entered_fire,19,1,0.28
50,0.55,30,bot2,0,button_burned,20,0,4.321
50,0.55,30,bot3,0,button_burned,20,0,6.125
50,0.55,30,bot4,0,button_burned,20,2,27.214
50,0.55,31,bot1,1,success,41,0,0.544
50,0.55,31,bot2,1,success,41,0,13.631
50,0.55,31,bot3,1,success,41,0,21.968
50,0.55,31,bot4,1,success,41,0,60.829
50,0.55,32,bot1,1,success,40,0,0.621
50,0.55,32,bot2,1,success,40,0,12.886
50,0.55,32,bot3,1,success,40,0,15.006
50,0.55,32,bot4,1,success,40,0,52.624
50,0.55,33,bot1,1,success,14,0,0.178
50,0.55,33,bot2,1,success,14,0,1.918
50,0.55,33,bot3,1,success,14,0,1.898
50,0.55,33,bot4,1,success,14,0,17.384
50,0.55,34,bot1,1,success,6,0,0.125
50,0.55,34,bot2,1,success,6,0,0.627
50,0.55,34,bot3,1,success,6,0,0.695
50,0.55,34,bot4,1,success,6,0,7.513
50,0.55,35,bot1,1,success,43,0,0.623
50,0.55,35,bot2,1,success,43,0,14.232
50,0.55,35,bot3,1,success,43,0,17.572
50,0.55,35,bot4,1,success,43,0,54.868
50,0.55,36,bot1,0,caught,51,0,0.714
50,0.55,36,bot2,0,trapped,44,0,20.998
50,0.55,36,bot3,0,trapped,44,0,25.57
50,0.55,36,bot4,0,trapped,44,0,66.17
50,0.55,37,bot1,1,success,25,0,0.306
50,0.55,37,bot2,1,success,25,0,3.973
50,0.55,37,bot3,1,success,25,0,4.829
50,0.55,37,bot4,1,success,25,0,31.706
50,0.55,38,bot1,1,success,12,0,0.187
50,0.55,38,bot2,1,success,12,0,1.532
50,0.55,38,bot3,1,success,12,0,1.554
50,0.55,38,bot4,1,success,12,0,15.498
50,0.55,39,bot1,1,success,21,0,0.254
50,0.55,39,bot2,1,success,21,0,3.373
50,0.55,39,bot3,1,success,21,0,3.435
50,0.55,39,bot4,1,success,21,0,26.933
50,0.55,40,bot1,1,success,19,0,0.269
50,0.55,40,bot2,1,success,19,0,3.009
50,0.55,40,bot3,1,success,19,0,3.223
50,0.55,40,bot4,1,success,19,0,23.216
50,0.55,41,bot1,0,button_burned,6,0,0.841
50,0.55,41,bot2,0,button_burned,6,0,5.676
50,0.55,41,bot3,0,button_burned,6,0,6.19
50,0.55,41,bot4,0,button_burned,6,0,14.951
50,0.55,42,bot1,1,success,21,0,0.241
50,0.55,42,bot2,1,success,21,0,3.254
50,0.55,42,bot3,1,success,21,0,3.672
50,0.55,42,bot4,1,success,21,0,25.768
50,0.55,43,bot1,1,success,37,0,0.356
50,0.55,43,bot2,1,success,37,0,9.119
50,0.55,43,bot3,1,success,37,0,12.894
50,0.55,43,bot4,1,success,37,0,51.059
50,0.55,44,bot1,1,success,14,0,0.162
50,0.55,44,bot2,1,success,14,0,2.029
50,0.55,44,bot3,1,success,14,0,2.167
50,0.55,44,bot4,1,success,14,0,17.774
50,0.55,45,bot1,1,success,15,0,0.169
50,0.55,45,bot2,1,success,15,0,1.884
50,0.55,45,bot3,1,success,15,0,2.058
50,0.55,45,bot4,1,success,15,0,17.823
50,0.55,46,bot1,1,success,76,0,1.095
50,0.55,46,bot2,1,success,76,0,42.836
50,0.55,46,bot3,1,success,76,0,60.766
50,0.55,46,bot4,1,success,76,0,120.488
50,0.55,47,bot1,1,success,41,0,1.319
50,0.55,47,bot2,1,success,41,0,16.348
50,0.55,47,bot3,1,success,41,0,15.179
50,0.55,47,bot4,1,success,41,0,59.717
50,0.55,48,bot1,1,success,22,0,0.306
50,0.55,48,bot2,1,success,22,0,3.793
50,0.55,48,bot3,1,success,22,0,4.042
50,0.55,48,bot4,1,success,22,0,26.997
50,0.55,49,bot1,0,button_burned,33,0,0.435
50,0.55,49,bot2,0,trapped,29,0,10.682
50,0.55,49,bot3,0,trapped,29,0,13.943
50,0.55,49,bot4,0,trapped,29,0,43.005
50,0.55,50,bot1,1,success,27,0,0.395
50,0.55,50,bot2,1,success,27,0,5.758
50,0.55,50,bot3,1,success,27,0,6.619
50,0.55,50,bot4,1,success,27,0,33.037
50,0.55,51,bot1,1,success,12,0,0.163
50,0.55,51,bot2,1,success,12,0,1.541
50,0.55,51,bot3,1,success,12,0,1.561
50,0.55,51,bot4,1,success,12,0,14.115
50,0.55,52,bot1,1,success,11,0,0.138
50,0.55,52,bot2,1,success,11,0,1.451
50,0.55,52,bot3,1,success,11,0,1.382
50,0.55,52,bot4,1,success,11,0,12.946
50,0.55,53,bot1,0,entered_fire,10,1,0.886
50,0.55,53,bot2,0,trapped,34,0,18.332
50,0.55,53,bot3,0,trapped,41,1,25.693
50,0.55,53,bot4,0,trapped,41,3,72.025
50,0.55,54,bot1,1,success,40,0,0.512
50,0.55,54,bot2,1,success,40,0,11.923
50,0.55,54,bot3,1,success,40,0,16.485
50,0.55,54,bot4,1,success,40,0,51.946
50,0.55,55,bot1,1,success,61,0,1.107
50,0.55,55,bot2,1,success,61,0,33.827
50,0.55,55,bot3,1,success,61,0,42.19
50,0.55,55,bot4,1,success,61,0,102.88
50,0.55,56,bot1,1,success,52,0,0.768
50,0.55,56,bot2,1,success,52,0,20.774
50,0.55,56,bot3,1,success,52,0,25.164
50,0.55,56,bot4,1,success,52,0,70.58
50,0.55,57,bot1,0,button_burned,22,0,0.293
50,0.55,57,bot2,0,button_burned,22,0,4.592
50,0.55,57,bot3,0,button_burned,22,0,6.529
50,0.55,57,bot4,0,button_burned,22,0,28.131
50,0.55,58,bot1,1,success,25,0,0.256
50,0.55,58,bot2,1,success,25,0,4.448
50,0.55,58,bot3,1,success,25,0,5.071
50,0.55,58,bot4,1,success,25,0,32.36
50,0.55,59,bot1,1,success,31,0,0.34
50,0.55,59,bot2,1,success,31,0,6.665
50,0.55,59,bot3,1,success,31,0,8.616
50,0.55,59,bot4,1,success,31,0,39.492
50,0.55,60,bot1,1,success,12,0,0.177
50,0.55,60,bot2,1,success,12,0,1.425
50,0.55,60,bot3,1,success,12,0,1.575
50,0.55,60,bot4,1,success,12,0,14.883
50,0.55,61,bot1,1,success,36,0,1.192
50,0.55,61,bot2,1,success,36,0,17.22
50,0.55,61,bot3,1,success,36,0,14.469
50,0.55,61,bot4,1,success,36,0,49.173
50,0.55,62,bot1,1,success,19,0,0.318
50,0.55,62,bot2,1,success,19,0,3.381
50,0.55,62,bot3,1,success,19,0,3.452
50,0.55,62,bot4,1,success,19,0,23.716
50,0.55,63,bot1,1,success,26,0,0.424
50,0.55,63,bot2,1,success,26,0,4.96
50,0.55,63,bot3,1,success,26,0,5.514
50,0.55,63,bot4,1,success,26,0,32.207
50,0.55,64,bot1,1,success,19,0,0.195
50,0.55,64,bot2,1,success,19,0,2.66
50,0.55,64,bot3,1,success,19,0,3.05
50,0.55,64,bot4,1,success,19,0,23.142
50,0.55,65,bot1,1,success,36,0,0.325
50,0.55,65,bot2,1,success,36,0,7.188
50,0.55,65,bot3,1,success,36,0,9.422
50,0.55,65,bot4,1,success,36,0,44.621
50,0.55,66,bot1,0,button_burned,6,0,0.333
50,0.55,66,bot2,0,button_burned,6,0,1.882
50,0.55,66,bot3,0,button_burned,6,0,4.254
50,0.55,66,bot4,0,button_burned,6,0,9.224
50,0.55,67,bot1,0,entered_fire,33,3,0.527
50,0.55,67,bot2,0,button_burned,35,0,12.97
50,0.55,67,bot3,0,button_burned,35,0,14.437
50,0.55,67,bot4,0,button_burned,35,1,50.082
50,0.55,68,bot1,1,success,41,0,0.793
50,0.55,68,bot2,1,success,41,0,13.745
50,0.55,68,bot3,1,success,41,0,15.958
50,0.55,68,bot4,1,success,41,0,54.166
50,0.55,69,bot1,1,success,40,0,0.645
50,0.55,69,bot2,1,success,40,0,14.074
50,0.55,69,bot3,1,success,40,0,10.445
50,0.55,69,bot4,1,success,40,0,56.491
50,0.55,70,bot1,0,caught,2,1,0.619
50,0.55,70,bot2,0,trapped,6,0,3.792
50,0.55,70,bot3,0,trapped,6,1,3.801
50,0.55,70,bot4,0,trapped,6,1,9.495
50,0.55,71,bot1,1,success,77,0,0.877
50,0.55,71,bot2,1,success,77,0,38.288
50,0.55,71,bot3,1,success,77,0,53.514
50,0.55,71,bot4,1,success,77,0,116.444
50,0.55,72,bot1,0,button_burned,14,0,0.732
50,0.55,72,bot2,0,button_burned,14,0,8.513
50,0.55,72,bot3,0,button_burned,14,0,10.135
50,0.55,72,bot4,0,button_burned,14,0,21.514
50,0.55,73,bot1,0,caught,10,0,0.825
50,0.55,73,bot2,0,caught,10,0,7.843
50,0.55,73,bot3,0,trapped,13,1,10.606
50,0.55,73,bot4,0,trapped,13,4,22.936
50,0.55,74,bot1,0,entered_fire,11,2,0.627
50,0.55,74,bot2,0,trapped,32,0,19.458
50,0.55,74,bot3,0,trapped,32,0,21.491
50,0.55,74,bot4,0,trapped,32,1,54.415
50,0.55,75,bot1,1,success,23,0,0.241
50,0.55,75,bot2,1,success,23,0,4.408
50,0.55,75,bot3,1,success,23,0,4.262
50,0.55,75,bot4,1,success,23,0,29.837
50,0.55,76,bot1,1,success,28,0,0.478
50,0.55,76,bot2,1,success,28,0,6.126
50,0.55,76,bot3,1,success,28,0,15.404
50,0.55,76,bot4,1,success,28,0,43.175
50,0.55,77,bot1,1,success,52,0,0.736
50,0.55,77,bot2,1,success,52,0,21.976
50,0.55,77,bot3,1,success,52,0,26.956
50,0.55,77,bot4,1,success,52,0,69.942
50,0.55,78,bot1,1,success,55,0,0.808
50,0.55,78,bot2,1,success,55,0,25.879
50,0.55,78,bot3,1,success,55,0,28.799
50,0.55,78,bot4,1,success,55,0,73.37
50,0.55,79,bot1,0,entered_fire,32,3,0.891
50,0.55,79,bot2,0,trapped,66,0,45.432
50,0.55,79,bot3,0,trapped,66,3,59.995
50,0.55,79,bot4,0,trapped,66,2,99.507
50,0.55,80,bot1,1,success,52,0,0.638
50,0.55,80,bot2,1,success,52,0,16.215
50,0.55,80,bot3,1,success,52,0,23.838
50,0.55,80,bot4,1,success,52,0,70.406
50,0.55,81,bot1,1,success,53,0,0.874
50,0.55,81,bot2,1,success,53,0,25.643
50,0.55,81,bot3,1,success,53,0,29.101
50,0.55,81,bot4,1,success,53,0,73.742
50,0.55,82,bot1,0,button_burned,21,0,0.836
50,0.55,82,bot2,0,trapped,12,0,9.761
50,0.55,82,bot3,0,trapped,12,0,15.421
50,0.55,82,bot4,0,trapped,12,0,36.989
50,0.55,83,bot1,0,button_burned,6,0,0.901
50,0.55,83,bot2,0,button_burned,6,0,4.91
50,0.55,83,bot3,0,button_burned,6,0,7.273
50,0.55,83,bot4,0,button_burned,6,0,12.786
50,0.55,84,bot1,1,success,47,0,0.552
50,0.55,84,bot2,1,success,47,0,14.667
50,0.55,84,bot3,1,success,47,0,18.018
50,0.55,84,bot4,1,success,47,0,72.042
50,0.55,85,bot1,0,entered_fire,18,3,0.686
50,0.55,85,bot2,0,button_burned,30,0,15.835
50,0.55,85,bot3,0,button_burned,30,0,19.324
50,0.55,85,bot4,0,button_burned,30,0,43.605
50,0.55,86,bot1,1,success,14,0,0.19
50,0.55,86,bot2,1,success,14,0,1.91
50,0.55,86,bot3,1,success,14,0,1.987
50,0.55,86,bot4,1,success,14,0,16.642
50,0.55,87,bot1,0,button_burned,20,0,0.851
50,0.55,87,bot2,0,trapped,10,0,9.16
50,0.55,87,bot3,0,trapped,10,0,10.981
50,0.55,87,bot4,0,trapped,10,0,22.613
50,0.55,88,bot1,1,success,53,0,0.673
50,0.55,88,bot2,1,success,53,0,22.399
50,0.55,88,bot3,1,success,53,0,25.167
50,0.55,88,bot4,1,success,53,0,98.666
50,0.55,89,bot1,1,success,15,0,0.257
50,0.55,89,bot2,1,success,15,0,1.842
50,0.55,89,bot3,1,success,15,0,2.01
50,0.55,89,bot4,1,success,15,0,17.793
50,0.55,90,bot1,1,success,26,0,0.599
50,0.55,90,bot2,1,success,26,0,4.779
50,0.55,90,bot3,1,success,26,0,5.49
50,0.55,90,bot4,1,success,26,0,32.517
50,0.55,91,bot1,1,success,6,0,0.112
50,0.55,91,bot2,1,success,6,0,0.66
50,0.55,91,bot3,1,success,6,0,0.68
50,0.55,91,bot4,1,success,6,0,7.134
50,0.55,92,bot1,0,button_burned,42,0,0.662
50,0.55,92,bot2,0,trapped,39,0,20.741
50,0.55,92,bot3,0,trapped,39,0,24.645
50,0.55,92,bot4,0,trapped,39,0,70.081
50,0.55,93,bot1,1,success,5,0,0.111
50,0.55,93,bot2,1,success,5,0,0.535
50,0.55,93,bot3,1,success,5,0,0.6
50,0.55,93,bot4,1,success,5,0,6.277
50,0.55,94,bot1,0,button_burned,45,0,0.743
50,0.55,94,bot2,0,trapped,44,0,20.298
50,0.55,94,bot3,0,trapped,44,0,23.907
50,0.55,94,bot4,0,trapped,44,0,62.866
50,0.55,95,bot1,1,success,55,0,1.325
50,0.55,95,bot2,1,success,55,0,21.961
50,0.55,95,bot3,1,success,55,0,25.102
50,0.55,95,bot4,1,success,55,0,73.583
50,0.55,96,bot1,1,success,35,0,0.431
50,0.55,96,bot2,1,success,35,0,8.86
50,0.55,96,bot3,1,success,35,0,10.732
50,0.55,96,bot4,1,success,35,0,43.781
50,0.55,97,bot1,1,success,43,0,0.741
50,0.55,97,bot2,1,success,43,0,14.751
50,0.55,97,bot3,1,success,43,0,16.324
50,0.55,97,bot4,1,success,43,0,55.319
50,0.55,98,bot1,1,success,31,0,0.412
50,0.55,98,bot2,1,success,31,0,6.724
50,0.55,98,bot3,1,success,31,0,7.515
50,0.55,98,bot4,1,success,31,0,40.076
50,0.55,99,bot1,1,success,49,0,0.967
50,0.55,99,bot2,1,success,49,0,20.777
50,0.55,99,bot3,1,success,49,0,25.188
50,0.55,99,bot4,1,success,49,0,67.278
50,0.55,100,bot1,1,success,36,0,0.328
50,0.55,100,bot2,1,success,36,0,7.773
50,0.55,100,bot3,1,success,36,0,8.731
50,0.55,100,bot4,1,success,36,0,47.481
50,0.55,101,bot1,1,success,54,0,0.698
50,0.55,101,bot2,1,success,54,0,21.723
50,0.55,101,bot3,1,success,54,0,24.947
50,0.55,101,bot4,1,success,54,0,73.374
50,0.55,102,bot1,1,success,25,0,0.569
50,0.55,102,bot2,1,success,25,0,5.213
50,0.55,102,bot3,1,success,25,0,4.871
50,0.55,102,bot4,1,success,25,0,30.044
50,0.55,103,bot1,1,success,32,0,0.388
50,0.55,103,bot2,1,success,32,0,6.112
50,0.55,103,bot3,1,success,32,0,7.203
50,0.55,103,bot4,1,success,32,0,54.17
50,0.55,104,bot1,1,success,44,0,0.576
50,0.55,104,bot2,1,success,44,0,13.747
50,0.55,104,bot3,1,success,44,0,18.648
50,0.55,104,bot4,1,success,44,0,61.616
50,0.55,105,bot1,1,success,35,0,0.407
50,0.55,105,bot2,1,success,35,0,8.04
50,0.55,105,bot3,1,success,35,0,9.265
50,0.55,105,bot4,1,success,35,0,48.954
50,0.55,106,bot1,0,entered_fire,11,1,0.262
50,0.55,106,bot2,0,trapped,16,0,2.902
50,0.55,106,bot3,1,success,23,0,4.242
50,0.55,106,bot4,0,trapped,16,1,22.242
50,0.55,107,bot1,1,success,42,0,0.669
50,0.55,107,bot2,1,success,42,0,13.632
50,0.55,107,bot3,1,success,42,0,15.484
50,0.55,107,bot4,1,success,42,0,72.674
50,0.55,108,bot1,1,success,36,0,0.292
50,0.55,108,bot2,1,success,36,0,8.137
50,0.55,108,bot3,1,success,36,0,14.039
50,0.55,108,bot4,1,success,36,0,44.244
50,0.55,109,bot1,1,success,21,0,0.27
50,0.55,109,bot2,1,success,21,0,3.499
50,0.55,109,bot3,1,success,21,0,4.003
50,0.55,109,bot4,1,success,21,0,27.877
50,0.55,110,bot1,0,caught,33,0,0.833
50,0.55,110,bot2,0,trapped,32,0,20.278
50,0.55,110,bot3,0,trapped,32,0,20.512
50,0.55,110,bot4,1,success,67,2,89.641
50,0.55,111,bot1,1,success,28,0,0.253
50,0.55,111,bot2,1,success,28,0,5.291
50,0.55,111,bot3,1,success,28,0,6.079
50,0.55,111,bot4,1,success,28,0,35.055
50,0.55,112,bot1,1,success,75,0,0.888
50,0.55,112,bot2,1,success,75,0,38.753
50,0.55,112,bot3,1,success,75,0,53.452
50,0.55,112,bot4,1,success,75,0,122.656
50,0.55,113,bot1,1,success,52,0,0.582
50,0.55,113,bot2,1,success,52,0,20.138
50,0.55,113,bot3,1,success,52,0,22.111
50,0.55,113,bot4,1,success,52,0,63.969
50,0.55,114,bot1,1,success,9,0,0.152
50,0.55,114,bot2,1,success,9,0,1.02
50,0.55,114,bot3,1,success,9,0,1.033
50,0.55,114,bot4,1,success,9,0,10.721
50,0.55,115,bot1,0,button_burned,17,0,0.617
50,0.55,115,bot2,0,trapped,16,0,10.073
50,0.55,115,bot3,0,trapped,16,1,13.286
50,0.55,115,bot4,0,trapped,16,0,28.969
50,0.55,116,bot1,0,caught,21,2,0.36
50,0.55,116,bot2,0,button_burned,23,0,8.155
50,0.55,116,bot3,0,button_burned,23,1,11.512
50,0.55,116,bot4,0,button_burned,23,1,54.363
50,0.55,117,bot1,0,button_burned,41,0,0.639
50,0.55,117,bot2,0,button_burned,41,0,18.446
50,0.55,117,bot3,0,button_burned,41,0,20.273
50,0.55,117,bot4,0,button_burned,41,0,56.225
50,0.55,118,bot1,1,success,28,0,0.251
50,0.55,118,bot2,1,success,28,0,4.817
50,0.55,118,bot3,1,success,28,0,5.518
50,0.55,118,bot4,1,success,28,0,34.824
50,0.55,119,bot1,1,success,46,0,0.606
50,0.55,119,bot2,1,success,46,0,16.057
50,0.55,119,bot3,1,success,46,0,16.243
50,0.55,119,bot4,1,success,46,0,61.764
50,0.55,120,bot1,1,success,70,0,0.963
50,0.55,120,bot2,1,success,70,0,37.548
50,0.55,120,bot3,1,success,70,0,47.126
50,0.55,120,bot4,1,success,70,0,104.403
50,0.55,121,bot1,1,success,38,0,0.536
50,0.55,121,bot2,1,success,38,0,10.471
50,0.55,121,bot3,1,success,38,0,15.329
50,0.55,121,bot4,1,success,38,0,73.126
50,0.55,122,bot1,1,success,29,0,0.495
50,0.55,122,bot2,1,success,29,0,6.288
50,0.55,122,bot3,1,success,29,0,7.693
50,0.55,122,bot4,1,success,29,0,41.523
50,0.55,123,bot1,0,caught,69,0,0.911
50,0.55,123,bot2,0,trapped,68,0,51.289
50,0.55,123,bot3,0,trapped,68,0,58.365
50,0.55,123,bot4,0,trapped,68,0,99.347
50,0.55,124,bot1,1,success,32,0,0.452
50,0.55,124,bot2,1,success,32,0,6.781
50,0.55,124,bot3,1,success,32,0,8.248
50,0.55,124,bot4,1,success,32,0,40.706
50,0.55,125,bot1,0,caught,9,1,0.328
50,0.55,125,bot2,0,button_burned,40,0,14.058
50,0.55,125,bot3,0,button_burned,40,2,17.587
50,0.55,125,bot4,0,button_burned,40,3,63.653
50,0.55,126,bot1,0,button_burned,17,2,0.673
50,0.55,126,bot2,0,button_burned,17,0,17.548
50,0.55,126,bot3,0,button_burned,17,1,20.86
50,0.55,126,bot4,0,button_burned,17,1,35.531
50,0.55,127,bot1,0,caught,32,6,0.881
50,0.55,127,bot2,0,trapped,31,0,26.645
50,0.55,127,bot3,0,trapped,31,0,29.174
50,0.55,127,bot4,0,trapped,31,1,69.628
50,0.55,128,bot1,0,entered_fire,22,2,0.329
50,0.55,128,bot2,0,button_burned,47,0,12.2
50,0.55,128,bot3,0,button_burned,47,1,16.469
50,0.55,128,bot4,0,button_burned,47,1,62.625
50,0.55,129,bot1,1,success,24,0,0.418
50,0.55,129,bot2,1,success,24,0,8.323
50,0.55,129,bot3,1,success,24,0,7.868
50,0.55,129,bot4,1,success,24,0,29.289
50,0.55,130,bot1,1,success,27,0,0.46
50,0.55,130,bot2,1,success,27,0,5.976
50,0.55,130,bot3,1,success,27,0,7.044
50,0.55,130,bot4,1,success,27,0,33.696
50,0.55,131,bot1,0,entered_fire,5,2,0.771
50,0.55,131,bot2,0,caught,33,0,15.335
50,0.55,131,bot3,1,success,50,1,22.226
50,0.55,131,bot4,1,success,46,1,58.023
50,0.55,132,bot1,1,success,30,0,0.421
50,0.55,132,bot2,1,success,30,0,7.045
50,0.55,132,bot3,1,success,30,0,14.189
50,0.55,132,bot4,1,success,30,0,36.815
50,0.55,133,bot1,1,success,16,0,0.196
50,0.55,133,bot2,1,success,16,0,2.23
50,0.55,133,bot3,1,success,16,0,2.451
50,0.55,133,bot4,1,success,16,0,20.022
50,0.55,134,bot1,1,success,18,0,0.258
50,0.55,134,bot2,1,success,18,0,3.926
50,0.55,134,bot3,1,success,18,0,4.043
50,0.55,134,bot4,1,success,18,0,34.931
50,0.55,135,bot1,1,success,41,0,0.75
50,0.55,135,bot2,1,success,41,0,14.028
50,0.55,135,bot3,1,success,41,0,14.597
50,0.55,135,bot4,1,success,41,0,52.587
50,0.55,136,bot1,1,success,41,0,0.38
50,0.55,136,bot2,1,success,41,0,10.227
50,0.55,136,bot3,1,success,41,0,10.237
50,0.55,136,bot4,1,success,41,0,59.062
50,0.55,137,bot1,1,success,65,0,1.006
50,0.55,137,bot2,1,success,65,0,36.717
50,0.55,137,bot3,1,success,65,0,43.183
50,0.55,137,bot4,1,success,65,0,88.815
50,0.55,138,bot1,0,entered_fire,16,1,0.348
50,0.55,138,bot2,0,button_burned,23,0,7.477
50,0.55,138,bot3,0,button_burned,23,1,9.079
50,0.55,138,bot4,0,button_burned,23,0,33.134
50,0.55,139,bot1,1,success,32,0,0.443
50,0.55,139,bot2,1,success,32,0,7.247
50,0.55,139,bot3,1,success,32,0,8.21
50,0.55,139,bot4,1,success,32,0,67.098
50,0.55,140,bot1,1,success,9,0,0.15
50,0.55,140,bot2,1,success,9,0,0.975
50,0.55,140,bot3,1,success,9,0,1.075
50,0.55,140,bot4,1,success,9,0,10.873
50,0.55,141,bot1,1,success,64,0,0.78
50,0.55,141,bot2,1,success,64,0,28.902
50,0.55,141,bot3,1,success,64,0,35.56
50,0.55,141,bot4,1,success,64,0,83.689
50,0.55,142,bot1,1,success,22,0,0.239
50,0.55,142,bot2,1,success,22,0,3.181
50,0.55,142,bot3,1,success,22,0,3.606
50,0.55,142,bot4,1,success,22,0,27.395
50,0.55,143,bot1,1,success,70,0,0.938
50,0.55,143,bot2,1,success,70,0,34.102
50,0.55,143,bot3,1,success,70,0,48.635
50,0.55,143,bot4,1,success,70,0,94.139
50,0.55,144,bot1,1,success,27,0,0.484
50,0.55,144,bot2,1,success,27,0,6.319
50,0.55,144,bot3,1,success,27,0,8.32
50,0.55,144,bot4,1,success,27,0,43.188
50,0.55,145,bot1,0,entered_fire,12,3,0.504
50,0.55,145,bot2,0,button_burned,43,0,11.625
50,0.55,145,bot3,0,button_burned,43,2,13.878
50,0.55,145,bot4,1,success,42,3,53.435
50,0.55,146,bot1,1,success,14,0,0.172
50,0.55,146,bot2,1,success,14,0,2.25
50,0.55,146,bot3,1,success,14,0,1.949
50,0.55,146,bot4,1,success,14,0,16.827
50,0.55,147,bot1,1,success,35,0,0.533
50,0.55,147,bot2,1,success,35,0,9.922
50,0.55,147,bot3,1,success,35,0,12.049
50,0.55,147,bot4,1,success,35,0,43.962
50,0.55,148,bot1,1,success,28,0,0.377
50,0.55,148,bot2,1,success,28,0,5.63
50,0.55,148,bot3,1,success,28,0,6.373
50,0.55,148,bot4,1,success,28,0,34.261
50,0.55,149,bot1,0,caught,17,0,0.929
50,0.55,149,bot2,0,caught,17,0,16.419
50,0.55,149,bot3,0,trapped,59,3,50.335
50,0.55,149,bot4,0,trapped,59,4,119.871
50,0.55,150,bot1,1,success,24,0,0.476
50,0.55,150,bot2,1,success,24,0,4.429
50,0.55,150,bot3,1,success,24,0,5.196
50,0.55,150,bot4,1,success,24,0,29.954
50,0.55,151,bot1,1,success,51,0,0.816
50,0.55,151,bot2,1,success,51,0,22.863
50,0.55,151,bot3,1,success,51,0,26.08
50,0.55,151,bot4,1,success,51,0,66.423
50,0.55,152,bot1,0,caught,10,0,0.68
50,0.55,152,bot2,0,caught,10,0,6.362
50,0.55,152,bot3,0,trapped,33,2,19.435
50,0.55,152,bot4,0,caught,27,3,43.844
50,0.55,153,bot1,1,success,30,0,0.538
50,0.55,153,bot2,1,success,30,0,7.402
50,0.55,153,bot3,1,success,30,0,9.875
50,0.55,153,bot4,1,success,30,0,41.723
50,0.55,154,bot1,1,success,52,0,0.69
50,0.55,154,bot2,1,success,52,0,19.633
50,0.55,154,bot3,1,success,52,0,27.022
50,0.55,154,bot4,1,success,52,0,69.069
50,0.55,155,bot1,1,success,13,0,0.19
50,0.55,155,bot2,1,success,13,0,1.64
50,0.55,155,bot3,1,success,13,0,1.864
50,0.55,155,bot4,1,success,13,0,17.617
50,0.55,156,bot1,1,success,49,0,0.564
50,0.55,156,bot2,1,success,49,0,16.791
50,0.55,156,bot3,1,success,49,0,20.299
50,0.55,156,bot4,1,success,49,0,88.129
50,0.55,157,bot1,1,success,26,0,0.299
50,0.55,157,bot2,1,success,26,0,4.537
50,0.55,157,bot3,1,success,26,0,5.503
50,0.55,157,bot4,1,success,26,0,33.608
50,0.55,158,bot1,0,entered_fire,34,3,0.587
50,0.55,158,bot2,0,trapped,36,0,19.005
50,0.55,158,bot3,0,trapped,36,0,21.412
50,0.55,158,bot4,0,trapped,36,2,87.659
50,0.55,159,bot1,1,success,28,0,0.461
50,0.55,159,bot2,1,success,28,0,7.715
50,0.55,159,bot3,1,success,28,0,7.412
50,0.55,159,bot4,1,success,28,0,37.523
50,0.55,160,bot1,1,success,23,0,0.283
50,0.55,160,bot2,1,success,23,0,3.573
50,0.55,160,bot3,1,success,23,0,3.935
50,0.55,160,bot4,1,success,23,0,29.479
50,0.55,161,bot1,0,entered_fire,29,1,0.793
50,0.55,161,bot2,0,trapped,34,0,17.648
50,0.55,161,bot3,0,trapped,44,3,33.978
50,0.55,161,bot4,0,trapped,44,2,70.102
50,0.55,162,bot1,1,success,51,0,0.968
50,0.55,162,bot2,1,success,51,0,22.817
50,0.55,162,bot3,1,success,51,0,28.992
50,0.55,162,bot4,1,success,51,0,79.774
50,0.55,163,bot1,1,success,28,0,0.628
50,0.55,163,bot2,1,success,28,0,6.954
50,0.55,163,bot3,1,success,28,0,6.712
50,0.55,163,bot4,1,success,28,0,38.471
50,0.55,164,bot1,1,success,15,0,0.207
50,0.55,164,bot2,1,success,15,0,2.072
50,0.55,164,bot3,1,success,15,0,2.231
50,0.55,164,bot4,1,success,15,0,18.681
50,0.55,165,bot1,0,entered_fire,24,6,0.998
50,0.55,165,bot2,0,trapped,37,0,26.456
50,0.55,165,bot3,0,trapped,37,1,31.788
50,0.55,165,bot4,0,trapped,37,0,56.435
50,0.55,166,bot1,0,button_burned,22,0,0.842
50,0.55,166,bot2,0,trapped,16,0,15.227
50,0.55,166,bot3,0,trapped,16,0,16.932
50,0.55,166,bot4,0,trapped,16,0,42.889
50,0.55,167,bot1,1,success,36,0,0.388
50,0.55,167,bot2,1,success,36,0,8.525
50,0.55,167,bot3,1,success,36,0,10.449
50,0.55,167,bot4,1,success,36,0,49.437
50,0.55,168,bot1,1,success,32,0,0.537
50,0.55,168,bot2,1,success,32,0,9.226
50,0.55,168,bot3,1,success,32,0,10.448
50,0.55,168,bot4,1,success,32,0,46.287
50,0.55,169,bot1,1,success,43,0,0.682
50,0.55,169,bot2,1,success,43,0,16.371
50,0.55,169,bot3,1,success,43,0,18.243
50,0.55,169,bot4,1,success,43,0,56.209
50,0.55,170,bot1,1,success,43,0,0.382
50,0.55,170,bot2,1,success,43,0,11.341
50,0.55,170,bot3,1,success,43,0,14.227
50,0.55,170,bot4,1,success,43,0,53.878
50,0.55,171,bot1,1,success,72,0,0.955
50,0.55,171,bot2,1,success,72,0,51.235
50,0.55,171,bot3,1,success,72,0,72.782
50,0.55,171,bot4,1,success,72,0,107.715
50,0.55,172,bot1,0,caught,28,0,0.527
50,0.55,172,bot2,0,caught,28,0,11.811
50,0.55,172,bot3,0,button_burned,44,1,18.103
50,0.55,172,bot4,0,button_burned,44,2,59.647
50,0.55,173,bot1,1,success,67,0,1.025
50,0.55,173,bot2,1,success,67,0,42.934
50,0.55,173,bot3,1,success,67,0,44.602
50,0.55,173,bot4,1,success,67,0,91.197
50,0.55,174,bot1,1,success,21,0,0.242
50,0.55,174,bot2,1,success,21,0,3.262
50,0.55,174,bot3,1,success,21,0,4.117
50,0.55,174,bot4,1,success,21,0,26.065
50,0.55,175,bot1,1,success,19,0,0.332
50,0.55,175,bot2,1,success,19,0,4.386
50,0.55,175,bot3,1,success,19,0,3.713
50,0.55,175,bot4,1,success,19,0,23.811
50,0.55,176,bot1,0,entered_fire,34,1,0.86
50,0.55,176,bot2,0,caught,35,0,25.86
50,0.55,176,bot3,0,trapped,58,1,49.834
50,0.55,176,bot4,0,trapped,58,1,100.516
50,0.55,177,bot1,1,success,40,0,0.519
50,0.55,177,bot2,1,success,40,0,11.709
50,0.55,177,bot3,1,success,40,0,13.977
50,0.55,177,bot4,1,success,40,0,51.395
50,0.55,178,bot1,1,success,39,0,0.454
50,0.55,178,bot2,1,success,39,0,10.799
50,0.55,178,bot3,1,success,39,0,12.204
50,0.55,178,bot4,1,success,39,0,52.007
50,0.55,179,bot1,0,caught,23,0,0.643
50,0.55,179,bot2,0,trapped,22,0,13.362
50,0.55,179,bot3,0,trapped,22,0,13.918
50,0.55,179,bot4,0,trapped,22,0,34.539
50,0.55,180,bot1,0,entered_fire,33,1,0.691
50,0.55,180,bot2,0,caught,34,0,14.066
50,0.55,180,bot3,0,button_burned,39,1,17.308
50,0.55,180,bot4,0,button_burned,39,2,56.153
50,0.55,181,bot1,1,success,29,0,0.274
50,0.55,181,bot2,1,success,29,0,5.761
50,0.55,181,bot3,1,success,29,0,6.599
50,0.55,181,bot4,1,success,29,0,37.47
50,0.55,182,bot1,1,success,54,0,0.426
50,0.55,182,bot2,1,success,54,0,18.975
50,0.55,182,bot3,1,success,54,0,22.695
50,0.55,182,bot4,1,success,54,0,68.36
50,0.55,183,bot1,1,success,37,0,0.4
50,0.55,183,bot2,1,success,37,0,8.728
50,0.55,183,bot3,1,success,37,0,10.957
50,0.55,183,bot4,1,success,37,0,51.63
50,0.55,184,bot1,1,success,67,0,0.887
50,0.55,184,bot2,1,success,67,0,40.052
50,0.55,184,bot3,1,success,67,0,43.973
50,0.55,184,bot4,1,success,67,0,98.385
50,0.55,185,bot1,1,success,75,0,0.854
50,0.55,185,bot2,1,success,75,0,42.452
50,0.55,185,bot3,1,success,75,0,53.213
50,0.55,185,bot4,1,success,75,0,110.214
50,0.55,186,bot1,1,success,64,0,0.82
50,0.55,186,bot2,1,success,64,0,29.305
50,0.55,186,bot3,1,success,64,0,36.347
50,0.55,186,bot4,1,success,64,0,90.558
50,0.55,187,bot1,1,success,21,0,0.317
50,0.55,187,bot2,1,success,21,0,5.233
50,0.55,187,bot3,1,success,21,0,5.526
50,0.55,187,bot4,1,success,21,0,27.912
50,0.55,188,bot1,1,success,27,0,0.227
50,0.55,188,bot2,1,success,27,0,5.065
50,0.55,188,bot3,1,success,27,0,6.852
50,0.55,188,bot4,1,success,27,0,41.484
50,0.55,189,bot1,1,success,37,0,0.635
50,0.55,189,bot2,1,success,37,0,12.073
50,0.55,189,bot3,1,success,37,0,12.368
50,0.55,189,bot4,1,success,37,0,51.589
50,0.55,190,bot1,1,success,29,0,0.347
50,0.55,190,bot2,1,success,29,0,7.197
50,0.55,190,bot3,1,success,29,0,8.211
50,0.55,190,bot4,1,success,29,0,39.398
50,0.55,191,bot1,0,entered_fire,25,0,0.693
50,0.55,191,bot2,0,trapped,18,0,10.14
50,0.55,191,bot3,0,trapped,18,0,12.8
50,0.55,191,bot4,0,trapped,18,0,31.922
50,0.55,192,bot1,1,success,24,0,0.235
50,0.55,192,bot2,1,success,24,0,5.217
50,0.55,192,bot3,1,success,24,0,5.514
50,0.55,192,bot4,1,success,24,0,32.102
50,0.55,193,bot1,1,success,21,0,0.246
50,0.55,193,bot2,1,success,21,0,3.319
50,0.55,193,bot3,1,success,21,0,5.033
50,0.55,193,bot4,1,success,21,0,43.08
50,0.55,194,bot1,1,success,50,0,0.964
50,0.55,194,bot2,1,success,50,0,20.553
50,0.55,194,bot3,1,success,50,0,23.15
50,0.55,194,bot4,1,success,50,0,65.292
50,0.55,195,bot1,1,success,36,0,0.618
50,0.55,195,bot2,1,success,36,0,12.488
50,0.55,195,bot3,1,success,36,0,18.639
50,0.55,195,bot4,1,success,36,0,47.773
50,0.55,196,bot1,1,success,36,0,0.508
50,0.55,196,bot2,1,success,36,0,13.616
50,0.55,196,bot3,1,success,36,0,10.625
50,0.55,196,bot4,1,success,38,1,57.556
50,0.55,197,bot1,1,success,67,0,0.955
50,0.55,197,bot2,1,success,67,0,35.143
50,0.55,197,bot3,1,success,67,0,40.418
50,0.55,197,bot4,1,success,67,0,98.592
50,0.55,198,bot1,0,button_burned,41,0,1.024
50,0.55,198,bot2,0,button_burned,41,0,38.536
50,0.55,198,bot3,0,button_burned,41,0,40.096
50,0.55,198,bot4,0,button_burned,41,1,75.232
50,0.55,199,bot1,1,success,35,0,0.465
50,0.55,199,bot2,1,success,35,0,8.68
50,0.55,199,bot3,1,success,35,0,11.159
50,0.55,199,bot4,1,success,35,0,43.252
50,0.6,0,bot1,0,entered_fire,21,7,0.954
50,0.6,0,bot2,0,trapped,38,0,32.477
50,0.6,0,bot3,0,trapped,38,4,49.731
50,0.6,0,bot4,0,trapped,38,4,62.186
50,0.6,1,bot1,1,success,37,0,0.469
50,0.6,1,bot2,1,success,37,0,8.994
50,0.6,1,bot3,1,success,37,0,10.995
50,0.6,1,bot4,1,success,37,0,45.696
50,0.6,2,bot1,0,entered_fire,6,5,0.447
50,0.6,2,bot2,0,trapped,26,0,8.684
50,0.6,2,bot3,0,trapped,26,2,8.965
50,0.6,2,bot4,0,trapped,26,3,35.392
50,0.6,3,bot1,1,success,43,0,0.745
50,0.6,3,bot2,1,success,43,0,14.774
50,0.6,3,bot3,1,success,43,0,16.751
50,0.6,3,bot4,1,success,43,0,54.452
50,0.6,4,bot1,0,entered_fire,19,1,0.44
50,0.6,4,bot2,0,button_burned,28,0,7.755
50,0.6,4,bot3,0,button_burned,28,1,11.176
50,0.6,4,bot4,0,button_burned,28,2,35.199
50,0.6,5,bot1,1,success,41,0,0.703
50,0.6,5,bot2,1,success,41,0,13.752
50,0.6,5,bot3,1,success,41,0,19.617
50,0.6,5,bot4,1,success,41,0,51.533
50,0.6,6,bot1,0,caught,1,0,0.712
50,0.6,6,bot2,0,caught,1,0,0.643
50,0.6,6,bot3,0,caught,1,0,0.655
50,0.6,6,bot4,0,caught,1,0,1.463
50,0.6,7,bot1,1,success,43,0,0.594
50,0.6,7,bot2,1,success,43,0,14.242
50,0.6,7,bot3,1,success,43,0,16.6
50,0.6,7,bot4,1,success,43,0,57.572
50,0.6,8,bot1,0,button_burned,23,0,0.844
50,0.6,8,bot2,0,trapped,22,0,17.179
50,0.6,8,bot3,0,trapped,22,0,20.862
50,0.6,8,bot4,0,trapped,22,0,40.225
50,0.6,9,bot1,1,success,6,0,0.132
50,0.6,9,bot2,1,success,6,0,0.668
50,0.6,9,bot3,1,success,6,0,0.687
50,0.6,9,bot4,1,success,6,0,7.924
50,0.6,10,bot1,0,button_burned,33,0,0.378
50,0.6,10,bot2,0,button_burned,33,0,7.852
50,0.6,10,bot3,0,button_burned,33,0,10.042
50,0.6,10,bot4,0,button_burned,33,0,44.135
50,0.6,11,bot1,1,success,40,0,0.781
50,0.6,11,bot2,1,success,40,0,13.848
50,0.6,11,bot3,1,success,40,0,16.813
50,0.6,11,bot4,1,success,40,0,52.43
50,0.6,12,bot1,1,success,40,0,0.513
50,0.6,12,bot2,1,success,40,0,10.48
50,0.6,12,bot3,1,success,40,0,11.712
50,0.6,12,bot4,1,success,40,0,51.149
50,0.6,13,bot1,0,button_burned,15,0,0.804
50,0.6,13,bot2,0,button_burned,15,0,13.411
50,0.6,13,bot3,0,button_burned,15,0,17.926
50,0.6,13,bot4,0,button_burned,15,0,40.123
50,0.6,14,bot1,0,caught,30,0,0.448
50,0.6,14,bot2,0,caught,30,0,9.174
50,0.6,14,bot3,0,caught,30,0,11.062
50,0.6,14,bot4,0,caught,30,0,42.004
50,0.6,15,bot1,0,entered_fire,27,5,0.861
50,0.6,15,bot2,0,caught,32,0,27.702
50,0.6,15,bot3,0,trapped,47,2,44.607
50,0.6,15,bot4,0,trapped,47,2,82.482
50,0.6,16,bot1,0,button_burned,15,0,0.807
50,0.6,16,bot2,0,button_burned,15,0,10.841
50,0.6,16,bot3,0,button_burned,15,0,15.722
50,0.6,16,bot4,0,button_burned,15,0,41.782
50,0.6,17,bot1,1,success,43,0,1.488
50,0.6,17,bot2,1,success,43,0,15.226
50,0.6,17,bot3,1,success,43,0,20.244
50,0.6,17,bot4,1,success,43,0,55.737
50,0.6,18,bot1,1,success,15,0,0.253
50,0.6,18,bot2,1,success,15,0,2.033
50,0.6,18,bot3,1,success,15,0,2.3
50,0.6,18,bot4,1,success,15,0,19.389
50,0.6,19,bot1,1,success,49,0,0.643
50,0.6,19,bot2,1,success,49,0,16.038
50,0.6,19,bot3,1,success,49,0,20.627
50,0.6,19,bot4,1,success,49,0,63.238
50,0.6,20,bot1,0,entered_fire,27,1,0.896
50,0.6,20,bot2,0,caught,27,0,20.897
50,0.6,20,bot3,0,trapped,50,7,40.995
50,0.6,20,bot4,0,trapped,61,9,98.245
50,0.6,21,bot1,1,success,39,0,0.526
50,0.6,21,bot2,1,success,39,0,9.419
50,0.6,21,bot3,1,success,39,0,11.714
50,0.6,21,bot4,1,success,39,0,49.157
50,0.6,22,bot1,1,success,18,0,0.353
50,0.6,22,bot2,1,success,18,0,2.761
50,0.6,22,bot3,1,success,18,0,2.911
50,0.6,22,bot4,1,success,18,0,23.013
50,0.6,23,bot1,0,button_burned,18,2,1.204
50,0.6,23,bot2,0,button_burned,18,0,17.09
50,0.6,23,bot3,0,button_burned,18,0,19.166
50,0.6,23,bot4,0,button_burned,18,0,35.819
50,0.6,24,bot1,0,entered_fire,20,3,0.453
50,0.6,24,bot2,0,caught,22,0,8.843
50,0.6,24,bot3,0,trapped,32,3,19.253
50,0.6,24,bot4,0,button_burned,40,0,49.743
50,0.6,25,bot1,1,success,10,0,0.142
50,0.6,25,bot2,1,success,10,0,1.366
50,0.6,25,bot3,1,success,10,0,1.342
50,0.6,25,bot4,1,success,10,0,13.798
50,0.6,26,bot1,1,success,75,0,1.007
50,0.6,26,bot2,1,success,75,0,33.26
50,0.6,26,bot3,1,success,75,0,44.585
50,0.6,26,bot4,1,success,75,0,100.967
50,0.6,27,bot1,0,caught,13,2,0.915
50,0.6,27,bot2,0,trapped,52,0,37.681
50,0.6,27,bot3,0,trapped,52,2,50.437
50,0.6,27,bot4,0,trapped,58,3,127.453
50,0.6,28,bot1,0,entered_fire,15,7,0.436
50,0.6,28,bot2,0,button_burned,29,0,18.869
50,0.6,28,bot3,0,button_burned,29,1,23.819
50,0.6,28,bot4,0,button_burned,29,4,44.617
50,0.6,29,bot1,1,success,18,0,0.239
50,0.6,29,bot2,1,success,18,0,2.496
50,0.6,29,bot3,1,success,18,0,2.625
50,0.6,29,bot4,1,success,18,0,21.349
50,0.6,30,bot1,0,button_burned,15,0,0.263
50,0.6,30,bot2,0,button_burned,15,0,3.612
50,0.6,30,bot3,0,button_burned,15,0,6.285
50,0.6,30,bot4,0,button_burned,15,1,21.678
50,0.6,31,bot1,1,success,41,0,0.552
50,0.6,31,bot2,1,success,41,0,12.931
50,0.6,31,bot3,1,success,41,0,16.048
50,0.6,31,bot4,1,success,41,0,55.659
50,0.6,32,bot1,1,success,40,0,0.679
50,0.6,32,bot2,1,success,40,0,13.005
50,0.6,32,bot3,1,success,40,0,15.051
50,0.6,32,bot4,1,success,40,0,50.943
50,0.6,33,bot1,1,success,14,0,0.175
50,0.6,33,bot2,1,success,14,0,1.792
50,0.6,33,bot3,1,success,14,0,2.059
50,0.6,33,bot4,1,success,14,0,16.99
50,0.6,34,bot1,1,success,6,0,0.126
50,0.6,34,bot2,1,success,6,0,0.642
50,0.6,34,bot3,1,success,6,0,0.676
50,0.6,34,bot4,1,success,6,0,7.151
50,0.6,35,bot1,1,success,43,0,0.697
50,0.6,35,bot2,1,success,43,0,13.8
50,0.6,35,bot3,1,success,43,0,18.556
50,0.6,35,bot4,1,success,43,0,56.277
50,0.6,36,bot1,0,caught,47,0,0.79
50,0.6,36,bot2,0,trapped,39,0,18.655
50,0.6,36,bot3,0,trapped,39,0,21.652
50,0.6,36,bot4,0,trapped,39,0,57.315
50,0.6,37,bot1,1,success,25,0,0.329
50,0.6,37,bot2,1,success,25,0,4.028
50,0.6,37,bot3,1,success,25,0,4.692
50,0.6,37,bot4,1,success,25,0,29.608
50,0.6,38,bot1,1,success,12,0,0.153
50,0.6,38,bot2,1,success,12,0,1.57
50,0.6,38,bot3,1,success,12,0,1.543
50,0.6,38,bot4,1,success,12,0,19.655
50,0.6,39,bot1,1,success,21,0,0.239
50,0.6,39,bot2,1,success,21,0,2.923
50,0.6,39,bot3,1,success,21,0,3.711
50,0.6,39,bot4,1,success,21,0,38.461
50,0.6,40,bot1,1,success,19,0,0.316
50,0.6,40,bot2,1,success,19,0,2.813
50,0.6,40,bot3,1,success,19,0,3.16
50,0.6,40,bot4,1,success,19,0,23.928
50,0.6,41,bot1,0,button_burned,7,0,0.826
50,0.6,41,bot2,0,button_burned,7,0,6.106
50,0.6,41,bot3,0,button_burned,7,0,7.59
50,0.6,41,bot4,0,button_burned,7,0,17.397
50,0.6,42,bot1,1,success,21,0,0.224
50,0.6,42,bot2,1,success,21,0,3.263
50,0.6,42,bot3,1,success,21,0,3.73
50,0.6,42,bot4,1,success,21,0,24.889
50,0.6,43,bot1,0,button_burned,35,0,0.335
50,0.6,43,bot2,0,button_burned,35,0,8.457
50,0.6,43,bot3,0,button_burned,35,0,12.386
50,0.6,43,bot4,0,button_burned,35,0,44.776
50,0.6,44,bot1,1,success,14,0,0.164
50,0.6,44,bot2,1,success,14,0,1.892
50,0.6,44,bot3,1,success,14,0,2.175
50,0.6,44,bot4,1,success,14,0,17.42
50,0.6,45,bot1,1,success,15,0,0.18
50,0.6,45,bot2,1,success,15,0,1.965
50,0.6,45,bot3,1,success,15,0,2.059
50,0.6,45,bot4,1,success,15,0,17.889
50,0.6,46,bot1,1,success,76,0,0.934
50,0.6,46,bot2,1,success,76,0,41.833
50,0.6,46,bot3,1,success,76,0,57.048
50,0.6,46,bot4,1,success,76,0,110.28
50,0.6,47,bot1,1,success,41,0,0.67
50,0.6,47,bot2,1,success,41,0,13.716
50,0.6,47,bot3,1,success,41,0,16.164
50,0.6,47,bot4,1,success,41,0,54.724
50,0.6,48,bot1,1,success,22,0,0.348
50,0.6,48,bot2,1,success,22,0,4.125
50,0.6,48,bot3,1,success,22,0,4.242
50,0.6,48,bot4,1,success,22,0,27.841
50,0.6,49,bot1,0,button_burned,35,0,0.442
50,0.6,49,bot2,0,trapped,34,0,11.149
50,0.6,49,bot3,0,trapped,34,0,17.41
50,0.6,49,bot4,0,trapped,34,0,49.019
50,0.6,50,bot1,1,success,27,0,0.428
50,0.6,50,bot2,1,success,27,0,5.633
50,0.6,50,bot3,1,success,27,0,6.197
50,0.6,50,bot4,1,success,27,0,35.056
50,0.6,51,bot1,1,success,12,0,0.148
50,0.6,51,bot2,1,success,12,0,1.391
50,0.6,51,bot3,1,success,12,0,1.571
50,0.6,51,bot4,1,success,12,0,14.264
50,0.6,52,bot1,1,success,11,0,0.172
50,0.6,52,bot2,1,success,11,0,1.28
50,0.6,52,bot3,1,success,11,0,1.515
50,0.6,52,bot4,1,success,11,0,14.029
50,0.6,53,bot1,0,entered_fire,10,1,0.83
50,0.6,53,bot2,0,caught,20,0,14.368
50,0.6,53,bot3,0,trapped,27,3,20.931
50,0.6,53,bot4,0,caught,20,0,40.983
50,0.6,54,bot1,1,success,40,0,0.558
50,0.6,54,bot2,1,success,40,0,17.949
50,0.6,54,bot3,1,success,40,0,14.869
50,0.6,54,bot4,1,success,40,0,59.441
50,0.6,55,bot1,1,success,61,0,0.912
50,0.6,55,bot2,1,success,61,0,37.204
50,0.6,55,bot3,1,success,61,0,45.613
50,0.6,55,bot4,1,success,61,0,88.758
50,0.6,56,bot1,1,success,52,0,0.681
50,0.6,56,bot2,1,success,52,0,20.755
50,0.6,56,bot3,1,success,52,0,28.258
50,0.6,56,bot4,1,success,52,0,68.19
50,0.6,57,bot1,0,button_burned,24,0,0.461
50,0.6,57,bot2,0,button_burned,24,0,4.648
50,0.6,57,bot3,0,button_burned,24,0,9.745
50,0.6,57,bot4,0,button_burned,24,0,32.961
50,0.6,58,bot1,1,success,25,0,0.266
50,0.6,58,bot2,1,success,25,0,4.769
50,0.6,58,bot3,1,success,25,0,5.935
50,0.6,58,bot4,1,success,25,0,30.581
50,0.6,59,bot1,1,success,31,0,0.385
50,0.6,59,bot2,1,success,31,0,8.897
50,0.6,59,bot3,1,success,31,0,15.901
50,0.6,59,bot4,1,success,31,0,59.029
50,0.6,60,bot1,1,success,12,0,0.174
50,0.6,60,bot2,1,success,12,0,1.592
50,0.6,60,bot3,1,success,12,0,1.725
50,0.6,60,bot4,1,success,12,0,14.314
50,0.6,61,bot1,1,success,36,0,0.549
50,0.6,61,bot2,1,success,36,0,10.479
50,0.6,61,bot3,1,success,36,0,12.661
50,0.6,61,bot4,1,success,36,0,55.672
50,0.6,62,bot1,1,success,19,0,0.335
50,0.6,62,bot2,1,success,19,0,3.092
50,0.6,62,bot3,1,success,19,0,3.526
50,0.6,62,bot4,1,success,19,0,24.868
50,0.6,63,bot1,1,success,26,0,0.405
50,0.6,63,bot2,1,success,26,0,5.401
50,0.6,63,bot3,1,success,26,0,6.201
50,0.6,63,bot4,1,success,26,0,35.451
50,0.6,64,bot1,1,success,19,0,0.211
50,0.6,64,bot2,1,success,19,0,2.778
50,0.6,64,bot3,1,success,19,0,3.03
50,0.6,64,bot4,1,success,19,0,24.827
50,0.6,65,bot1,1,success,36,0,0.577
50,0.6,65,bot2,1,success,36,0,7.521
50,0.6,65,bot3,1,success,36,0,8.908
50,0.6,65,bot4,1,success,36,0,44.908
50,0.6,66,bot1,0,button_burned,4,0,0.383
50,0.6,66,bot2,0,button_burned,4,0,1.325
50,0.6,66,bot3,0,button_burned,4,0,2.306
50,0.6,66,bot4,0,button_burned,4,0,6.185
50,0.6,67,bot1,0,caught,30,0,0.879
50,0.6,67,bot2,0,caught,30,0,14.014
50,0.6,67,bot3,0,caught,30,0,14.243
50,0.6,67,bot4,0,button_burned,30,0,45.076
50,0.6,68,bot1,1,success,41,0,0.902
50,0.6,68,bot2,1,success,41,0,15.148
50,0.6,68,bot3,1,success,41,0,21.761
50,0.6,68,bot4,1,success,41,0,55.335
50,0.6,69,bot1,1,success,40,0,0.414
50,0.6,69,bot2,1,success,40,0,11.294
50,0.6,69,bot3,1,success,40,0,11.766
50,0.6,69,bot4,1,success,40,0,84.041
50,0.6,70,bot1,0,caught,2,1,0.688
50,0.6,70,bot2,0,trapped,8,0,5.7
50,0.6,70,bot3,0,trapped,8,1,5.995
50,0.6,70,bot4,0,trapped,8,1,14.739
50,0.6,71,bot1,1,success,77,0,0.893
50,0.6,71,bot2,1,success,77,0,37.159
50,0.6,71,bot3,1,success,77,0,55.515
50,0.6,71,bot4,1,success,77,0,129.239
50,0.6,72,bot1,0,button_burned,21,0,0.924
50,0.6,72,bot2,0,button_burned,21,0,13.598
50,0.6,72,bot3,0,button_burned,21,0,18.492
50,0.6,72,bot4,0,button_burned,21,0,36.366
50,0.6,73,bot1,1,success,69,0,0.985
50,0.6,73,bot2,1,success,69,0,35.834
50,0.6,73,bot3,0,trapped,14,3,12.106
50,0.6,73,bot4,0,trapped,14,5,26.057
50,0.6,74,bot1,0,entered_fire,11,2,0.719
50,0.6,74,bot2,0,trapped,26,0,18.123
50,0.6,74,bot3,0,trapped,29,3,21.476
50,0.6,74,bot4,0,trapped,26,1,47.667
50,0.6,75,bot1,1,success,23,0,0.3
50,0.6,75,bot2,1,success,23,0,5.506
50,0.6,75,bot3,1,success,23,0,5.717
50,0.6,75,bot4,1,success,23,0,35.454
50,0.6,76,bot1,1,success,28,0,0.472
50,0.6,76,bot2,1,success,28,0,6.42
50,0.6,76,bot3,1,success,28,0,8.169
50,0.6,76,bot4,1,success,28,0,50.112
50,0.6,77,bot1,1,success,52,0,1.297
50,0.6,77,bot2,1,success,52,0,37.66
50,0.6,77,bot3,1,success,52,0,30.153
50,0.6,77,bot4,1,success,52,0,78.03
50,0.6,78,bot1,1,success,55,0,0.854
50,0.6,78,bot2,1,success,55,0,28.102
50,0.6,78,bot3,1,success,55,0,32.867
50,0.6,78,bot4,1,success,55,0,86.04
50,0.6,79,bot1,0,entered_fire,33,4,0.863
50,0.6,79,bot2,0,trapped,41,0,31.913
50,0.6,79,bot3,0,trapped,41,1,33.334
50,0.6,79,bot4,0,trapped,70,4,103.699
50,0.6,80,bot1,1,success,52,0,0.699
50,0.6,80,bot2,1,success,52,0,18.644
50,0.6,80,bot3,1,success,52,0,25.816
50,0.6,80,bot4,1,success,52,0,70.859
50,0.6,81,bot1,1,success,53,0,0.927
50,0.6,81,bot2,1,success,53,0,24.935
50,0.6,81,bot3,1,success,53,0,28.579
50,0.6,81,bot4,1,success,53,0,75.23
50,0.6,82,bot1,0,button_burned,20,0,1.089
50,0.6,82,bot2,0,trapped,11,0,11.15
50,0.6,82,bot3,0,trapped,11,0,13.153
50,0.6,82,bot4,0,trapped,11,0,23.381
50,0.6,83,bot1,0,button_burned,6,0,0.856
50,0.6,83,bot2,0,button_burned,6,0,5.913
50,0.6,83,bot3,0,button_burned,6,0,10.449
50,0.6,83,bot4,0,button_burned,6,0,15.093
50,0.6,84,bot1,1,success,47,0,0.548
50,0.6,84,bot2,1,success,47,0,15.255
50,0.6,84,bot3,1,success,47,0,19.372
50,0.6,84,bot4,1,success,47,0,62.74
50,0.6,85,bot1,0,entered_fire,18,3,0.745
50,0.6,85,bot2,0,button_burned,28,0,19.672
50,0.6,85,bot3,0,button_burned,28,0,31.031
50,0.6,85,bot4,0,button_burned,28,5,61.356
50,0.6,86,bot1,1,success,14,0,0.191
50,0.6,86,bot2,1,success,14,0,2.049
50,0.6,86,bot3,1,success,14,0,2.238
50,0.6,86,bot4,1,success,14,0,18.307
50,0.6,87,bot1,0,button_burned,10,0,0.879
50,0.6,87,bot2,0,trapped,8,0,7.577
50,0.6,87,bot3,0,trapped,8,0,8.772
50,0.6,87,bot4,0,trapped,8,0,18.872
50,0.6,88,bot1,1,success,53,0,0.687
50,0.6,88,bot2,1,success,53,0,20.89
50,0.6,88,bot3,1,success,53,0,26.42
50,0.6,88,bot4,1,success,53,0,70.172
50,0.6,89,bot1,1,success,15,0,0.183
50,0.6,89,bot2,1,success,15,0,1.89
50,0.6,89,bot3,1,success,15,0,1.944
50,0.6,89,bot4,1,success,15,0,18.667
50,0.6,90,bot1,1,success,26,0,0.328
50,0.6,90,bot2,1,success,26,0,4.832
50,0.6,90,bot3,1,success,26,0,5.765
50,0.6,90,bot4,1,success,26,0,32.145
50,0.6,91,bot1,1,success,6,0,0.116
50,0.6,91,bot2,1,success,6,0,0.685
50,0.6,91,bot3,1,success,6,0,0.724
50,0.6,91,bot4,1,success,6,0,7.89
50,0.6,92,bot1,0,entered_fire,45,0,0.734
50,0.6,92,bot2,0,trapped,40,0,22.652
50,0.6,92,bot3,0,trapped,40,0,24.637
50,0.6,92,bot4,0,trapped,40,0,66.016
50,0.6,93,bot1,1,success,5,0,0.112
50,0.6,93,bot2,1,success,5,0,0.512
50,0.6,93,bot3,1,success,5,0,0.509
50,0.6,93,bot4,1,success,5,0,6.642
50,0.6,94,bot1,0,button_burned,38,0,0.669
50,0.6,94,bot2,0,trapped,37,0,19.452
50,0.6,94,bot3,0,trapped,37,0,22.443
50,0.6,94,bot4,0,trapped,37,0,55.867
50,0.6,95,bot1,1,success,55,0,0.76
50,0.6,95,bot2,1,success,55,0,23.683
50,0.6,95,bot3,1,success,55,0,27.963
50,0.6,95,bot4,1,success,55,0,73.477
50,0.6,96,bot1,1,success,35,0,0.479
50,0.6,96,bot2,1,success,35,0,15.873
50,0.6,96,bot3,1,success,35,0,12.53
50,0.6,96,bot4,1,success,35,0,46.403
50,0.6,97,bot1,1,success,43,0,1.253
50,0.6,97,bot2,1,success,43,0,15.409
50,0.6,97,bot3,1,success,43,0,18.102
50,0.6,97,bot4,1,success,43,0,53.655
50,0.6,98,bot1,1,success,31,0,0.412
50,0.6,98,bot2,1,success,31,0,6.418
50,0.6,98,bot3,1,success,31,0,7.629
50,0.6,98,bot4,1,success,31,0,40.187
50,0.6,99,bot1,1,success,49,0,1.007
50,0.6,99,bot2,1,success,49,0,20.359
50,0.6,99,bot3,1,success,49,0,27.662
50,0.6,99,bot4,1,success,49,0,78.385
50,0.6,100,bot1,1,success,36,0,0.345
50,0.6,100,bot2,1,success,36,0,7.875
50,0.6,100,bot3,1,success,36,0,12.332
50,0.6,100,bot4,1,success,36,0,66.668
50,0.6,101,bot1,1,success,54,0,0.723
50,0.6,101,bot2,1,success,54,0,24.245
50,0.6,101,bot3,1,success,54,0,26.758
50,0.6,101,bot4,1,success,54,0,67.804
50,0.6,102,bot1,1,success,25,0,0.322
50,0.6,102,bot2,1,success,25,0,4.321
50,0.6,102,bot3,1,success,25,0,5.256
50,0.6,102,bot4,1,success,25,0,30.706
50,0.6,103,bot1,1,success,32,0,0.337
50,0.6,103,bot2,1,success,32,0,6.055
50,0.6,103,bot3,1,success,32,0,7.615
50,0.6,103,bot4,1,success,32,0,39.064
50,0.6,104,bot1,1,success,44,0,0.559
50,0.6,104,bot2,1,success,44,0,14.616
50,0.6,104,bot3,1,success,44,0,17.521
50,0.6,104,bot4,1,success,44,0,56.875
50,0.6,105,bot1,1,success,35,0,0.424
50,0.6,105,bot2,1,success,35,0,8.113
50,0.6,105,bot3,1,success,35,0,10.074
50,0.6,105,bot4,1,success,35,0,50.657
50,0.6,106,bot1,0,entered_fire,12,1,0.274
50,0.6,106,bot2,0,caught,11,0,2.4
50,0.6,106,bot3,0,trapped,14,0,3.017
50,0.6,106,bot4,0,trapped,14,1,20.159
50,0.6,107,bot1,0,caught,34,1,0.762
50,0.6,107,bot2,0,trapped,37,0,15.225
50,0.6,107,bot3,0,caught,37,1,15.209
50,0.6,107,bot4,0,trapped,39,1,49.948
50,0.6,108,bot1,1,success,36,0,0.309
50,0.6,108,bot2,1,success,36,0,7.436
50,0.6,108,bot3,1,success,36,0,9.275
50,0.6,108,bot4,1,success,36,0,43.488
50,0.6,109,bot1,1,success,21,0,0.234
50,0.6,109,bot2,1,success,21,0,3.373
50,0.6,109,bot3,1,success,21,0,3.635
50,0.6,109,bot4,1,success,21,0,25.66
50,0.6,110,bot1,0,entered_fire,17,1,0.837
50,0.6,110,bot2,0,trapped,51,0,31.379
50,0.6,110,bot3,0,trapped,51,1,42.483
50,0.6,110,bot4,0,trapped,51,3,83.306
50,0.6,111,bot1,1,success,28,0,0.271
50,0.6,111,bot2,1,success,28,0,5.536
50,0.6,111,bot3,1,success,28,0,6.459
50,0.6,111,bot4,1,success,28,0,36.766
50,0.6,112,bot1,1,success,75,0,0.918
50,0.6,112,bot2,1,success,75,0,36.537
50,0.6,112,bot3,1,success,75,0,52.393
50,0.6,112,bot4,1,success,75,0,101.708
50,0.6,113,bot1,1,success,52,0,0.581
50,0.6,113,bot2,1,success,52,0,19.842
50,0.6,113,bot3,1,success,52,0,24.774
50,0.6,113,bot4,1,success,52,0,72.517
50,0.6,114,bot1,1,success,9,0,0.157
50,0.6,114,bot2,1,success,9,0,1.088
50,0.6,114,bot3,1,success,9,0,1.1
50,0.6,114,bot4,1,success,9,0,11.439
50,0.6,115,bot1,0,button_burned,16,0,0.719
50,0.6,115,bot2,0,trapped,11,0,8.539
50,0.6,115,bot3,0,trapped,11,2,11.676
50,0.6,115,bot4,0,trapped,11,0,30.602
50,0.6,116,bot1,0,button_burned,19,1,0.374
50,0.6,116,bot2,0,button_burned,19,0,7.179
50,0.6,116,bot3,0,button_burned,19,1,8.939
50,0.6,116,bot4,0,button_burned,19,0,32.109
50,0.6,117,bot1,0,button_burned,43,0,0.632
50,0.6,117,bot2,0,button_burned,43,0,18.185
50,0.6,117,bot3,0,button_burned,43,0,20.611
50,0.6,117,bot4,0,button_burned,43,0,58.357
50,0.6,118,bot1,1,success,28,0,0.246
50,0.6,118,bot2,1,success,28,0,5.043
50,0.6,118,bot3,1,success,28,0,5.9
50,0.6,118,bot4,1,success,28,0,35.41
50,0.6,119,bot1,1,success,46,0,0.597
50,0.6,119,bot2,1,success,46,0,15.378
50,0.6,119,bot3,1,success,46,0,26.303
50,0.6,119,bot4,1,success,46,0,62.511
50,0.6,120,bot1,1,success,70,0,1.01
50,0.6,120,bot2,1,success,70,0,38.456
50,0.6,120,bot3,1,success,70,0,48.927
50,0.6,120,bot4,1,success,70,0,96.426
50,0.6,121,bot1,1,success,38,0,0.499
50,0.6,121,bot2,1,success,38,0,11.352
50,0.6,121,bot3,1,success,38,0,12.998
50,0.6,121,bot4,1,success,38,0,48.315
50,0.6,122,bot1,1,success,29,0,0.513
50,0.6,122,bot2,1,success,29,0,6.907
50,0.6,122,bot3,1,success,29,0,8.501
50,0.6,122,bot4,1,success,29,0,40.485
50,0.6,123,bot1,0,caught,70,0,0.967
50,0.6,123,bot2,0,caught,70,0,46.997
50,0.6,123,bot3,0,caught,70,0,56.508
50,0.6,123,bot4,0,trapped,70,7,105.723
50,0.6,124,bot1,1,success,32,0,0.452
50,0.6,124,bot2,1,success,32,0,8.339
50,0.6,124,bot3,1,success,32,0,9.649
50,0.6,124,bot4,1,success,32,0,63.147
50,0.6,125,bot1,0,entered_fire,10,2,0.33
50,0.6,125,bot2,0,button_burned,35,0,12.649
50,0.6,125,bot3,0,button_burned,35,2,16.177
50,0.6,125,bot4,0,button_burned,35,3,56.126
50,0.6,126,bot1,0,button_burned,15,2,0.675
50,0.6,126,bot2,0,trapped,12,0,8.505
50,0.6,126,bot3,0,trapped,12,0,10.928
50,0.6,126,bot4,0,trapped,12,0,26.108
50,0.6,127,bot1,0,entered_fire,29,2,0.87
50,0.6,127,bot2,0,trapped,28,0,25.105
50,0.6,127,bot3,0,trapped,28,0,26.823
50,0.6,127,bot4,0,trapped,28,0,63.704
50,0.6,128,bot1,0,caught,21,1,0.382
50,0.6,128,bot2,0,button_burned,42,0,13.477
50,0.6,128,bot3,0,button_burned,42,2,15.486
50,0.6,128,bot4,0,button_burned,42,4,68.246
50,0.6,129,bot1,1,success,24,0,0.457
50,0.6,129,bot2,1,success,24,0,6.089
50,0.6,129,bot3,1,success,24,0,6.19
50,0.6,129,bot4,1,success,24,0,30.925
50,0.6,130,bot1,1,success,27,0,0.412
50,0.6,130,bot2,1,success,27,0,6.051
50,0.6,130,bot3,1,success,27,0,6.86
50,0.6,130,bot4,1,success,27,0,41.29
50,0.6,131,bot1,0,entered_fire,5,2,1.069
50,0.6,131,bot2,0,trapped,42,0,16.539
50,0.6,131,bot3,0,trapped,42,2,21.957
50,0.6,131,bot4,1,success,46,1,63.539
50,0.6,132,bot1,1,success,30,0,0.444
50,0.6,132,bot2,1,success,30,0,7.587
50,0.6,132,bot3,1,success,30,0,9.435
50,0.6,132,bot4,1,success,30,0,43.087
50,0.6,133,bot1,1,success,16,0,0.563
50,0.6,133,bot2,1,success,16,0,2.774
50,0.6,133,bot3,1,success,16,0,2.604
50,0.6,133,bot4,1,success,16,0,25.025
50,0.6,134,bot1,1,success,18,0,0.266
50,0.6,134,bot2,1,success,18,0,3.491
50,0.6,134,bot3,1,success,18,0,3.592
50,0.6,134,bot4,1,success,18,0,24.212
50,0.6,135,bot1,1,success,41,0,1.366
50,0.6,135,bot2,1,success,41,0,18.487
50,0.6,135,bot3,1,success,41,0,17.115
50,0.6,135,bot4,1,success,41,0,54.861
50,0.6,136,bot1,1,success,41,0,0.369
50,0.6,136,bot2,1,success,41,0,10.558
50,0.6,136,bot3,1,success,41,0,12.233
50,0.6,136,bot4,1,success,41,0,73.521
50,0.6,137,bot1,1,success,65,0,1.041
50,0.6,137,bot2,1,success,65,0,38.879
50,0.6,137,bot3,1,success,65,0,44.867
50,0.6,137,bot4,1,success,65,0,88.112
50,0.6,138,bot1,1,success,25,0,0.35
50,0.6,138,bot2,1,success,25,0,5.063
50,0.6,138,bot3,1,success,25,0,5.625
50,0.6,138,bot4,1,success,25,0,31.77
50,0.6,139,bot1,1,success,32,0,0.449
50,0.6,139,bot2,1,success,32,0,7.673
50,0.6,139,bot3,1,success,32,0,7.903
50,0.6,139,bot4,1,success,32,0,40.001
50,0.6,140,bot1,1,success,9,0,0.145
50,0.6,140,bot2,1,success,9,0,0.965
50,0.6,140,bot3,1,success,9,0,1.071
50,0.6,140,bot4,1,success,9,0,11.22
50,0.6,141,bot1,1,success,64,0,0.785
50,0.6,141,bot2,1,success,64,0,33.969
50,0.6,141,bot3,1,success,64,0,38.102
50,0.6,141,bot4,1,success,64,0,88.426
50,0.6,142,bot1,1,success,22,0,0.238
50,0.6,142,bot2,1,success,22,0,3.658
50,0.6,142,bot3,1,success,22,0,4.282
50,0.6,142,bot4,1,success,22,0,28.055
50,0.6,143,bot1,1,success,70,0,0.864
50,0.6,143,bot2,1,success,70,0,38.936
50,0.6,143,bot3,1,success,70,0,50.26
50,0.6,143,bot4,1,success,70,0,101.452
50,0.6,144,bot1,1,success,27,0,0.444
50,0.6,144,bot2,1,success,27,0,6.118
50,0.6,144,bot3,1,success,27,0,7.459
50,0.6,144,bot4,1,success,27,0,34.443
50,0.6,145,bot1,1,success,34,0,0.503
50,0.6,145,bot2,1,success,34,0,7.439
50,0.6,145,bot3,1,success,34,0,9.307
50,0.6,145,bot4,1,success,38,2,59.429
50,0.6,146,bot1,1,success,14,0,0.186
50,0.6,146,bot2,1,success,14,0,1.927
50,0.6,146,bot3,1,success,14,0,2.136
50,0.6,146,bot4,1,success,14,0,17.829
50,0.6,147,bot1,1,success,35,0,0.589
50,0.6,147,bot2,1,success,35,0,11.085
50,0.6,147,bot3,1,success,35,0,12.298
50,0.6,147,bot4,1,success,35,0,48.001
50,0.6,148,bot1,1,success,28,0,0.357
50,0.6,148,bot2,1,success,28,0,5.347
50,0.6,148,bot3,1,success,28,0,5.921
50,0.6,148,bot4,1,success,28,0,42.703
50,0.6,149,bot1,0,caught,17,2,0.922
50,0.6,149,bot2,0,trapped,51,0,34.464
50,0.6,149,bot3,0,trapped,51,0,41.751
50,0.6,149,bot4,0,trapped,51,2,99.916
50,0.6,150,bot1,1,success,24,0,0.303
50,0.6,150,bot2,1,success,24,0,4.845
50,0.6,150,bot3,1,success,24,0,5.575
50,0.6,150,bot4,1,success,24,0,32.192
50,0.6,151,bot1,1,success,51,0,1.018
50,0.6,151,bot2,1,success,51,0,21.666
50,0.6,151,bot3,1,success,51,0,29.472
50,0.6,151,bot4,1,success,51,0,74.107
50,0.6,152,bot1,0,caught,10,0,0.728
50,0.6,152,bot2,0,caught,10,0,6.864
50,0.6,152,bot3,0,trapped,50,5,32.545
50,0.6,152,bot4,0,trapped,50,5,83.19
50,0.6,153,bot1,1,success,30,0,0.48
50,0.6,153,bot2,1,success,30,0,10.75
50,0.6,153,bot3,1,success,30,0,12.92
50,0.6,153,bot4,1,success,30,0,40.801
50,0.6,154,bot1,0,caught,33,4,0.698
50,0.6,154,bot2,0,trapped,47,0,22.483
50,0.6,154,bot3,0,trapped,47,2,27.671
50,0.6,154,bot4,0,trapped,47,4,66.092
50,0.6,155,bot1,1,success,13,0,0.186
50,0.6,155,bot2,1,success,13,0,1.703
50,0.6,155,bot3,1,success,13,0,1.705
50,0.6,155,bot4,1,success,13,0,15.562
50,0.6,156,bot1,1,success,49,0,0.573
50,0.6,156,bot2,1,success,49,0,16.458
50,0.6,156,bot3,1,success,49,0,20.588
50,0.6,156,bot4,1,success,49,0,62.37
50,0.6,157,bot1,1,success,26,0,0.335
50,0.6,157,bot2,1,success,26,0,4.781
50,0.6,157,bot3,1,success,26,0,6.172
50,0.6,157,bot4,1,success,26,0,31.415
50,0.6,158,bot1,0,entered_fire,34,3,0.637
50,0.6,158,bot2,0,trapped,39,0,18.428
50,0.6,158,bot3,0,trapped,39,2,21.853
50,0.6,158,bot4,0,trapped,39,2,56.119
50,0.6,159,bot1,1,success,28,0,0.392
50,0.6,159,bot2,1,success,28,0,5.88
50,0.6,159,bot3,1,success,28,0,7.041
50,0.6,159,bot4,1,success,28,0,36.798
50,0.6,160,bot1,1,success,23,0,0.324
50,0.6,160,bot2,1,success,23,0,3.817
50,0.6,160,bot3,1,success,23,0,4.328
50,0.6,160,bot4,1,success,23,0,27.477
50,0.6,161,bot1,0,entered_fire,25,5,0.711
50,0.6,161,bot2,0,trapped,39,0,21.637
50,0.6,161,bot3,0,trapped,39,0,26.15
50,0.6,161,bot4,0,trapped,39,1,63.768
50,0.6,162,bot1,1,success,51,0,0.876
50,0.6,162,bot2,1,success,51,0,22.2
50,0.6,162,bot3,1,success,51,0,27.886
50,0.6,162,bot4,1,success,51,0,69.302
50,0.6,163,bot1,1,success,28,0,0.391
50,0.6,163,bot2,1,success,28,0,5.22
50,0.6,163,bot3,1,success,28,0,6.312
50,0.6,163,bot4,1,success,28,0,36.517
50,0.6,164,bot1,1,success,15,0,0.49
50,0.6,164,bot2,1,success,15,0,2.32
50,0.6,164,bot3,1,success,15,0,2.527
50,0.6,164,bot4,1,success,15,0,20.936
50,0.6,165,bot1,0,entered_fire,22,5,0.871
50,0.6,165,bot2,0,trapped,29,0,20.973
50,0.6,165,bot3,0,trapped,29,0,24.176
50,0.6,165,bot4,0,trapped,29,0,45.627
50,0.6,166,bot1,0,button_burned,24,0,0.856
50,0.6,166,bot2,0,trapped,15,0,13.416
50,0.6,166,bot3,0,trapped,15,0,16.072
50,0.6,166,bot4,0,trapped,15,0,43.657
50,0.6,167,bot1,1,success,36,0,0.356
50,0.6,167,bot2,1,success,36,0,8.784
50,0.6,167,bot3,1,success,36,0,9.663
50,0.6,167,bot4,1,success,36,0,48.927
50,0.6,168,bot1,1,success,32,0,0.429
50,0.6,168,bot2,1,success,32,0,7.737
50,0.6,168,bot3,1,success,32,0,8.835
50,0.6,168,bot4,1,success,32,0,41.533
50,0.6,169,bot1,1,success,43,0,0.619
50,0.6,169,bot2,1,success,43,0,14.859
50,0.6,169,bot3,1,success,43,0,14.999
50,0.6,169,bot4,1,success,43,0,57.344
50,0.6,170,bot1,1,success,43,0,0.363
50,0.6,170,bot2,1,success,43,0,11.568
50,0.6,170,bot3,1,success,43,0,15.942
50,0.6,170,bot4,1,success,43,0,52.289
50,0.6,171,bot1,1,success,72,0,0.917
50,0.6,171,bot2,1,success,72,0,49.996
50,0.6,171,bot3,1,success,72,0,62.251
50,0.6,171,bot4,1,success,74,1,110.259
50,0.6,172,bot1,0,caught,30,0,0.529
50,0.6,172,bot2,0,caught,30,0,15.0
50,0.6,172,bot3,0,caught,30,0,18.869
50,0.6,172,bot4,0,button_burned,47,3,72.622
50,0.6,173,bot1,1,success,67,0,0.97
50,0.6,173,bot2,1,success,67,0,45.939
50,0.6,173,bot3,1,success,67,0,45.851
50,0.6,173,bot4,1,success,67,0,119.614
50,0.6,174,bot1,1,success,21,0,0.279
50,0.6,174,bot2,1,success,21,0,3.544
50,0.6,174,bot3,1,success,21,0,3.886
50,0.6,174,bot4,1,success,21,0,27.184
50,0.6,175,bot1,1,success,19,0,0.226
50,0.6,175,bot2,1,success,19,0,2.783
50,0.6,175,bot3,1,success,19,0,3.364
50,0.6,175,bot4,1,success,19,0,24.857
50,0.6,176,bot1,0,entered_fire,32,2,1.0
50,0.6,176,bot2,0,caught,39,0,28.235
50,0.6,176,bot3,0,trapped,41,2,41.663
50,0.6,176,bot4,0,trapped,56,3,142.154
50,0.6,177,bot1,1,success,40,0,0.538
50,0.6,177,bot2,1,success,40,0,14.719
50,0.6,177,bot3,1,success,40,0,18.686
50,0.6,177,bot4,1,success,40,0,55.147
50,0.6,178,bot1,1,success,39,0,0.563
50,0.6,178,bot2,1,success,39,0,12.09
50,0.6,178,bot3,1,success,39,0,14.807
50,0.6,178,bot4,1,success,39,0,56.331
50,0.6,179,bot1,1,success,61,0,1.038
50,0.6,179,bot2,1,success,61,0,22.609
50,0.6,179,bot3,1,success,61,0,31.318
50,0.6,179,bot4,1,success,61,0,83.512
50,0.6,180,bot1,0,button_burned,34,1,0.8
50,0.6,180,bot2,0,button_burned,34,0,15.006
50,0.6,180,bot3,0,button_burned,34,0,16.144
50,0.6,180,bot4,0,button_burned,34,1,46.603
50,0.6,181,bot1,1,success,29,0,0.249
50,0.6,181,bot2,1,success,29,0,5.328
50,0.6,181,bot3,1,success,29,0,6.546
50,0.6,181,bot4,1,success,29,0,47.446
50,0.6,182,bot1,1,success,54,0,0.495
50,0.6,182,bot2,1,success,54,0,19.157
50,0.6,182,bot3,1,success,54,0,27.634
50,0.6,182,bot4,1,success,54,0,83.038
50,0.6,183,bot1,1,success,37,0,0.433
50,0.6,183,bot2,1,success,37,0,8.922
50,0.6,183,bot3,1,success,37,0,11.565
50,0.6,183,bot4,1,success,37,0,67.826
50,0.6,184,bot1,1,success,67,0,0.931
50,0.6,184,bot2,1,success,67,0,46.12
50,0.6,184,bot3,1,success,67,0,43.037
50,0.6,184,bot4,1,success,67,0,92.477
50,0.6,185,bot1,1,success,75,0,0.929
50,0.6,185,bot2,1,success,75,0,39.214
50,0.6,185,bot3,1,success,75,0,49.195
50,0.6,185,bot4,1,success,75,0,113.913
50,0.6,186,bot1,1,success,64,0,0.866
50,0.6,186,bot2,1,success,64,0,29.44
50,0.6,186,bot3,1,success,64,0,52.045
50,0.6,186,bot4,1,success,64,0,88.023
50,0.6,187,bot1,1,success,21,0,0.27
50,0.6,187,bot2,1,success,21,0,3.859
50,0.6,187,bot3,1,success,21,0,5.316
50,0.6,187,bot4,1,success,21,0,41.487
50,0.6,188,bot1,1,success,27,0,0.297
50,0.6,188,bot2,1,success,27,0,4.436
50,0.6,188,bot3,1,success,27,0,4.758
50,0.6,188,bot4,1,success,27,0,37.991
50,0.6,189,bot1,1,success,37,0,0.508
50,0.6,189,bot2,1,success,37,0,10.593
50,0.6,189,bot3,1,success,37,0,13.525
50,0.6,189,bot4,1,success,37,0,46.499
50,0.6,190,bot1,1,success,29,0,0.374
50,0.6,190,bot2,1,success,29,0,6.48
50,0.6,190,bot3,1,success,29,0,7.602
50,0.6,190,bot4,1,success,29,0,52.95
50,0.6,191,bot1,0,entered_fire,23,0,0.61
50,0.6,191,bot2,0,trapped,14,0,9.057
50,0.6,191,bot3,0,trapped,14,0,9.999
50,0.6,191,bot4,0,trapped,14,0,25.907
50,0.6,192,bot1,1,success,24,0,0.207
50,0.6,192,bot2,1,success,24,0,4.138
50,0.6,192,bot3,1,success,24,0,5.042
50,0.6,192,bot4,1,success,24,0,31.892
50,0.6,193,bot1,1,success,21,0,0.209
50,0.6,193,bot2,1,success,21,0,3.045
50,0.6,193,bot3,1,success,21,0,3.732
50,0.6,193,bot4,1,success,21,0,26.48
50,0.6,194,bot1,1,success,50,0,0.809
50,0.6,194,bot2,1,success,50,0,20.391
50,0.6,194,bot3,1,success,50,0,23.04
50,0.6,194,bot4,1,success,50,0,67.621
50,0.6,195,bot1,1,success,36,0,0.596
50,0.6,195,bot2,1,success,36,0,11.249
50,0.6,195,bot3,1,success,36,0,13.091
50,0.6,195,bot4,1,success,36,0,46.948
50,0.6,196,bot1,1,success,36,0,0.723
50,0.6,196,bot2,1,success,36,0,9.253
50,0.6,196,bot3,1,success,36,0,9.946
50,0.6,196,bot4,1,success,38,1,49.595
50,0.6,197,bot1,1,success,67,0,1.039
50,0.6,197,bot2,1,success,67,0,32.437
50,0.6,197,bot3,1,success,67,0,47.933
50,0.6,197,bot4,1,success,67,0,94.06
50,0.6,198,bot1,0,button_burned,42,0,1.087
50,0.6,198,bot2,0,trapped,40,0,36.981
50,0.6,198,bot3,0,trapped,40,0,40.483
50,0.6,198,bot4,0,trapped,40,1,72.975
50,0.6,199,bot1,1,success,35,0,0.702
50,0.6,199,bot2,1,success,35,0,10.92
50,0.6,199,bot3,1,success,35,0,12.752
50,0.6,199,bot4,1,success,35,0,45.515
50,0.65,0,bot1,0,entered_fire,21,7,1.136
50,0.65,0,bot2,0,trapped,42,0,31.709
50,0.65,0,bot3,0,caught,37,2,31.412
50,0.65,0,bot4,0,trapped,42,1,71.406
50,0.65,1,bot1,1,success,37,0,0.512
50,0.65,1,bot2,1,success,37,0,9.557
50,0.65,1,bot3,1,success,37,0,11.279
50,0.65,1,bot4,1,success,37,0,46.109
50,0.65,2,bot1,0,entered_fire,6,5,0.514
50,0.65,2,bot2,0,trapped,21,0,7.548
50,0.65,2,bot3,0,trapped,21,1,7.618
50,0.65,2,bot4,0,trapped,21,1,33.678
50,0.65,3,bot1,1,success,43,0,0.62
50,0.65,3,bot2,1,success,43,0,15.385
50,0.65,3,bot3,1,success,43,0,17.087
50,0.65,3,bot4,1,success,43,0,56.132
50,0.65,4,bot1,0,caught,19,0,0.455
50,0.65,4,bot2,0,caught,19,0,5.791
50,0.65,4,bot3,0,button_burned,29,2,12.396
50,0.65,4,bot4,0,button_burned,29,2,38.622
50,0.65,5,bot1,1,success,41,0,0.726
50,0.65,5,bot2,1,success,41,0,13.847
50,0.65,5,bot3,1,success,41,0,16.882
50,0.65,5,bot4,1,success,41,0,53.49
50,0.65,6,bot1,0,caught,1,0,0.681
50,0.65,6,bot2,0,caught,1,0,0.664
50,0.65,6,bot3,0,caught,1,0,0.669
50,0.65,6,bot4,0,caught,1,0,1.733
50,0.65,7,bot1,1,success,43,0,0.586
50,0.65,7,bot2,1,success,43,0,14.724
50,0.65,7,bot3,1,success,43,0,17.135
50,0.65,7,bot4,1,success,43,0,56.794
50,0.65,8,bot1,0,button_burned,25,0,0.898
50,0.65,8,bot2,0,trapped,24,0,18.775
50,0.65,8,bot3,0,trapped,24,0,21.88
50,0.65,8,bot4,0,trapped,24,0,50.205
50,0.65,9,bot1,1,success,6,0,0.123
50,0.65,9,bot2,1,success,6,0,0.636
50,0.65,9,bot3,1,success,6,0,0.687
50,0.65,9,bot4,1,success,6,0,7.809
50,0.65,10,bot1,1,success,34,0,0.4
50,0.65,10,bot2,1,success,34,0,8.522
50,0.65,10,bot3,1,success,34,0,10.343
50,0.65,10,bot4,1,success,34,0,52.307
50,0.65,11,bot1,1,success,40,0,0.673
50,0.65,11,bot2,1,success,40,0,14.384
50,0.65,11,bot3,1,success,40,0,16.636
50,0.65,11,bot4,1,success,40,0,51.724
50,0.65,12,bot1,1,success,40,0,0.527
50,0.65,12,bot2,1,success,40,0,11.007
50,0.65,12,bot3,1,success,40,0,12.435
50,0.65,12,bot4,1,success,40,0,57.567
50,0.65,13,bot1,0,button_burned,12,0,0.847
50,0.65,13,bot2,0,button_burned,12,0,10.823
50,0.65,13,bot3,0,button_burned,12,0,13.863
50,0.65,13,bot4,0,button_burned,12,0,34.001
50,0.65,14,bot1,0,caught,29,0,0.429
50,0.65,14,bot2,0,trapped,25,0,8.36
50,0.65,14,bot3,0,trapped,25,0,10.162
50,0.65,14,bot4,0,trapped,25,0,35.368
50,0.65,15,bot1,0,entered_fire,24,3,0.89
50,0.65,15,bot2,0,trapped,33,0,27.198
50,0.65,15,bot3,0,trapped,36,1,31.925
50,0.65,15,bot4,0,trapped,36,0,65.123
50,0.65,16,bot1,0,button_burned,15,0,0.838
50,0.65,16,bot2,0,button_burned,15,0,11.354
50,0.65,16,bot3,0,button_burned,15,0,15.897
50,0.65,16,bot4,0,button_burned,15,0,35.966
50,0.65,17,bot1,1,success,43,0,0.902
50,0.65,17,bot2,1,success,43,0,16.681
50,0.65,17,bot3,1,success,43,0,31.023
50,0.65,17,bot4,1,success,43,0,55.977
50,0.65,18,bot1,1,success,15,0,0.246
50,0.65,18,bot2,1,success,15,0,2.128
50,0.65,18,bot3,1,success,15,0,2.276
50,0.65,18,bot4,1,success,15,0,19.083
50,0.65,19,bot1,0,button_burned,44,0,0.946
50,0.65,19,bot2,0,button_burned,44,0,16.531
50,0.65,19,bot3,0,button_burned,44,0,33.857
50,0.65,19,bot4,0,button_burned,44,0,74.755
50,0.65,20,bot1,0,entered_fire,24,2,0.9
50,0.65,20,bot2,0,trapped,47,0,32.909
50,0.65,20,bot3,0,trapped,47,2,36.814
50,0.65,20,bot4,0,trapped,56,8,114.6
50,0.65,21,bot1,1,success,39,0,0.579
50,0.65,21,bot2,1,success,39,0,9.961
50,0.65,21,bot3,1,success,39,0,13.627
50,0.65,21,bot4,1,success,39,0,51.686
50,0.65,22,bot1,1,success,18,0,0.278
50,0.65,22,bot2,1,success,18,0,2.999
50,0.65,22,bot3,1,success,18,0,3.335
50,0.65,22,bot4,1,success,18,0,27.476
50,0.65,23,bot1,0,button_burned,11,0,0.954
50,0.65,23,bot2,0,button_burned,11,0,10.487
50,0.65,23,bot3,0,button_burned,11,0,11.358
50,0.65,23,bot4,0,button_burned,11,0,28.547
50,0.65,24,bot1,0,entered_fire,21,2,0.542
50,0.65,24,bot2,0,trapped,20,0,13.787
50,0.65,24,bot3,0,caught,20,2,10.838
50,0.65,24,bot4,0,caught,23,0,32.9
50,0.65,25,bot1,1,success,10,0,0.141
50,0.65,25,bot2,1,success,10,0,1.258
50,0.65,25,bot3,1,success,10,0,1.261
50,0.65,25,bot4,1,success,10,0,12.525
50,0.65,26,bot1,0,entered_fire,20,1,0.878
50,0.65,26,bot2,0,trapped,20,0,13.354
50,0.65,26,bot3,0,trapped,36,1,26.597
50,0.65,26,bot4,0,trapped,20,0,34.704
50,0.65,27,bot1,0,caught,12,1,0.996
50,0.65,27,bot2,0,caught,31,0,26.97
50,0.65,27,bot3,0,caught,45,3,40.523
50,0.65,27,bot4,0,trapped,37,7,109.701
50,0.65,28,bot1,0,caught,13,7,0.95
50,0.65,28,bot2,0,button_burned,29,0,24.114
50,0.65,28,bot3,0,button_burned,29,2,29.757
50,0.65,28,bot4,0,button_burned,29,3,54.895
50,0.65,29,bot1,1,success,18,0,0.241
50,0.65,29,bot2,1,success,18,0,2.598
50,0.65,29,bot3,1,success,18,0,2.763
50,0.65,29,bot4,1,success,18,0,23.201
50,0.65,30,bot1,0,button_burned,11,0,0.262
50,0.65,30,bot2,0,button_burned,11,0,2.578
50,0.65,30,bot3,0,button_burned,11,0,3.857
50,0.65,30,bot4,0,button_burned,11,0,15.337
50,0.65,31,bot1,1,success,41,0,0.874
50,0.65,31,bot2,1,success,41,0,14.772
50,0.65,31,bot3,1,success,41,0,15.371
50,0.65,31,bot4,1,success,41,0,65.752
50,0.65,32,bot1,1,success,40,0,0.693
50,0.65,32,bot2,1,success,40,0,14.188
50,0.65,32,bot3,1,success,40,0,16.085
50,0.65,32,bot4,1,success,40,0,54.065
50,0.65,33,bot1,1,success,14,0,0.183
50,0.65,33,bot2,1,success,14,0,1.794
50,0.65,33,bot3,1,success,14,0,2.103
50,0.65,33,bot4,1,success,14,0,22.296
50,0.65,34,bot1,1,success,6,0,0.139
50,0.65,34,bot2,1,success,6,0,0.696
50,0.65,34,bot3,1,success,6,0,0.778
50,0.65,34,bot4,1,success,6,0,7.763
50,0.65,35,bot1,1,success,43,0,0.688
50,0.65,35,bot2,1,success,43,0,15.824
50,0.65,35,bot3,1,success,43,0,18.838
50,0.65,35,bot4,1,success,43,0,60.884
50,0.65,36,bot1,0,button_burned,49,0,0.704
50,0.65,36,bot2,0,trapped,40,0,22.115
50,0.65,36,bot3,0,trapped,40,0,23.492
50,0.65,36,bot4,0,trapped,40,0,61.867
50,0.65,37,bot1,1,success,25,0,0.281
50,0.65,37,bot2,1,success,25,0,4.237
50,0.65,37,bot3,1,success,25,0,5.373
50,0.65,37,bot4,1,success,25,0,32.372
50,0.65,38,bot1,1,success,12,0,0.169
50,0.65,38,bot2,1,success,12,0,1.53
50,0.65,38,bot3,1,success,12,0,1.631
50,0.65,38,bot4,1,success,12,0,21.465
50,0.65,39,bot1,1,success,21,0,0.239
50,0.65,39,bot2,1,success,21,0,3.13
50,0.65,39,bot3,1,success,21,0,3.68
50,0.65,39,bot4,1,success,21,0,28.799
50,0.65,40,bot1,1,success,19,0,0.24
50,0.65,40,bot2,1,success,19,0,2.901
50,0.65,40,bot3,1,success,19,0,3.448
50,0.65,40,bot4,1,success,19,0,24.377
50,0.65,41,bot1,0,button_burned,3,0,0.972
50,0.65,41,bot2,0,button_burned,3,0,2.924
50,0.65,41,bot3,0,button_burned,3,0,3.408
50,0.65,41,bot4,0,button_burned,3,0,7.314
50,0.65,42,bot1,1,success,21,0,0.247
50,0.65,42,bot2,1,success,21,0,3.558
50,0.65,42,bot3,1,success,21,0,4.308
50,0.65,42,bot4,1,success,21,0,25.147
50,0.65,43,bot1,0,button_burned,35,0,0.347
50,0.65,43,bot2,0,button_burned,35,0,9.803
50,0.65,43,bot3,0,button_burned,35,0,13.189
50,0.65,43,bot4,0,button_burned,35,0,45.411
50,0.65,44,bot1,1,success,14,0,0.195
50,0.65,44,bot2,1,success,14,0,1.96
50,0.65,44,bot3,1,success,14,0,2.282
50,0.65,44,bot4,1,success,14,0,19.612
50,0.65,45,bot1,1,success,15,0,0.193
50,0.65,45,bot2,1,success,15,0,2.126
50,0.65,45,bot3,1,success,15,0,2.121
50,0.65,45,bot4,1,success,15,0,18.675
50,0.65,46,bot1,1,success,76,0,1.088
50,0.65,46,bot2,1,success,76,0,44.629
50,0.65,46,bot3,1,success,76,0,60.719
50,0.65,46,bot4,1,success,76,0,121.091
50,0.65,47,bot1,1,success,41,0,0.765
50,0.65,47,bot2,1,success,41,0,14.031
50,0.65,47,bot3,1,success,41,0,16.758
50,0.65,47,bot4,1,success,41,0,57.696
50,0.65,48,bot1,1,success,22,0,0.452
50,0.65,48,bot2,1,success,22,0,4.258
50,0.65,48,bot3,1,success,22,0,4.544
50,0.65,48,bot4,1,success,22,0,29.348
50,0.65,49,bot1,0,button_burned,29,0,0.48
50,0.65,49,bot2,0,trapped,27,0,10.344
50,0.65,49,bot3,0,trapped,27,0,13.859
50,0.65,49,bot4,0,trapped,27,0,41.123
50,0.65,50,bot1,1,success,27,0,0.4
50,0.65,50,bot2,1,success,27,0,5.809
50,0.65,50,bot3,1,success,27,0,6.592
50,0.65,50,bot4,1,success,27,0,32.708
50,0.65,51,bot1,1,success,12,0,0.148
50,0.65,51,bot2,1,success,12,0,1.555
50,0.65,51,bot3,1,success,12,0,1.627
50,0.65,51,bot4,1,success,12,0,14.857
50,0.65,52,bot1,1,success,11,0,0.164
50,0.65,52,bot2,1,success,11,0,1.327
50,0.65,52,bot3,1,success,11,0,1.393
50,0.65,52,bot4,1,success,11,0,12.751
50,0.65,53,bot1,0,caught,8,1,0.882
50,0.65,53,bot2,0,trapped,26,0,25.49
50,0.65,53,bot3,0,trapped,26,1,23.914
50,0.65,53,bot4,0,trapped,26,2,53.633
50,0.65,54,bot1,1,success,40,0,0.493
50,0.65,54,bot2,1,success,40,0,12.177
50,0.65,54,bot3,1,success,40,0,16.001
50,0.65,54,bot4,1,success,40,0,51.627
50,0.65,55,bot1,1,success,61,0,0.866
50,0.65,55,bot2,1,success,61,0,33.294
50,0.65,55,bot3,1,success,61,0,42.999
50,0.65,55,bot4,1,success,61,0,94.236
50,0.65,56,bot1,1,success,52,0,1.247
50,0.65,56,bot2,1,success,52,0,22.853
50,0.65,56,bot3,1,success,52,0,26.79
50,0.65,56,bot4,1,success,52,0,68.802
50,0.65,57,bot1,0,button_burned,24,0,0.47
50,0.65,57,bot2,0,button_burned,24,0,4.682
50,0.65,57,bot3,0,button_burned,24,0,6.155
50,0.65,57,bot4,0,button_burned,24,0,30.328
50,0.65,58,bot1,1,success,25,0,0.262
50,0.65,58,bot2,1,success,25,0,4.608
50,0.65,58,bot3,1,success,25,0,5.32
50,0.65,58,bot4,1,success,25,0,31.095
50,0.65,59,bot1,1,success,31,0,0.342
50,0.65,59,bot2,1,success,31,0,6.704
50,0.65,59,bot3,1,success,31,0,8.548
50,0.65,59,bot4,1,success,31,0,42.212
50,0.65,60,bot1,1,success,12,0,0.197
50,0.65,60,bot2,1,success,12,0,1.485
50,0.65,60,bot3,1,success,12,0,1.577
50,0.65,60,bot4,1,success,12,0,15.0
50,0.65,61,bot1,1,success,36,0,0.551
50,0.65,61,bot2,1,success,36,0,10.765
50,0.65,61,bot3,1,success,36,0,14.2
50,0.65,61,bot4,1,success,36,0,49.793
50,0.65,62,bot1,1,success,19,0,0.31
50,0.65,62,bot2,1,success,19,0,3.973
50,0.65,62,bot3,1,success,19,0,3.558
50,0.65,62,bot4,1,success,19,0,23.657
50,0.65,63,bot1,1,success,26,0,0.416
50,0.65,63,bot2,1,success,26,0,5.12
50,0.65,63,bot3,1,success,26,0,5.931
50,0.65,63,bot4,1,success,26,0,33.974
50,0.65,64,bot1,1,success,19,0,0.23
50,0.65,64,bot2,1,success,19,0,2.71
50,0.65,64,bot3,1,success,19,0,3.083
50,0.65,64,bot4,1,success,19,0,24.827
50,0.65,65,bot1,1,success,36,0,0.349
50,0.65,65,bot2,1,success,36,0,7.752
50,0.65,65,bot3,1,success,36,0,9.794
50,0.65,65,bot4,1,success,36,0,51.885
50,0.65,66,bot1,0,button_burned,4,0,0.588
50,0.65,66,bot2,0,button_burned,4,0,2.157
50,0.65,66,bot3,0,button_burned,4,0,3.988
50,0.65,66,bot4,0,button_burned,4,0,11.26
50,0.65,67,bot1,0,entered_fire,29,2,0.505
50,0.65,67,bot2,0,button_burned,29,0,12.676
50,0.65,67,bot3,0,button_burned,29,1,13.674
50,0.65,67,bot4,0,button_burned,29,0,43.56
50,0.65,68,bot1,1,success,41,0,0.798
50,0.65,68,bot2,1,success,41,0,14.094
50,0.65,68,bot3,1,success,41,0,16.385
50,0.65,68,bot4,1,success,41,0,53.446
50,0.65,69,bot1,1,success,40,0,0.482
50,0.65,69,bot2,1,success,40,0,9.487
50,0.65,69,bot3,1,success,40,0,10.408
50,0.65,69,bot4,1,success,40,0,52.488
50,0.65,70,bot1,0,caught,2,1,0.7
50,0.65,70,bot2,0,trapped,8,0,5.456
50,0.65,70,bot3,0,trapped,8,1,5.437
50,0.65,70,bot4,0,trapped,8,1,13.76
50,0.65,71,bot1,1,success,77,0,1.606
50,0.65,71,bot2,1,success,77,0,47.404
50,0.65,71,bot3,1,success,77,0,56.688
50,0.65,71,bot4,1,success,77,0,109.823
50,0.65,72,bot1,0,button_burned,13,0,0.755
50,0.65,72,bot2,0,button_burned,13,0,8.433
50,0.65,72,bot3,0,button_burned,13,0,9.391
50,0.65,72,bot4,0,button_burned,13,0,20.796
50,0.65,73,bot1,1,success,69,0,1.23
50,0.65,73,bot2,1,success,69,0,43.336
50,0.65,73,bot3,1,success,69,0,55.457
50,0.65,73,bot4,0,trapped,14,5,23.752
50,0.65,74,bot1,0,caught,13,4,0.745
50,0.65,74,bot2,0,trapped,28,0,18.265
50,0.65,74,bot3,0,trapped,31,1,22.738
50,0.65,74,bot4,0,trapped,28,1,49.766
50,0.65,75,bot1,1,success,23,0,0.26
50,0.65,75,bot2,1,success,23,0,4.122
50,0.65,75,bot3,1,success,23,0,5.346
50,0.65,75,bot4,1,success,23,0,29.526
50,0.65,76,bot1,1,success,28,0,0.505
50,0.65,76,bot2,1,success,28,0,6.133
50,0.65,76,bot3,1,success,28,0,7.582
50,0.65,76,bot4,1,success,28,0,35.012
50,0.65,77,bot1,0,entered_fire,27,2,0.835
50,0.65,77,bot2,0,trapped,53,0,25.519
50,0.65,77,bot3,0,trapped,53,3,31.625
50,0.65,77,bot4,1,success,54,1,72.389
50,0.65,78,bot1,1,success,55,0,0.776
50,0.65,78,bot2,1,success,55,0,25.412
50,0.65,78,bot3,1,success,55,0,29.028
50,0.65,78,bot4,1,success,55,0,71.532
50,0.65,79,bot1,0,entered_fire,31,2,0.821
50,0.65,79,bot2,0,trapped,59,0,40.399
50,0.65,79,bot3,0,trapped,59,2,45.616
50,0.65,79,bot4,0,trapped,59,4,92.536
50,0.65,80,bot1,1,success,52,0,0.678
50,0.65,80,bot2,1,success,52,0,16.385
50,0.65,80,bot3,1,success,52,0,34.675
50,0.65,80,bot4,1,success,52,0,88.278
50,0.65,81,bot1,1,success,53,0,0.888
50,0.65,81,bot2,1,success,53,0,23.62
50,0.65,81,bot3,1,success,53,0,30.428
50,0.65,81,bot4,1,success,53,0,76.824
50,0.65,82,bot1,0,button_burned,24,0,0.914
50,0.65,82,bot2,0,trapped,13,0,11.187
50,0.65,82,bot3,0,trapped,13,0,13.407
50,0.65,82,bot4,0,trapped,13,0,35.766
50,0.65,83,bot1,0,button_burned,4,0,0.929
50,0.65,83,bot2,0,button_burned,4,0,3.328
50,0.65,83,bot3,0,button_burned,4,0,4.398
50,0.65,83,bot4,0,button_burned,4,0,13.846
50,0.65,84,bot1,1,success,47,0,0.497
50,0.65,84,bot2,1,success,47,0,14.886
50,0.65,84,bot3,1,success,47,0,20.81
50,0.65,84,bot4,1,success,47,0,67.876
50,0.65,85,bot1,0,entered_fire,19,4,0.675
50,0.65,85,bot2,0,button_burned,22,0,12.115
50,0.65,85,bot3,0,button_burned,22,0,14.564
50,0.65,85,bot4,0,button_burned,22,4,35.668
50,0.65,86,bot1,1,success,14,0,0.185
50,0.65,86,bot2,1,success,14,0,1.823
50,0.65,86,bot3,1,success,14,0,2.35
50,0.65,86,bot4,1,success,14,0,17.412
50,0.65,87,bot1,0,button_burned,8,0,1.363
50,0.65,87,bot2,0,trapped,6,0,8.889
50,0.65,87,bot3,0,trapped,6,0,7.629
50,0.65,87,bot4,0,trapped,6,0,17.306
50,0.65,88,bot1,1,success,53,0,0.675
50,0.65,88,bot2,1,success,53,0,21.6
50,0.65,88,bot3,1,success,53,0,26.989
50,0.65,88,bot4,1,success,53,0,68.5
50,0.65,89,bot1,1,success,15,0,0.176
50,0.65,89,bot2,1,success,15,0,1.88
50,0.65,89,bot3,1,success,15,0,2.024
50,0.65,89,bot4,1,success,15,0,17.468
50,0.65,90,bot1,1,success,26,0,0.391
50,0.65,90,bot2,1,success,26,0,4.762
50,0.65,90,bot3,1,success,26,0,5.647
50,0.65,90,bot4,1,success,26,0,33.279
50,0.65,91,bot1,1,success,6,0,0.117
50,0.65,91,bot2,1,success,6,0,0.677
50,0.65,91,bot3,1,success,6,0,0.665
50,0.65,91,bot4,1,success,6,0,7.429
50,0.65,92,bot1,0,button_burned,43,0,0.653
50,0.65,92,bot2,0,trapped,38,0,21.558
50,0.65,92,bot3,0,trapped,38,0,30.312
50,0.65,92,bot4,0,trapped,38,0,68.783
50,0.65,93,bot1,1,success,5,0,0.115
50,0.65,93,bot2,1,success,5,0,0.521
50,0.65,93,bot3,1,success,5,0,0.538
50,0.65,93,bot4,1,success,5,0,6.2
50,0.65,94,bot1,0,button_burned,36,0,0.614
50,0.65,94,bot2,0,trapped,35,0,18.803
50,0.65,94,bot3,0,trapped,35,0,22.766
50,0.65,94,bot4,0,trapped,35,0,68.519
50,0.65,95,bot1,1,success,55,0,0.674
50,0.65,95,bot2,1,success,55,0,24.902
50,0.65,95,bot3,1,success,55,0,35.856
50,0.65,95,bot4,1,success,55,0,82.989
50,0.65,96,bot1,1,success,35,0,0.45
50,0.65,96,bot2,1,success,35,0,9.595
50,0.65,96,bot3,1,success,35,0,11.337
50,0.65,96,bot4,1,success,35,0,46.631
50,0.65,97,bot1,1,success,43,0,0.638
50,0.65,97,bot2,1,success,43,0,14.792
50,0.65,97,bot3,1,success,43,0,19.254
50,0.65,97,bot4,1,success,43,0,55.552
50,0.65,98,bot1,1,success,31,0,0.433
50,0.65,98,bot2,1,success,31,0,6.902
50,0.65,98,bot3,1,success,31,0,7.941
50,0.65,98,bot4,1,success,31,0,40.184
50,0.65,99,bot1,1,success,49,0,0.922
50,0.65,99,bot2,1,success,49,0,21.056
50,0.65,99,bot3,1,success,49,0,28.891
50,0.65,99,bot4,1,success,49,0,75.835
50,0.65,100,bot1,1,success,36,0,0.365
50,0.65,100,bot2,1,success,36,0,11.914
50,0.65,100,bot3,1,success,36,0,14.943
50,0.65,100,bot4,1,success,36,0,66.015
50,0.65,101,bot1,1,success,54,0,0.771
50,0.65,101,bot2,1,success,54,0,21.959
50,0.65,101,bot3,1,success,54,0,27.306
50,0.65,101,bot4,1,success,54,0,73.038
50,0.65,102,bot1,1,success,25,0,0.386
50,0.65,102,bot2,1,success,25,0,4.744
50,0.65,102,bot3,1,success,25,0,5.52
50,0.65,102,bot4,1,success,25,0,31.711
50,0.65,103,bot1,1,success,32,0,0.344
50,0.65,103,bot2,1,success,32,0,6.271
50,0.65,103,bot3,1,success,32,0,7.175
50,0.65,103,bot4,1,success,32,0,40.508
50,0.65,104,bot1,1,success,44,0,0.539
50,0.65,104,bot2,1,success,44,0,13.008
50,0.65,104,bot3,1,success,44,0,16.379
50,0.65,104,bot4,1,success,44,0,56.501
50,0.65,105,bot1,1,success,35,0,0.642
50,0.65,105,bot2,1,success,35,0,10.326
50,0.65,105,bot3,1,success,35,0,10.777
50,0.65,105,bot4,1,success,35,0,46.1
50,0.65,106,bot1,0,entered_fire,10,1,0.277
50,0.65,106,bot2,0,trapped,12,0,2.931
50,0.65,106,bot3,0,trapped,12,0,3.406
50,0.65,106,bot4,0,trapped,12,1,27.217
50,0.65,107,bot1,0,caught,34,2,0.7
50,0.65,107,bot2,0,trapped,41,0,15.902
50,0.65,107,bot3,0,trapped,41,2,19.528
50,0.65,107,bot4,0,caught,41,1,55.052
50,0.65,108,bot1,1,success,36,0,0.296
50,0.65,108,bot2,1,success,36,0,7.572
50,0.65,108,bot3,1,success,36,0,10.508
50,0.65,108,bot4,1,success,36,0,44.721
50,0.65,109,bot1,1,success,21,0,0.54
50,0.65,109,bot2,1,success,21,0,3.279
50,0.65,109,bot3,1,success,21,0,3.923
50,0.65,109,bot4,1,success,21,0,26.107
50,0.65,110,bot1,0,caught,32,0,0.96
50,0.65,110,bot2,0,trapped,31,0,22.005
50,0.65,110,bot3,0,trapped,31,0,22.64
50,0.65,110,bot4,0,trapped,52,6,82.138
50,0.65,111,bot1,1,success,28,0,0.248
50,0.65,111,bot2,1,success,28,0,5.275
50,0.65,111,bot3,1,success,28,0,6.336
50,0.65,111,bot4,1,success,28,0,36.375
50,0.65,112,bot1,1,success,75,0,0.961
50,0.65,112,bot2,1,success,75,0,38.653
50,0.65,112,bot3,1,success,75,0,55.823
50,0.65,112,bot4,1,success,75,0,103.935
50,0.65,113,bot1,1,success,52,0,0.594
50,0.65,113,bot2,1,success,52,0,19.06
50,0.65,113,bot3,1,success,52,0,23.204
50,0.65,113,bot4,1,success,52,0,65.48
50,0.65,114,bot1,1,success,9,0,0.159
50,0.65,114,bot2,1,success,9,0,1.668
50,0.65,114,bot3,1,success,9,0,1.681
50,0.65,114,bot4,1,success,9,0,13.614
50,0.65,115,bot1,0,button_burned,11,0,0.706
50,0.65,115,bot2,0,button_burned,11,0,7.33
50,0.65,115,bot3,0,button_burned,11,1,8.962
50,0.65,115,bot4,0,button_burned,11,0,22.377
50,0.65,116,bot1,0,button_burned,18,0,0.378
50,0.65,116,bot2,0,button_burned,18,0,7.062
50,0.65,116,bot3,0,button_burned,18,0,8.303
50,0.65,116,bot4,0,button_burned,18,0,34.43
50,0.65,117,bot1,0,button_burned,40,0,0.733
50,0.65,117,bot2,0,button_burned,40,0,23.497
50,0.65,117,bot3,0,button_burned,40,0,20.074
50,0.65,117,bot4,0,button_burned,40,0,55.628
50,0.65,118,bot1,1,success,28,0,0.244
50,0.65,118,bot2,1,success,28,0,5.201
50,0.65,118,bot3,1,success,28,0,5.943
50,0.65,118,bot4,1,success,28,0,34.113
50,0.65,119,bot1,1,success,46,0,0.567
50,0.65,119,bot2,1,success,46,0,14.521
50,0.65,119,bot3,1,success,46,0,17.052
50,0.65,119,bot4,1,success,46,0,59.717
50,0.65,120,bot1,1,success,70,0,1.122
50,0.65,120,bot2,1,success,70,0,40.457
50,0.65,120,bot3,1,success,70,0,51.037
50,0.65,120,bot4,1,success,70,0,100.756
50,0.65,121,bot1,1,success,38,0,0.534
50,0.65,121,bot2,1,success,38,0,10.517
50,0.65,121,bot3,1,success,38,0,14.115
50,0.65,121,bot4,1,success,38,0,47.399
50,0.65,122,bot1,1,success,29,0,0.505
50,0.65,122,bot2,1,success,29,0,6.379
50,0.65,122,bot3,1,success,29,0,7.441
50,0.65,122,bot4,1,success,29,0,34.987
50,0.65,123,bot1,0,caught,56,1,0.888
50,0.65,123,bot2,0,caught,57,0,35.174
50,0.65,123,bot3,0,caught,57,1,45.177
50,0.65,123,bot4,0,caught,57,1,93.644
50,0.65,124,bot1,1,success,32,0,0.372
50,0.65,124,bot2,1,success,32,0,7.274
50,0.65,124,bot3,1,success,32,0,8.201
50,0.65,124,bot4,1,success,32,0,39.722
50,0.65,125,bot1,0,caught,10,0,0.418
50,0.65,125,bot2,0,caught,10,0,2.906
50,0.65,125,bot3,0,caught,19,1,7.075
50,0.65,125,bot4,0,caught,10,0,21.316
50,0.65,126,bot1,0,button_burned,10,2,0.727
50,0.65,126,bot2,0,trapped,9,0,9.517
50,0.65,126,bot3,0,trapped,9,0,15.369
50,0.65,126,bot4,0,trapped,9,0,37.21
50,0.65,127,bot1,0,entered_fire,30,2,0.996
50,0.65,127,bot2,0,trapped,17,0,16.08
50,0.65,127,bot3,0,trapped,17,0,17.984
50,0.65,127,bot4,0,trapped,17,0,41.686
50,0.65,128,bot1,0,entered_fire,22,1,0.356
50,0.65,128,bot2,0,button_burned,36,0,10.075
50,0.65,128,bot3,0,button_burned,36,1,12.507
50,0.65,128,bot4,0,button_burned,36,3,48.205
50,0.65,129,bot1,1,success,24,0,0.4
50,0.65,129,bot2,1,success,24,0,5.349
50,0.65,129,bot3,1,success,24,0,5.641
50,0.65,129,bot4,1,success,24,0,29.036
50,0.65,130,bot1,1,success,27,0,0.427
50,0.65,130,bot2,1,success,27,0,6.222
50,0.65,130,bot3,1,success,27,0,6.849
50,0.65,130,bot4,1,success,27,0,33.641
50,0.65,131,bot1,0,entered_fire,5,2,0.654
50,0.65,131,bot2,0,trapped,47,0,17.792
50,0.65,131,bot3,0,trapped,47,3,26.115
50,0.65,131,bot4,1,success,48,2,61.219
50,0.65,132,bot1,1,success,30,0,0.401
50,0.65,132,bot2,1,success,30,0,7.042
50,0.65,132,bot3,1,success,30,0,8.495
50,0.65,132,bot4,1,success,30,0,36.313
50,0.65,133,bot1,1,success,16,0,0.197
50,0.65,133,bot2,1,success,16,0,2.256
50,0.65,133,bot3,1,success,16,0,2.379
50,0.65,133,bot4,1,success,16,0,19.249
50,0.65,134,bot1,1,success,18,0,0.743
50,0.65,134,bot2,1,success,18,0,3.862
50,0.65,134,bot3,1,success,18,0,3.329
50,0.65,134,bot4,1,success,18,0,23.317
50,0.65,135,bot1,1,success,41,0,1.007
50,0.65,135,bot2,1,success,41,0,14.691
50,0.65,135,bot3,1,success,41,0,16.346
50,0.65,135,bot4,1,success,41,0,71.456
50,0.65,136,bot1,1,success,41,0,0.386
50,0.65,136,bot2,1,success,41,0,9.802
50,0.65,136,bot3,1,success,41,0,10.603
50,0.65,136,bot4,1,success,41,0,58.881
50,0.65,137,bot1,1,success,65,0,0.947
50,0.65,137,bot2,1,success,65,0,38.787
50,0.65,137,bot3,1,success,65,0,47.942
50,0.65,137,bot4,1,success,65,0,90.811
50,0.65,138,bot1,1,success,25,0,0.314
50,0.65,138,bot2,1,success,25,0,4.523
50,0.65,138,bot3,0,button_burned,29,2,13.507
50,0.65,138,bot4,1,success,25,0,30.777
50,0.65,139,bot1,1,success,32,0,0.413
50,0.65,139,bot2,1,success,32,0,7.026
50,0.65,139,bot3,1,success,32,0,7.491
50,0.65,139,bot4,1,success,32,0,40.165
50,0.65,140,bot1,1,success,9,0,0.148
50,0.65,140,bot2,1,success,9,0,1.107
50,0.65,140,bot3,1,success,9,0,1.109
50,0.65,140,bot4,1,success,9,0,10.696
50,0.65,141,bot1,1,success,64,0,0.762
50,0.65,141,bot2,1,success,64,0,29.769
50,0.65,141,bot3,1,success,64,0,35.334
50,0.65,141,bot4,1,success,64,0,82.773
50,0.65,142,bot1,1,success,22,0,0.197
50,0.65,142,bot2,1,success,22,0,3.292
50,0.65,142,bot3,1,success,22,0,3.814
50,0.65,142,bot4,1,success,22,0,26.235
50,0.65,143,bot1,1,success,70,0,0.864
50,0.65,143,bot2,1,success,70,0,34.351
50,0.65,143,bot3,1,success,70,0,51.575
50,0.65,143,bot4,1,success,74,2,101.272
50,0.65,144,bot1,1,success,27,0,0.446
50,0.65,144,bot2,1,success,27,0,6.034
50,0.65,144,bot3,1,success,27,0,7.218
50,0.65,144,bot4,1,success,27,0,33.001
50,0.65,145,bot1,0,caught,11,1,0.875
50,0.65,145,bot2,0,caught,11,0,3.94
50,0.65,145,bot3,0,button_burned,39,1,15.011
50,0.65,145,bot4,1,success,38,2,49.475
50,0.65,146,bot1,1,success,14,0,0.179
50,0.65,146,bot2,1,success,14,0,1.809
50,0.65,146,bot3,1,success,14,0,1.952
50,0.65,146,bot4,1,success,14,0,18.556
50,0.65,147,bot1,1,success,35,0,0.558
50,0.65,147,bot2,1,success,35,0,10.135
50,0.65,147,bot3,1,success,35,0,13.006
50,0.65,147,bot4,1,success,35,0,43.995
50,0.65,148,bot1,1,success,28,0,0.422
50,0.65,148,bot2,1,success,28,0,5.335
50,0.65,148,bot3,1,success,28,0,5.867
50,0.65,148,bot4,1,success,28,0,36.588
50,0.65,149,bot1,0,caught,16,1,0.88
50,0.65,149,bot2,0,trapped,43,0,28.535
50,0.65,149,bot3,0,trapped,43,0,34.005
50,0.65,149,bot4,0,trapped,25,2,44.995
50,0.65,150,bot1,1,success,24,0,0.297
50,0.65,150,bot2,1,success,24,0,4.245
50,0.65,150,bot3,1,success,24,0,6.484
50,0.65,150,bot4,1,success,24,0,29.541
50,0.65,151,bot1,1,success,51,0,0.839
50,0.65,151,bot2,1,success,51,0,22.041
50,0.65,151,bot3,1,success,51,0,34.258
50,0.65,151,bot4,1,success,51,0,64.774
50,0.65,152,bot1,0,entered_fire,10,1,0.677
50,0.65,152,bot2,0,trapped,17,0,10.912
50,0.65,152,bot3,0,button_burned,46,4,28.034
50,0.65,152,bot4,0,button_burned,46,4,69.775
50,0.65,153,bot1,1,success,30,0,0.499
50,0.65,153,bot2,1,success,30,0,9.177
50,0.65,153,bot3,1,success,30,0,8.277
50,0.65,153,bot4,1,success,30,0,36.088
50,0.65,154,bot1,0,caught,32,5,0.749
50,0.65,154,bot2,0,trapped,51,0,23.176
50,0.65,154,bot3,0,trapped,51,1,32.469
50,0.65,154,bot4,0,trapped,51,2,72.32
50,0.65,155,bot1,1,success,13,0,0.186
50,0.65,155,bot2,1,success,13,0,1.623
50,0.65,155,bot3,1,success,13,0,2.09
50,0.65,155,bot4,1,success,13,0,15.684
50,0.65,156,bot1,1,success,49,0,0.561
50,0.65,156,bot2,1,success,49,0,15.8
50,0.65,156,bot3,1,success,49,0,20.8
50,0.65,156,bot4,1,success,49,0,64.386
50,0.65,157,bot1,1,success,26,0,0.275
50,0.65,157,bot2,1,success,26,0,4.56
50,0.65,157,bot3,1,success,26,0,5.815
50,0.65,157,bot4,1,success,26,0,32.742
50,0.65,158,bot1,0,entered_fire,34,4,0.567
50,0.65,158,bot2,0,trapped,34,0,16.764
50,0.65,158,bot3,0,trapped,34,0,19.745
50,0.65,158,bot4,0,trapped,34,1,52.561
50,0.65,159,bot1,1,success,28,0,0.39
50,0.65,159,bot2,1,success,28,0,5.762
50,0.65,159,bot3,1,success,28,0,7.107
50,0.65,159,bot4,1,success,28,0,35.433
50,0.65,160,bot1,1,success,23,0,0.279
50,0.65,160,bot2,1,success,23,0,3.773
50,0.65,160,bot3,1,success,23,0,4.26
50,0.65,160,bot4,1,success,23,0,29.211
50,0.65,161,bot1,0,entered_fire,24,4,0.69
50,0.65,161,bot2,0,trapped,30,0,18.908
50,0.65,161,bot3,0,trapped,30,0,21.498
50,0.65,161,bot4,0,trapped,30,0,55.655
50,0.65,162,bot1,0,entered_fire,37,2,0.842
50,0.65,162,bot2,0,button_burned,51,0,26.82
50,0.65,162,bot3,0,button_burned,51,3,33.366
50,0.65,162,bot4,0,button_burned,51,5,70.187
50,0.65,163,bot1,1,success,28,0,0.341
50,0.65,163,bot2,1,success,28,0,5.069
50,0.65,163,bot3,1,success,28,0,7.397
50,0.65,163,bot4,1,success,28,0,35.332
50,0.65,164,bot1,1,success,15,0,0.182
50,0.65,164,bot2,1,success,15,0,1.951
50,0.65,164,bot3,1,success,15,0,2.353
50,0.65,164,bot4,1,success,15,0,18.151
50,0.65,165,bot1,0,entered_fire,22,6,3.37
50,0.65,165,bot2,0,trapped,28,0,21.654
50,0.65,165,bot3,0,trapped,28,0,26.932
50,0.65,165,bot4,0,trapped,28,3,49.046
50,0.65,166,bot1,0,button_burned,20,0,0.933
50,0.65,166,bot2,0,trapped,13,0,12.278
50,0.65,166,bot3,0,trapped,13,0,13.753
50,0.65,166,bot4,0,trapped,13,0,36.743
50,0.65,167,bot1,1,success,36,0,0.368
50,0.65,167,bot2,1,success,36,0,8.46
50,0.65,167,bot3,1,success,36,0,10.5
50,0.65,167,bot4,1,success,36,0,45.064
50,0.65,168,bot1,1,success,32,0,0.689
50,0.65,168,bot2,1,success,32,0,7.786
50,0.65,168,bot3,1,success,32,0,8.741
50,0.65,168,bot4,1,success,32,0,41.318
50,0.65,169,bot1,1,success,43,0,0.593
50,0.65,169,bot2,1,success,43,0,13.453
50,0.65,169,bot3,1,success,43,0,15.633
50,0.65,169,bot4,1,success,43,0,54.523
50,0.65,170,bot1,1,success,43,0,0.498
50,0.65,170,bot2,1,success,43,0,13.945
50,0.65,170,bot3,1,success,43,0,16.329
50,0.65,170,bot4,1,success,43,0,53.27
50,0.65,171,bot1,1,success,72,0,0.907
50,0.65,171,bot2,1,success,72,0,39.817
50,0.65,171,bot3,1,success,72,0,52.108
50,0.65,171,bot4,1,success,74,1,94.528
50,0.65,172,bot1,0,caught,28,0,0.526
50,0.65,172,bot2,0,caught,28,0,10.337
50,0.65,172,bot3,0,button_burned,37,1,15.137
50,0.65,172,bot4,0,button_burned,37,2,85.287
50,0.65,173,bot1,1,success,67,0,1.144
50,0.65,173,bot2,1,success,67,0,62.438
50,0.65,173,bot3,1,success,67,0,51.418
50,0.65,173,bot4,1,success,67,0,88.52
50,0.65,174,bot1,1,success,21,0,0.275
50,0.65,174,bot2,1,success,21,0,3.028
50,0.65,174,bot3,1,success,21,0,3.76
50,0.65,174,bot4,1,success,21,0,25.776
50,0.65,175,bot1,1,success,19,0,0.193
50,0.65,175,bot2,1,success,19,0,2.785
50,0.65,175,bot3,1,success,19,0,3.114
50,0.65,175,bot4,1,success,19,0,22.54
50,0.65,176,bot1,0,caught,32,1,0.868
50,0.65,176,bot2,0,trapped,49,0,38.252
50,0.65,176,bot3,0,trapped,49,0,49.591
50,0.65,176,bot4,0,trapped,49,0,100.748
50,0.65,177,bot1,1,success,40,0,0.567
50,0.65,177,bot2,1,success,40,0,14.482
50,0.65,177,bot3,1,success,40,0,17.237
50,0.65,177,bot4,1,success,40,0,56.12
50,0.65,178,bot1,1,success,39,0,0.543
50,0.65,178,bot2,1,success,39,0,11.309
50,0.65,178,bot3,1,success,39,0,12.787
50,0.65,178,bot4,1,success,39,0,52.439
50,0.65,179,bot1,0,entered_fire,22,2,1.019
50,0.65,179,bot2,0,trapped,20,0,10.645
50,0.65,179,bot3,0,caught,20,1,10.486
50,0.65,179,bot4,1,success,69,4,94.988
50,0.65,180,bot1,0,entered_fire,18,1,0.729
50,0.65,180,bot2,0,button_burned,27,0,18.335
50,0.65,180,bot3,0,button_burned,27,2,22.69
50,0.65,180,bot4,0,button_burned,27,2,40.02
50,0.65,181,bot1,1,success,29,0,0.298
50,0.65,181,bot2,1,success,29,0,8.833
50,0.65,181,bot3,1,success,29,0,6.972
50,0.65,181,bot4,1,success,29,0,41.147
50,0.65,182,bot1,1,success,54,0,0.585
50,0.65,182,bot2,1,success,54,0,20.357
50,0.65,182,bot3,1,success,54,0,27.132
50,0.65,182,bot4,1,success,54,0,73.493
50,0.65,183,bot1,1,success,37,0,0.432
50,0.65,183,bot2,1,success,37,0,8.629
50,0.65,183,bot3,1,success,37,0,10.693
50,0.65,183,bot4,1,success,37,0,47.589
50,0.65,184,bot1,1,success,67,0,0.952
50,0.65,184,bot2,1,success,67,0,35.894
50,0.65,184,bot3,1,success,67,0,41.714
50,0.65,184,bot4,1,success,67,0,93.546
50,0.65,185,bot1,1,success,75,0,0.981
50,0.65,185,bot2,1,success,75,0,43.709
50,0.65,185,bot3,1,success,75,0,54.216
50,0.65,185,bot4,1,success,75,0,120.593
50,0.65,186,bot1,1,success,64,0,0.843
50,0.65,186,bot2,1,success,64,0,27.866
50,0.65,186,bot3,1,success,64,0,39.578
50,0.65,186,bot4,1,success,64,0,84.64
50,0.65,187,bot1,1,success,21,0,0.284
50,0.65,187,bot2,1,success,21,0,3.579
50,0.65,187,bot3,1,success,21,0,4.189
50,0.65,187,bot4,1,success,21,0,25.763
50,0.65,188,bot1,1,success,27,0,0.223
50,0.65,188,bot2,1,success,27,0,4.223
50,0.65,188,bot3,1,success,27,0,4.699
50,0.65,188,bot4,1,success,27,0,32.954
50,0.65,189,bot1,1,success,37,0,0.511
50,0.65,189,bot2,1,success,37,0,10.687
50,0.65,189,bot3,1,success,37,0,12.235
50,0.65,189,bot4,1,success,37,0,67.549
50,0.65,190,bot1,1,success,29,0,0.328
50,0.65,190,bot2,1,success,29,0,6.397
50,0.65,190,bot3,1,success,29,0,8.297
50,0.65,190,bot4,1,success,29,0,37.616
50,0.65,191,bot1,0,caught,21,0,0.572
50,0.65,191,bot2,0,trapped,10,0,6.502
50,0.65,191,bot3,0,trapped,10,0,8.429
50,0.65,191,bot4,0,trapped,10,0,20.862
50,0.65,192,bot1,1,success,24,0,0.212
50,0.65,192,bot2,1,success,24,0,4.153
50,0.65,192,bot3,1,success,24,0,7.537
50,0.65,192,bot4,1,success,24,0,30.715
50,0.65,193,bot1,1,success,21,0,0.379
50,0.65,193,bot2,1,success,21,0,4.367
50,0.65,193,bot3,1,success,21,0,4.569
50,0.65,193,bot4,1,success,21,0,24.917
50,0.65,194,bot1,1,success,50,0,0.875
50,0.65,194,bot2,1,success,50,0,20.68
50,0.65,194,bot3,1,success,50,0,23.038
50,0.65,194,bot4,1,success,50,0,71.395
50,0.65,195,bot1,1,success,36,0,0.829
50,0.65,195,bot2,1,success,36,0,10.696
50,0.65,195,bot3,1,success,36,0,13.768
50,0.65,195,bot4,1,success,36,0,48.558
50,0.65,196,bot1,1,success,36,0,0.532
50,0.65,196,bot2,1,success,36,0,13.409
50,0.65,196,bot3,1,success,36,0,9.655
50,0.65,196,bot4,1,success,38,1,48.046
50,0.65,197,bot1,1,success,67,0,0.868
50,0.65,197,bot2,1,success,67,0,32.396
50,0.65,197,bot3,1,success,67,0,43.188
50,0.65,197,bot4,1,success,67,0,101.468
50,0.65,198,bot1,0,button_burned,36,0,1.499
50,0.65,198,bot2,0,trapped,35,0,35.329
50,0.65,198,bot3,0,trapped,35,1,35.234
50,0.65,198,bot4,0,trapped,35,1,72.394
50,0.65,199,bot1,1,success,35,0,0.416
50,0.65,199,bot2,1,success,35,0,8.807
50,0.65,199,bot3,1,success,35,0,18.86
50,0.65,199,bot4,1,success,35,0,58.347
50,0.7,0,bot1,0,entered_fire,18,5,1.124
50,0.7,0,bot2,0,trapped,37,0,29.711
50,0.7,0,bot3,0,trapped,37,2,35.768
50,0.7,0,bot4,0,trapped,37,3,66.623
50,0.7,1,bot1,1,success,37,0,0.682
50,0.7,1,bot2,1,success,37,0,9.332
50,0.7,1,bot3,1,success,37,0,14.358
50,0.7,1,bot4,1,success,37,0,77.702
50,0.7,2,bot1,0,entered_fire,6,5,0.47
50,0.7,2,bot2,0,trapped,15,0,6.085
50,0.7,2,bot3,0,trapped,16,1,6.923
50,0.7,2,bot4,0,trapped,16,1,32.667
50,0.7,3,bot1,1,success,43,0,0.641
50,0.7,3,bot2,1,success,43,0,16.129
50,0.7,3,bot3,1,success,43,0,17.275
50,0.7,3,bot4,1,success,43,0,54.736
50,0.7,4,bot1,0,caught,18,1,0.466
50,0.7,4,bot2,0,button_burned,27,0,7.639
50,0.7,4,bot3,0,trapped,26,3,10.211
50,0.7,4,bot4,0,button_burned,27,2,37.647
50,0.7,5,bot1,1,success,41,0,0.76
50,0.7,5,bot2,1,success,41,0,14.476
50,0.7,5,bot3,1,success,41,0,16.951
50,0.7,5,bot4,1,success,41,0,51.847
50,0.7,6,bot1,0,caught,1,0,0.729
50,0.7,6,bot2,0,caught,1,0,0.652
50,0.7,6,bot3,0,caught,1,0,0.69
50,0.7,6,bot4,0,caught,1,0,1.486
50,0.7,7,bot1,1,success,43,0,0.71
50,0.7,7,bot2,1,success,43,0,15.865
50,0.7,7,bot3,1,success,43,0,17.97
50,0.7,7,bot4,1,success,43,0,73.037
50,0.7,8,bot1,0,button_burned,29,0,0.763
50,0.7,8,bot2,0,trapped,25,0,19.176
50,0.7,8,bot3,0,trapped,25,0,21.785
50,0.7,8,bot4,0,trapped,25,0,53.39
50,0.7,9,bot1,1,success,6,0,0.138
50,0.7,9,bot2,1,success,6,0,0.627
50,0.7,9,bot3,1,success,6,0,0.668
50,0.7,9,bot4,1,success,6,0,7.756
50,0.7,10,bot1,1,success,34,0,0.443
50,0.7,10,bot2,1,success,34,0,11.941
50,0.7,10,bot3,1,success,34,0,13.475
50,0.7,10,bot4,1,success,34,0,58.4
50,0.7,11,bot1,1,success,40,0,0.685
50,0.7,11,bot2,1,success,40,0,12.945
50,0.7,11,bot3,1,success,40,0,18.087
50,0.7,11,bot4,1,success,40,0,50.743
50,0.7,12,bot1,1,success,40,0,0.555
50,0.7,12,bot2,1,success,40,0,10.632
50,0.7,12,bot3,1,success,40,0,12.393
50,0.7,12,bot4,1,success,40,0,52.099
50,0.7,13,bot1,0,button_burned,12,0,0.971
50,0.7,13,bot2,0,button_burned,12,0,10.685
50,0.7,13,bot3,0,button_burned,12,0,11.956
50,0.7,13,bot4,0,button_burned,12,0,38.366
50,0.7,14,bot1,0,button_burned,27,0,0.417
50,0.7,14,bot2,0,trapped,25,0,9.144
50,0.7,14,bot3,0,trapped,25,0,10.866
50,0.7,14,bot4,0,trapped,25,0,39.299
50,0.7,15,bot1,0,entered_fire,25,3,0.873
50,0.7,15,bot2,0,trapped,38,0,31.462
50,0.7,15,bot3,0,trapped,38,3,35.598
50,0.7,15,bot4,0,trapped,38,0,75.257
50,0.7,16,bot1,0,button_burned,16,0,0.897
50,0.7,16,bot2,0,button_burned,16,0,12.618
50,0.7,16,bot3,0,button_burned,16,0,14.067
50,0.7,16,bot4,0,button_burned,16,0,37.414
50,0.7,17,bot1,1,success,43,0,0.871
50,0.7,17,bot2,1,success,43,0,24.31
50,0.7,17,bot3,1,success,43,0,20.517
50,0.7,17,bot4,1,success,43,0,59.322
50,0.7,18,bot1,1,success,15,0,0.21
50,0.7,18,bot2,1,success,15,0,2.01
50,0.7,18,bot3,1,success,15,0,2.425
50,0.7,18,bot4,1,success,15,0,21.683
50,0.7,19,bot1,0,button_burned,42,0,0.607
50,0.7,19,bot2,0,button_burned,42,0,15.285
50,0.7,19,bot3,0,button_burned,42,0,20.637
50,0.7,19,bot4,0,button_burned,42,0,53.914
50,0.7,20,bot1,0,caught,22,1,0.856
50,0.7,20,bot2,0,trapped,39,0,27.252
50,0.7,20,bot3,0,trapped,39,0,33.294
50,0.7,20,bot4,0,trapped,39,3,67.469
50,0.7,21,bot1,1,success,39,0,0.479
50,0.7,21,bot2,1,success,39,0,9.926
50,0.7,21,bot3,1,success,39,0,11.816
50,0.7,21,bot4,1,success,39,0,52.554
50,0.7,22,bot1,1,success,18,0,0.202
50,0.7,22,bot2,1,success,18,0,2.789
50,0.7,22,bot3,1,success,18,0,2.96
50,0.7,22,bot4,1,success,18,0,23.739
50,0.7,23,bot1,0,button_burned,11,0,0.874
50,0.7,23,bot2,0,button_burned,11,0,9.478
50,0.7,23,bot3,0,button_burned,11,0,10.477
50,0.7,23,bot4,0,button_burned,11,0,25.025
50,0.7,24,bot1,0,caught,18,5,0.55
50,0.7,24,bot2,0,trapped,26,0,15.194
50,0.7,24,bot3,0,trapped,26,3,17.176
50,0.7,24,bot4,0,trapped,26,2,46.659
50,0.7,25,bot1,1,success,10,0,0.16
50,0.7,25,bot2,1,success,10,0,1.25
50,0.7,25,bot3,1,success,10,0,1.372
50,0.7,25,bot4,1,success,10,0,13.406
50,0.7,26,bot1,0,entered_fire,20,1,0.851
50,0.7,26,bot2,0,caught,21,0,15.364
50,0.7,26,bot3,0,trapped,39,1,32.816
50,0.7,26,bot4,0,caught,21,0,34.718
50,0.7,27,bot1,0,entered_fire,12,2,1.003
50,0.7,27,bot2,0,caught,19,0,17.5
50,0.7,27,bot3,0,caught,40,2,36.585
50,0.7,27,bot4,0,trapped,25,5,52.119
50,0.7,28,bot1,0,caught,13,7,0.481
50,0.7,28,bot2,0,button_burned,25,0,17.435
50,0.7,28,bot3,0,button_burned,25,1,18.804
50,0.7,28,bot4,0,button_burned,25,2,40.559
50,0.7,29,bot1,1,success,18,0,0.21
50,0.7,29,bot2,1,success,18,0,2.714
50,0.7,29,bot3,1,success,18,0,2.827
50,0.7,29,bot4,1,success,18,0,24.596
50,0.7,30,bot1,0,button_burned,11,0,0.271
50,0.7,30,bot2,0,button_burned,11,0,3.172
50,0.7,30,bot3,0,button_burned,11,0,4.173
50,0.7,30,bot4,0,button_burned,11,0,16.229
50,0.7,31,bot1,1,success,41,0,0.616
50,0.7,31,bot2,1,success,41,0,12.848
50,0.7,31,bot3,1,success,41,0,23.094
50,0.7,31,bot4,1,success,41,0,55.403
50,0.7,32,bot1,1,success,40,0,0.639
50,0.7,32,bot2,1,success,40,0,12.881
50,0.7,32,bot3,1,success,40,0,15.774
50,0.7,32,bot4,1,success,40,0,55.755
50,0.7,33,bot1,1,success,14,0,0.167
50,0.7,33,bot2,1,success,14,0,2.04
50,0.7,33,bot3,1,success,14,0,2.171
50,0.7,33,bot4,1,success,14,0,24.59
50,0.7,34,bot1,1,success,6,0,0.128
50,0.7,34,bot2,1,success,6,0,0.636
50,0.7,34,bot3,1,success,6,0,0.687
50,0.7,34,bot4,1,success,6,0,7.367
50,0.7,35,bot1,1,success,43,0,0.616
50,0.7,35,bot2,1,success,43,0,13.862
50,0.7,35,bot3,1,success,43,0,20.066
50,0.7,35,bot4,1,success,43,0,57.672
50,0.7,36,bot1,0,caught,38,0,0.735
50,0.7,36,bot2,0,caught,38,0,18.072
50,0.7,36,bot3,0,caught,38,0,20.953
50,0.7,36,bot4,0,caught,38,0,55.171
50,0.7,37,bot1,0,entered_fire,24,1,0.286
50,0.7,37,bot2,0,button_burned,24,0,4.268
50,0.7,37,bot3,0,button_burned,24,2,6.631
50,0.7,37,bot4,0,button_burned,24,0,30.847
50,0.7,38,bot1,1,success,12,0,0.154
50,0.7,38,bot2,1,success,12,0,1.688
50,0.7,38,bot3,1,success,12,0,1.717
50,0.7,38,bot4,1,success,12,0,16.912
50,0.7,39,bot1,1,success,21,0,0.229
50,0.7,39,bot2,1,success,21,0,3.053
50,0.7,39,bot3,1,success,21,0,3.368
50,0.7,39,bot4,1,success,21,0,24.841
50,0.7,40,bot1,1,success,19,0,0.224
50,0.7,40,bot2,1,success,19,0,2.904
50,0.7,40,bot3,1,success,19,0,3.448
50,0.7,40,bot4,1,success,19,0,25.939
50,0.7,41,bot1,0,button_burned,3,0,0.843
50,0.7,41,bot2,0,button_burned,3,0,2.543
50,0.7,41,bot3,0,button_burned,3,0,3.746
50,0.7,41,bot4,0,button_burned,3,0,7.69
50,0.7,42,bot1,1,success,21,0,0.243
50,0.7,42,bot2,1,success,21,0,3.392
50,0.7,42,bot3,1,success,21,0,4.019
50,0.7,42,bot4,1,success,21,0,24.931
50,0.7,43,bot1,1,success,37,0,0.375
50,0.7,43,bot2,1,success,37,0,10.359
50,0.7,43,bot3,1,success,37,0,11.629
50,0.7,43,bot4,1,success,37,0,46.742
50,0.7,44,bot1,1,success,14,0,0.194
50,0.7,44,bot2,1,success,14,0,1.931
50,0.7,44,bot3,1,success,14,0,2.214
50,0.7,44,bot4,1,success,14,0,18.194
50,0.7,45,bot1,1,success,15,0,0.181
50,0.7,45,bot2,1,success,15,0,2.471
50,0.7,45,bot3,1,success,15,0,2.453
50,0.7,45,bot4,1,success,15,0,18.489
50,0.7,46,bot1,1,success,76,0,1.074
50,0.7,46,bot2,1,success,76,0,40.46
50,0.7,46,bot3,1,success,76,0,93.644
50,0.7,46,bot4,1,success,76,0,117.907
50,0.7,47,bot1,1,success,41,0,0.666
50,0.7,47,bot2,1,success,41,0,14.176
50,0.7,47,bot3,1,success,41,0,17.701
50,0.7,47,bot4,1,success,41,0,53.721
50,0.7,48,bot1,1,success,22,0,0.362
50,0.7,48,bot2,1,success,22,0,4.575
50,0.7,48,bot3,1,success,22,0,5.468
50,0.7,48,bot4,1,success,22,0,27.986
50,0.7,49,bot1,0,button_burned,26,0,0.435
50,0.7,49,bot2,0,trapped,25,0,11.114
50,0.7,49,bot3,0,trapped,25,0,12.212
50,0.7,49,bot4,0,trapped,25,0,40.695
50,0.7,50,bot1,1,success,27,0,0.416
50,0.7,50,bot2,1,success,27,0,6.226
50,0.7,50,bot3,1,success,27,0,6.998
50,0.7,50,bot4,1,success,27,0,34.741
50,0.7,51,bot1,1,success,12,0,0.15
50,0.7,51,bot2,1,success,12,0,1.779
50,0.7,51,bot3,1,success,12,0,1.786
50,0.7,51,bot4,1,success,12,0,16.225
50,0.7,52,bot1,1,success,11,0,0.186
50,0.7,52,bot2,1,success,11,0,1.342
50,0.7,52,bot3,1,success,11,0,1.468
50,0.7,52,bot4,1,success,11,0,13.81
50,0.7,53,bot1,0,entered_fire,10,1,2.152
50,0.7,53,bot2,0,trapped,16,0,10.684
50,0.7,53,bot3,0,trapped,23,3,26.483
50,0.7,53,bot4,0,trapped,23,7,45.288
50,0.7,54,bot1,1,success,40,0,0.516
50,0.7,54,bot2,1,success,40,0,16.345
50,0.7,54,bot3,1,success,40,0,15.624
50,0.7,54,bot4,1,success,40,0,50.815
50,0.7,55,bot1,1,success,61,0,0.938
50,0.7,55,bot2,1,success,61,0,32.85
50,0.7,55,bot3,1,success,61,0,39.955
50,0.7,55,bot4,1,success,61,0,86.494
50,0.7,56,bot1,1,success,52,0,0.706
50,0.7,56,bot2,1,success,52,0,30.497
50,0.7,56,bot3,1,success,52,0,33.36
50,0.7,56,bot4,1,success,52,0,72.269
50,0.7,57,bot1,0,button_burned,23,0,0.342
50,0.7,57,bot2,0,button_burned,23,0,4.414
50,0.7,57,bot3,0,button_burned,23,0,7.283
50,0.7,57,bot4,0,button_burned,23,0,29.15
50,0.7,58,bot1,1,success,25,0,0.272
50,0.7,58,bot2,1,success,25,0,5.726
50,0.7,58,bot3,1,success,25,0,5.607
50,0.7,58,bot4,1,success,25,0,33.291
50,0.7,59,bot1,1,success,31,0,0.324
50,0.7,59,bot2,1,success,31,0,6.442
50,0.7,59,bot3,1,success,31,0,9.099
50,0.7,59,bot4,1,success,31,0,39.149
50,0.7,60,bot1,1,success,12,0,0.164
50,0.7,60,bot2,1,success,12,0,1.428
50,0.7,60,bot3,1,success,12,0,1.729
50,0.7,60,bot4,1,success,12,0,15.386
50,0.7,61,bot1,1,success,36,0,0.549
50,0.7,61,bot2,1,success,36,0,10.671
50,0.7,61,bot3,1,success,36,0,14.001
50,0.7,61,bot4,1,success,36,0,48.97
50,0.7,62,bot1,1,success,19,0,0.302
50,0.7,62,bot2,1,success,19,0,3.074
50,0.7,62,bot3,1,success,19,0,3.555
50,0.7,62,bot4,1,success,19,0,23.719
50,0.7,63,bot1,1,success,26,0,0.426
50,0.7,63,bot2,1,success,26,0,5.274
50,0.7,63,bot3,1,success,26,0,5.897
50,0.7,63,bot4,1,success,26,0,32.163
50,0.7,64,bot1,1,success,19,0,0.257
50,0.7,64,bot2,1,success,19,0,3.037
50,0.7,64,bot3,1,success,19,0,3.582
50,0.7,64,bot4,1,success,19,0,25.441
50,0.7,65,bot1,1,success,36,0,0.398
50,0.7,65,bot2,1,success,36,0,7.525
50,0.7,65,bot3,1,success,36,0,11.048
50,0.7,65,bot4,1,success,36,0,63.511
50,0.7,66,bot1,0,button_burned,6,0,0.391
50,0.7,66,bot2,0,button_burned,6,0,1.91
50,0.7,66,bot3,0,button_burned,6,0,2.739
50,0.7,66,bot4,0,button_burned,6,0,9.276
50,0.7,67,bot1,0,button_burned,24,0,0.491
50,0.7,67,bot2,0,button_burned,24,0,10.127
50,0.7,67,bot3,0,button_burned,24,0,12.988
50,0.7,67,bot4,0,button_burned,24,0,38.669
50,0.7,68,bot1,1,success,41,0,0.782
50,0.7,68,bot2,1,success,41,0,17.512
50,0.7,68,bot3,1,success,41,0,16.041
50,0.7,68,bot4,1,success,41,0,52.319
50,0.7,69,bot1,1,success,40,0,0.362
50,0.7,69,bot2,1,success,40,0,9.085
50,0.7,69,bot3,1,success,40,0,10.673
50,0.7,69,bot4,1,success,40,0,50.295
50,0.7,70,bot1,0,caught,1,0,0.766
50,0.7,70,bot2,0,caught,1,0,0.67
50,0.7,70,bot3,0,trapped,9,1,6.256
50,0.7,70,bot4,0,trapped,9,1,15.364
50,0.7,71,bot1,0,entered_fire,49,2,0.985
50,0.7,71,bot2,0,caught,53,0,31.189
50,0.7,71,bot3,0,caught,53,0,36.376
50,0.7,71,bot4,0,trapped,57,3,98.069
50,0.7,72,bot1,0,button_burned,15,0,0.715
50,0.7,72,bot2,0,button_burned,15,0,9.298
50,0.7,72,bot3,0,button_burned,15,0,11.104
50,0.7,72,bot4,0,button_burned,15,0,27.748
50,0.7,73,bot1,0,caught,10,0,0.828
50,0.7,73,bot2,0,caught,10,0,7.673
50,0.7,73,bot3,0,trapped,12,3,9.708
50,0.7,73,bot4,0,trapped,12,4,20.138
50,0.7,74,bot1,0,caught,10,1,0.632
50,0.7,74,bot2,0,trapped,28,0,18.837
50,0.7,74,bot3,0,trapped,28,0,22.583
50,0.7,74,bot4,0,trapped,28,0,66.751
50,0.7,75,bot1,1,success,23,0,0.296
50,0.7,75,bot2,1,success,23,0,3.908
50,0.7,75,bot3,1,success,23,0,4.875
50,0.7,75,bot4,1,success,23,0,29.763
50,0.7,76,bot1,1,success,28,0,0.439
50,0.7,76,bot2,1,success,28,0,5.883
50,0.7,76,bot3,1,success,28,0,7.33
50,0.7,76,bot4,1,success,28,0,34.863
50,0.7,77,bot1,1,success,52,0,0.781
50,0.7,77,bot2,1,success,52,0,20.572
50,0.7,77,bot3,1,success,52,0,27.75
50,0.7,77,bot4,1,success,54,1,69.951
50,0.7,78,bot1,1,success,55,0,0.853
50,0.7,78,bot2,1,success,55,0,26.796
50,0.7,78,bot3,1,success,55,0,29.53
50,0.7,78,bot4,1,success,55,0,88.236
50,0.7,79,bot1,0,entered_fire,29,1,0.975
50,0.7,79,bot2,0,trapped,62,0,40.09
50,0.7,79,bot3,0,trapped,62,4,52.118
50,0.7,79,bot4,0,trapped,62,6,144.35
50,0.7,80,bot1,1,success,52,0,0.611
50,0.7,80,bot2,1,success,52,0,15.874
50,0.7,80,bot3,1,success,52,0,26.897
50,0.7,80,bot4,1,success,52,0,70.836
50,0.7,81,bot1,1,success,53,0,0.778
50,0.7,81,bot2,1,success,53,0,25.351
50,0.7,81,bot3,1,success,53,0,30.909
50,0.7,81,bot4,1,success,53,0,67.55
50,0.7,82,bot1,0,button_burned,21,0,0.954
50,0.7,82,bot2,0,trapped,13,0,11.549
50,0.7,82,bot3,0,trapped,13,0,14.271
50,0.7,82,bot4,0,trapped,13,0,31.011
50,0.7,83,bot1,0,button_burned,5,0,0.911
50,0.7,83,bot2,0,button_burned,5,0,4.265
50,0.7,83,bot3,0,button_burned,5,0,6.486
50,0.7,83,bot4,0,button_burned,5,0,13.531
50,0.7,84,bot1,1,success,47,0,0.495
50,0.7,84,bot2,1,success,47,0,15.72
50,0.7,84,bot3,1,success,47,0,21.612
50,0.7,84,bot4,1,success,47,0,66.518
50,0.7,85,bot1,0,caught,17,2,0.768
50,0.7,85,bot2,0,button_burned,23,0,12.991
50,0.7,85,bot3,0,button_burned,23,3,17.134
50,0.7,85,bot4,0,button_burned,23,6,38.498
50,0.7,86,bot1,1,success,14,0,0.18
50,0.7,86,bot2,1,success,14,0,2.095
50,0.7,86,bot3,1,success,14,0,2.238
50,0.7,86,bot4,1,success,14,0,16.628
50,0.7,87,bot1,0,button_burned,8,0,0.83
50,0.7,87,bot2,0,trapped,6,0,5.796
50,0.7,87,bot3,0,trapped,6,0,8.482
50,0.7,87,bot4,0,trapped,6,0,19.894
50,0.7,88,bot1,1,success,53,0,0.669
50,0.7,88,bot2,1,success,53,0,21.637
50,0.7,88,bot3,1,success,53,0,24.931
50,0.7,88,bot4,1,success,53,0,72.181
50,0.7,89,bot1,1,success,15,0,0.184
50,0.7,89,bot2,1,success,15,0,2.107
50,0.7,89,bot3,1,success,15,0,2.151
50,0.7,89,bot4,1,success,15,0,19.759
50,0.7,90,bot1,1,success,26,0,0.297
50,0.7,90,bot2,1,success,26,0,4.608
50,0.7,90,bot3,1,success,26,0,5.934
50,0.7,90,bot4,1,success,26,0,33.111
50,0.7,91,bot1,1,success,6,0,0.147
50,0.7,91,bot2,1,success,6,0,0.68
50,0.7,91,bot3,1,success,6,0,0.641
50,0.7,91,bot4,1,success,6,0,6.914
50,0.7,92,bot1,0,button_burned,38,0,0.658
50,0.7,92,bot2,0,trapped,37,0,21.311
50,0.7,92,bot3,0,trapped,37,0,26.233
50,0.7,92,bot4,0,trapped,37,0,67.316
50,0.7,93,bot1,1,success,5,0,0.111
50,0.7,93,bot2,1,success,5,0,0.507
50,0.7,93,bot3,1,success,5,0,0.529
50,0.7,93,bot4,1,success,5,0,6.205
50,0.7,94,bot1,0,button_burned,31,0,0.63
50,0.7,94,bot2,0,trapped,30,0,26.642
50,0.7,94,bot3,0,trapped,30,0,31.154
50,0.7,94,bot4,0,trapped,30,0,62.465
50,0.7,95,bot1,0,entered_fire,34,2,0.697
50,0.7,95,bot2,0,button_burned,59,0,29.49
50,0.7,95,bot3,0,button_burned,59,1,36.669
50,0.7,95,bot4,0,button_burned,59,5,78.889
50,0.7,96,bot1,0,button_burned,27,0,0.443
50,0.7,96,bot2,0,trapped,25,0,8.331
50,0.7,96,bot3,0,trapped,25,0,11.096
50,0.7,96,bot4,0,trapped,25,0,35.619
50,0.7,97,bot1,1,success,43,0,0.575
50,0.7,97,bot2,1,success,43,0,14.784
50,0.7,97,bot3,1,success,43,0,17.251
50,0.7,97,bot4,1,success,43,0,69.869
50,0.7,98,bot1,1,success,31,0,0.41
50,0.7,98,bot2,1,success,31,0,7.089
50,0.7,98,bot3,1,success,31,0,7.955
50,0.7,98,bot4,1,success,31,0,42.119
50,0.7,99,bot1,1,success,49,0,0.914
50,0.7,99,bot2,1,success,49,0,21.98
50,0.7,99,bot3,1,success,49,0,26.99
50,0.7,99,bot4,1,success,49,0,73.53
50,0.7,100,bot1,1,success,36,0,0.373
50,0.7,100,bot2,1,success,36,0,7.487
50,0.7,100,bot3,1,success,36,0,8.91
50,0.7,100,bot4,1,success,36,0,45.318
50,0.7,101,bot1,1,success,54,0,0.696
50,0.7,101,bot2,1,success,54,0,22.031
50,0.7,101,bot3,1,success,54,0,38.073
50,0.7,101,bot4,1,success,54,0,81.554
50,0.7,102,bot1,1,success,25,0,0.332
50,0.7,102,bot2,1,success,25,0,6.568
50,0.7,102,bot3,1,success,25,0,7.49
50,0.7,102,bot4,1,success,25,0,35.101
50,0.7,103,bot1,1,success,32,0,0.352
50,0.7,103,bot2,1,success,32,0,5.88
50,0.7,103,bot3,1,success,32,0,7.505
50,0.7,103,bot4,1,success,32,0,44.709
50,0.7,104,bot1,1,success,44,0,0.59
50,0.7,104,bot2,1,success,44,0,13.565
50,0.7,104,bot3,1,success,44,0,16.836
50,0.7,104,bot4,1,success,44,0,55.52
50,0.7,105,bot1,1,success,35,0,0.393
50,0.7,105,bot2,1,success,35,0,8.336
50,0.7,105,bot3,1,success,35,0,11.286
50,0.7,105,bot4,1,success,35,0,55.027
50,0.7,106,bot1,0,entered_fire,10,1,0.258
50,0.7,106,bot2,0,trapped,11,0,2.237
50,0.7,106,bot3,0,trapped,11,2,2.843
50,0.7,106,bot4,0,trapped,11,1,18.642
50,0.7,107,bot1,0,caught,35,0,1.185
50,0.7,107,bot2,0,caught,35,0,12.707
50,0.7,107,bot3,0,caught,35,0,13.808
50,0.7,107,bot4,1,success,44,1,56.568
50,0.7,108,bot1,1,success,36,0,0.518
50,0.7,108,bot2,1,success,36,0,9.115
50,0.7,108,bot3,1,success,36,0,11.328
50,0.7,108,bot4,1,success,36,0,44.746
50,0.7,109,bot1,1,success,21,0,0.247
50,0.7,109,bot2,1,success,21,0,3.406
50,0.7,109,bot3,1,success,21,0,3.888
50,0.7,109,bot4,1,success,21,0,25.254
50,0.7,110,bot1,0,entered_fire,16,2,0.808
50,0.7,110,bot2,0,trapped,44,0,27.332
50,0.7,110,bot3,0,trapped,44,4,32.854
50,0.7,110,bot4,0,trapped,44,2,65.959
50,0.7,111,bot1,1,success,28,0,0.278
50,0.7,111,bot2,1,success,28,0,4.863
50,0.7,111,bot3,1,success,28,0,5.891
50,0.7,111,bot4,1,success,28,0,33.63
50,0.7,112,bot1,0,button_burned,73,0,0.876
50,0.7,112,bot2,0,button_burned,73,0,37.527
50,0.7,112,bot3,0,button_burned,73,0,78.175
50,0.7,112,bot4,0,button_burned,73,0,99.306
50,0.7,113,bot1,1,success,52,0,0.574
50,0.7,113,bot2,1,success,52,0,19.219
50,0.7,113,bot3,1,success,52,0,26.488
50,0.7,113,bot4,1,success,52,0,82.745
50,0.7,114,bot1,1,success,9,0,0.144
50,0.7,114,bot2,1,success,9,0,1.007
50,0.7,114,bot3,1,success,9,0,1.165
50,0.7,114,bot4,1,success,9,0,10.561
50,0.7,115,bot1,0,button_burned,10,0,0.624
50,0.7,115,bot2,0,button_burned,10,0,6.417
50,0.7,115,bot3,0,button_burned,10,1,8.811
50,0.7,115,bot4,0,button_burned,10,0,19.853
50,0.7,116,bot1,0,entered_fire,21,2,0.404
50,0.7,116,bot2,0,button_burned,24,0,8.046
50,0.7,116,bot3,0,button_burned,24,0,11.05
50,0.7,116,bot4,0,button_burned,24,1,38.256
50,0.7,117,bot1,0,button_burned,40,0,0.614
50,0.7,117,bot2,0,button_burned,40,0,25.794
50,0.7,117,bot3,0,button_burned,40,0,25.188
50,0.7,117,bot4,0,button_burned,40,0,55.625
50,0.7,118,bot1,1,success,28,0,0.228
50,0.7,118,bot2,1,success,28,0,4.806
50,0.7,118,bot3,1,success,28,0,6.489
50,0.7,118,bot4,1,success,28,0,34.709
50,0.7,119,bot1,1,success,46,0,0.594
50,0.7,119,bot2,1,success,46,0,14.531
50,0.7,119,bot3,1,success,46,0,18.254
50,0.7,119,bot4,1,success,46,0,57.808
50,0.7,120,bot1,1,success,70,0,0.952
50,0.7,120,bot2,1,success,70,0,36.753
50,0.7,120,bot3,1,success,70,0,51.387
50,0.7,120,bot4,1,success,70,0,108.487
50,0.7,121,bot1,1,success,38,0,0.507
50,0.7,121,bot2,1,success,38,0,10.909
50,0.7,121,bot3,1,success,38,0,13.809
50,0.7,121,bot4,1,success,38,0,46.771
50,0.7,122,bot1,1,success,29,0,0.498
50,0.7,122,bot2,1,success,29,0,6.275
50,0.7,122,bot3,1,success,29,0,7.823
50,0.7,122,bot4,1,success,29,0,35.448
50,0.7,123,bot1,0,caught,53,0,0.953
50,0.7,123,bot2,0,caught,53,0,34.029
50,0.7,123,bot3,0,trapped,62,1,48.289
50,0.7,123,bot4,0,trapped,62,2,96.367
50,0.7,124,bot1,1,success,32,0,0.422
50,0.7,124,bot2,1,success,32,0,7.134
50,0.7,124,bot3,1,success,32,0,8.22
50,0.7,124,bot4,1,success,32,0,39.504
50,0.7,125,bot1,0,caught,9,1,0.313
50,0.7,125,bot2,0,caught,28,0,9.925
50,0.7,125,bot3,0,button_burned,34,3,15.42
50,0.7,125,bot4,0,button_burned,34,10,52.462
50,0.7,126,bot1,0,button_burned,10,2,0.753
50,0.7,126,bot2,0,trapped,9,0,6.534
50,0.7,126,bot3,0,trapped,9,0,9.149
50,0.7,126,bot4,0,trapped,9,0,22.059
50,0.7,127,bot1,0,entered_fire,28,5,0.885
50,0.7,127,bot2,0,trapped,20,0,17.95
50,0.7,127,bot3,0,trapped,20,0,19.913
50,0.7,127,bot4,0,trapped,20,0,49.918
50,0.7,128,bot1,0,caught,20,3,0.35
50,0.7,128,bot2,0,button_burned,34,0,9.947
50,0.7,128,bot3,0,button_burned,34,1,13.005
50,0.7,128,bot4,0,button_burned,34,3,48.053
50,0.7,129,bot1,1,success,24,0,0.411
50,0.7,129,bot2,1,success,24,0,5.41
50,0.7,129,bot3,1,success,24,0,5.896
50,0.7,129,bot4,1,success,24,0,29.009
50,0.7,130,bot1,1,success,27,0,0.446
50,0.7,130,bot2,1,success,27,0,5.75
50,0.7,130,bot3,1,success,27,0,6.893
50,0.7,130,bot4,1,success,27,0,32.786
50,0.7,131,bot1,0,entered_fire,5,2,0.742
50,0.7,131,bot2,0,caught,21,0,10.624
50,0.7,131,bot3,0,caught,21,2,10.819
50,0.7,131,bot4,0,trapped,46,3,64.751
50,0.7,132,bot1,1,success,30,0,0.383
50,0.7,132,bot2,1,success,30,0,7.149
50,0.7,132,bot3,1,success,30,0,9.016
50,0.7,132,bot4,1,success,30,0,36.15
50,0.7,133,bot1,1,success,16,0,0.192
50,0.7,133,bot2,1,success,16,0,2.147
50,0.7,133,bot3,1,success,16,0,2.516
50,0.7,133,bot4,1,success,16,0,19.111
50,0.7,134,bot1,1,success,18,0,0.244
50,0.7,134,bot2,1,success,18,0,2.76
50,0.7,134,bot3,1,success,18,0,3.022
50,0.7,134,bot4,1,success,18,0,21.4
50,0.7,135,bot1,1,success,41,0,0.769
50,0.7,135,bot2,1,success,41,0,14.001
50,0.7,135,bot3,1,success,41,0,14.499
50,0.7,135,bot4,1,success,41,0,51.998
50,0.7,136,bot1,1,success,41,0,0.38
50,0.7,136,bot2,1,success,41,0,9.746
50,0.7,136,bot3,1,success,41,0,10.853
50,0.7,136,bot4,1,success,41,0,51.386
50,0.7,137,bot1,1,success,65,0,0.921
50,0.7,137,bot2,1,success,65,0,35.463
50,0.7,137,bot3,1,success,65,0,46.031
50,0.7,137,bot4,1,success,65,0,88.485
50,0.7,138,bot1,1,success,25,0,0.301
50,0.7,138,bot2,1,success,25,0,4.617
50,0.7,138,bot3,1,success,25,0,5.065
50,0.7,138,bot4,1,success,25,0,29.843
50,0.7,139,bot1,1,success,32,0,0.385
50,0.7,139,bot2,1,success,32,0,6.898
50,0.7,139,bot3,1,success,32,0,7.605
50,0.7,139,bot4,1,success,32,0,39.127
50,0.7,140,bot1,1,success,9,0,0.144
50,0.7,140,bot2,1,success,9,0,0.997
50,0.7,140,bot3,1,success,9,0,1.053
50,0.7,140,bot4,1,success,9,0,10.304
50,0.7,141,bot1,1,success,64,0,0.77
50,0.7,141,bot2,1,success,64,0,27.762
50,0.7,141,bot3,1,success,64,0,34.515
50,0.7,141,bot4,1,success,64,0,80.593
50,0.7,142,bot1,1,success,22,0,0.197
50,0.7,142,bot2,1,success,22,0,3.373
50,0.7,142,bot3,1,success,22,0,4.022
50,0.7,142,bot4,1,success,22,0,26.339
50,0.7,143,bot1,1,success,70,0,0.861
50,0.7,143,bot2,1,success,70,0,32.957
50,0.7,143,bot3,0,caught,45,2,49.895
50,0.7,143,bot4,1,success,74,2,100.498
50,0.7,144,bot1,1,success,27,0,0.434
50,0.7,144,bot2,1,success,27,0,5.946
50,0.7,144,bot3,1,success,27,0,7.193
50,0.7,144,bot4,1,success,27,0,32.401
50,0.7,145,bot1,0,caught,9,0,0.488
50,0.7,145,bot2,0,caught,9,0,3.417
50,0.7,145,bot3,0,button_burned,39,2,14.485
50,0.7,145,bot4,1,success,38,2,50.25
50,0.7,146,bot1,1,success,14,0,0.293
50,0.7,146,bot2,1,success,14,0,1.794
50,0.7,146,bot3,1,success,14,0,1.987
50,0.7,146,bot4,1,success,14,0,16.303
50,0.7,147,bot1,1,success,35,0,0.544
50,0.7,147,bot2,1,success,35,0,9.611
50,0.7,147,bot3,1,success,35,0,13.546
50,0.7,147,bot4,1,success,35,0,43.886
50,0.7,148,bot1,1,success,28,0,0.364
50,0.7,148,bot2,1,success,28,0,5.383
50,0.7,148,bot3,1,success,28,0,6.136
50,0.7,148,bot4,1,success,28,0,35.97
50,0.7,149,bot1,0,entered_fire,16,1,0.948
50,0.7,149,bot2,0,trapped,50,0,31.929
50,0.7,149,bot3,0,trapped,50,0,40.692
50,0.7,149,bot4,0,trapped,50,6,88.614
50,0.7,150,bot1,1,success,24,0,0.302
50,0.7,150,bot2,1,success,24,0,4.269
50,0.7,150,bot3,1,success,24,0,5.264
50,0.7,150,bot4,1,success,24,0,30.401
50,0.7,151,bot1,1,success,51,0,0.804
50,0.7,151,bot2,1,success,51,0,21.758
50,0.7,151,bot3,1,success,51,0,28.346
50,0.7,151,bot4,1,success,51,0,65.563
50,0.7,152,bot1,0,entered_fire,10,1,0.673
50,0.7,152,bot2,0,caught,18,0,11.815
50,0.7,152,bot3,0,trapped,48,3,31.371
50,0.7,152,bot4,0,trapped,48,6,78.948
50,0.7,153,bot1,1,success,30,0,0.481
50,0.7,153,bot2,1,success,30,0,7.298
50,0.7,153,bot3,1,success,30,0,8.625
50,0.7,153,bot4,1,success,30,0,37.071
50,0.7,154,bot1,0,caught,32,3,0.747
50,0.7,154,bot2,0,trapped,45,0,21.358
50,0.7,154,bot3,0,trapped,45,2,29.806
50,0.7,154,bot4,0,trapped,45,4,65.308
50,0.7,155,bot1,1,success,13,0,0.183
50,0.7,155,bot2,1,success,13,0,1.631
50,0.7,155,bot3,1,success,13,0,1.692
50,0.7,155,bot4,1,success,13,0,15.367
50,0.7,156,bot1,1,success,49,0,0.596
50,0.7,156,bot2,1,success,49,0,15.988
50,0.7,156,bot3,1,success,49,0,21.306
50,0.7,156,bot4,1,success,49,0,73.982
50,0.7,157,bot1,1,success,26,0,0.306
50,0.7,157,bot2,1,success,26,0,4.681
50,0.7,157,bot3,1,success,26,0,10.2
50,0.7,157,bot4,1,success,26,0,42.822
50,0.7,158,bot1,0,entered_fire,34,3,0.582
50,0.7,158,bot2,0,caught,38,0,21.022
50,0.7,158,bot3,0,caught,38,0,23.046
50,0.7,158,bot4,0,trapped,39,5,61.429
50,0.7,159,bot1,1,success,28,0,0.444
50,0.7,159,bot2,1,success,28,0,6.024
50,0.7,159,bot3,1,success,28,0,9.765
50,0.7,159,bot4,1,success,28,0,42.427
50,0.7,160,bot1,1,success,23,0,0.274
50,0.7,160,bot2,1,success,23,0,3.902
50,0.7,160,bot3,1,success,23,0,4.442
50,0.7,160,bot4,1,success,23,0,28.343
50,0.7,161,bot1,0,entered_fire,25,4,0.708
50,0.7,161,bot2,0,trapped,32,0,18.47
50,0.7,161,bot3,0,trapped,32,1,22.58
50,0.7,161,bot4,0,trapped,32,1,61.658
50,0.7,162,bot1,0,entered_fire,32,1,1.157
50,0.7,162,bot2,0,button_burned,45,0,24.991
50,0.7,162,bot3,0,button_burned,45,0,30.568
50,0.7,162,bot4,0,button_burned,45,5,65.215
50,0.7,163,bot1,1,success,28,0,0.348
50,0.7,163,bot2,1,success,28,0,5.46
50,0.7,163,bot3,1,success,28,0,8.089
50,0.7,163,bot4,1,success,28,0,43.462
50,0.7,164,bot1,1,success,15,0,0.202
50,0.7,164,bot2,1,success,15,0,2.248
50,0.7,164,bot3,1,success,15,0,2.717
50,0.7,164,bot4,1,success,15,0,19.97
50,0.7,165,bot1,0,caught,21,5,0.867
50,0.7,165,bot2,0,trapped,27,0,19.733
50,0.7,165,bot3,0,trapped,27,1,21.339
50,0.7,165,bot4,0,trapped,28,3,47.336
50,0.7,166,bot1,0,button_burned,18,0,0.919
50,0.7,166,bot2,0,trapped,12,0,11.444
50,0.7,166,bot3,0,trapped,12,0,12.761
50,0.7,166,bot4,0,trapped,12,0,35.052
50,0.7,167,bot1,1,success,36,0,0.354
50,0.7,167,bot2,1,success,36,0,8.8
50,0.7,167,bot3,1,success,36,0,9.551
50,0.7,167,bot4,1,success,36,0,45.296
50,0.7,168,bot1,1,success,32,0,0.585
50,0.7,168,bot2,1,success,32,0,9.284
50,0.7,168,bot3,1,success,32,0,12.041
50,0.7,168,bot4,1,success,32,0,40.578
50,0.7,169,bot1,1,success,43,0,0.579
50,0.7,169,bot2,1,success,43,0,16.932
50,0.7,169,bot3,1,success,43,0,19.886
50,0.7,169,bot4,1,success,43,0,56.879
50,0.7,170,bot1,1,success,43,0,0.519
50,0.7,170,bot2,1,success,43,0,12.456
50,0.7,170,bot3,1,success,43,0,16.531
50,0.7,170,bot4,1,success,43,0,56.642
50,0.7,171,bot1,1,success,72,0,0.895
50,0.7,171,bot2,1,success,72,0,41.811
50,0.7,171,bot3,1,success,72,0,53.423
50,0.7,171,bot4,1,success,74,1,108.269
50,0.7,172,bot1,0,entered_fire,27,1,0.529
50,0.7,172,bot2,0,trapped,28,0,11.786
50,0.7,172,bot3,0,button_burned,44,1,19.187
50,0.7,172,bot4,0,button_burned,44,1,58.432
50,0.7,173,bot1,1,success,67,0,1.026
50,0.7,173,bot2,1,success,67,0,35.509
50,0.7,173,bot3,1,success,67,0,45.141
50,0.7,173,bot4,1,success,67,0,89.102
50,0.7,174,bot1,1,success,21,0,0.255
50,0.7,174,bot2,1,success,21,0,2.977
50,0.7,174,bot3,1,success,21,0,3.438
50,0.7,174,bot4,1,success,21,0,30.0
50,0.7,175,bot1,1,success,19,0,0.213
50,0.7,175,bot2,1,success,19,0,3.278
50,0.7,175,bot3,1,success,19,0,3.571
50,0.7,175,bot4,1,success,19,0,24.389
50,0.7,176,bot1,0,caught,31,4,0.924
50,0.7,176,bot2,0,trapped,37,0,27.206
50,0.7,176,bot3,0,trapped,37,1,32.188
50,0.7,176,bot4,0,trapped,46,3,87.64
50,0.7,177,bot1,1,success,40,0,0.598
50,0.7,177,bot2,1,success,40,0,11.552
50,0.7,177,bot3,1,success,40,0,15.083
50,0.7,177,bot4,1,success,40,0,51.676
50,0.7,178,bot1,1,success,39,0,0.485
50,0.7,178,bot2,1,success,39,0,11.383
50,0.7,178,bot3,1,success,39,0,13.425
50,0.7,178,bot4,1,success,39,0,48.605
50,0.7,179,bot1,0,caught,12,0,0.608
50,0.7,179,bot2,0,caught,12,0,6.419
50,0.7,179,bot3,0,caught,32,2,18.022
50,0.7,179,bot4,0,trapped,62,7,107.122
50,0.7,180,bot1,0,entered_fire,18,1,1.034
50,0.7,180,bot2,0,trapped,38,0,23.009
50,0.7,180,bot3,0,trapped,38,4,25.425
50,0.7,180,bot4,0,trapped,38,1,56.242
50,0.7,181,bot1,1,success,29,0,0.249
50,0.7,181,bot2,1,success,29,0,5.336
50,0.7,181,bot3,1,success,29,0,6.731
50,0.7,181,bot4,1,success,29,0,38.289
50,0.7,182,bot1,1,success,54,0,0.428
50,0.7,182,bot2,1,success,54,0,21.952
50,0.7,182,bot3,1,success,54,0,26.375
50,0.7,182,bot4,1,success,54,0,69.814
50,0.7,183,bot1,1,success,37,0,0.466
50,0.7,183,bot2,1,success,37,0,9.598
50,0.7,183,bot3,1,success,37,0,11.898
50,0.7,183,bot4,1,success,37,0,51.01
50,0.7,184,bot1,1,success,67,0,0.968
50,0.7,184,bot2,1,success,67,0,35.889
50,0.7,184,bot3,1,success,67,0,43.678
50,0.7,184,bot4,1,success,67,0,95.04
50,0.7,185,bot1,1,success,75,0,0.924
50,0.7,185,bot2,1,success,75,0,42.873
50,0.7,185,bot3,1,success,75,0,49.44
50,0.7,185,bot4,1,success,75,0,113.155
50,0.7,186,bot1,1,success,64,0,1.251
50,0.7,186,bot2,1,success,64,0,31.528
50,0.7,186,bot3,1,success,64,0,47.637
50,0.7,186,bot4,1,success,64,0,122.01
50,0.7,187,bot1,1,success,21,0,0.45
50,0.7,187,bot2,1,success,21,0,5.333
50,0.7,187,bot3,1,success,21,0,5.954
50,0.7,187,bot4,1,success,21,0,35.171
50,0.7,188,bot1,1,success,27,0,0.213
50,0.7,188,bot2,1,success,27,0,4.404
50,0.7,188,bot3,1,success,27,0,4.725
50,0.7,188,bot4,1,success,27,0,33.465
50,0.7,189,bot1,1,success,37,0,0.517
50,0.7,189,bot2,1,success,37,0,10.761
50,0.7,189,bot3,1,success,37,0,11.711
50,0.7,189,bot4,1,success,37,0,46.245
50,0.7,190,bot1,1,success,29,0,0.362
50,0.7,190,bot2,1,success,29,0,6.803
50,0.7,190,bot3,1,success,29,0,10.083
50,0.7,190,bot4,1,success,29,0,48.842
50,0.7,191,bot1,0,caught,20,0,0.628
50,0.7,191,bot2,0,trapped,10,0,6.274
50,0.7,191,bot3,0,trapped,10,0,7.983
50,0.7,191,bot4,0,trapped,10,0,20.661
50,0.7,192,bot1,1,success,24,0,0.227
50,0.7,192,bot2,1,success,24,0,3.971
50,0.7,192,bot3,1,success,24,0,4.912
50,0.7,192,bot4,1,success,24,0,29.437
50,0.7,193,bot1,1,success,21,0,0.231
50,0.7,193,bot2,1,success,21,0,3.335
50,0.7,193,bot3,1,success,21,0,3.468
50,0.7,193,bot4,1,success,21,0,24.327
50,0.7,194,bot1,0,caught,45,1,0.859
50,0.7,194,bot2,0,trapped,49,0,21.136
50,0.7,194,bot3,0,trapped,49,1,26.275
50,0.7,194,bot4,0,trapped,49,0,64.592
50,0.7,195,bot1,1,success,36,0,0.606
50,0.7,195,bot2,1,success,36,0,10.994
50,0.7,195,bot3,1,success,36,0,13.847
50,0.7,195,bot4,1,success,36,0,47.174
50,0.7,196,bot1,0,entered_fire,16,2,0.493
50,0.7,196,bot2,0,button_burned,35,0,10.337
50,0.7,196,bot3,0,button_burned,35,0,13.117
50,0.7,196,bot4,0,button_burned,35,1,46.744
50,0.7,197,bot1,1,success,67,0,0.951
50,0.7,197,bot2,1,success,67,0,33.222
50,0.7,197,bot3,1,success,67,0,42.383
50,0.7,197,bot4,1,success,67,0,90.817
50,0.7,198,bot1,0,button_burned,32,1,0.988
50,0.7,198,bot2,0,button_burned,32,0,31.89
50,0.7,198,bot3,0,button_burned,32,0,30.913
50,0.7,198,bot4,0,button_burned,32,0,66.713
50,0.7,199,bot1,0,button_burned,32,0,0.846
50,0.7,199,bot2,0,button_burned,32,0,8.389
50,0.7,199,bot3,0,button_burned,32,0,12.109
50,0.7,199,bot4,0,button_burned,32,0,57.211
50,0.75,0,bot1,0,caught,18,5,1.091
50,0.75,0,bot2,0,trapped,31,0,25.832
50,0.75,0,bot3,0,trapped,31,2,27.352
50,0.75,0,bot4,0,trapped,34,2,62.045
50,0.75,1,bot1,1,success,37,0,0.487
50,0.75,1,bot2,1,success,37,0,9.4
50,0.75,1,bot3,1,success,37,0,12.536
50,0.75,1,bot4,1,success,37,0,47.013
50,0.75,2,bot1,0,entered_fire,5,4,0.454
50,0.75,2,bot2,0,trapped,19,0,8.95
50,0.75,2,bot3,0,trapped,19,1,10.673
50,0.75,2,bot4,0,trapped,19,1,28.506
50,0.75,3,bot1,1,success,43,0,0.636
50,0.75,3,bot2,1,success,43,0,14.342
50,0.75,3,bot3,1,success,43,0,20.125
50,0.75,3,bot4,1,success,43,0,58.722
50,0.75,4,bot1,0,caught,15,0,0.4
50,0.75,4,bot2,0,caught,15,0,4.881
50,0.75,4,bot3,0,button_burned,22,1,9.06
50,0.75,4,bot4,0,button_burned,22,2,29.459
50,0.75,5,bot1,1,success,41,0,0.693
50,0.75,5,bot2,1,success,41,0,13.925
50,0.75,5,bot3,1,success,41,0,17.395
50,0.75,5,bot4,1,success,41,0,51.263
50,0.75,6,bot1,0,caught,1,0,0.659
50,0.75,6,bot2,0,caught,1,0,0.678
50,0.75,6,bot3,0,caught,1,0,0.657
50,0.75,6,bot4,0,caught,1,0,1.465
50,0.75,7,bot1,1,success,43,0,0.621
50,0.75,7,bot2,1,success,43,0,13.864
50,0.75,7,bot3,1,success,43,0,16.9
50,0.75,7,bot4,1,success,43,0,54.361
50,0.75,8,bot1,0,button_burned,23,0,0.803
50,0.75,8,bot2,0,trapped,22,0,18.121
50,0.75,8,bot3,0,trapped,22,0,18.812
50,0.75,8,bot4,0,trapped,22,0,46.127
50,0.75,9,bot1,1,success,6,0,0.135
50,0.75,9,bot2,1,success,6,0,0.604
50,0.75,9,bot3,1,success,6,0,0.639
50,0.75,9,bot4,1,success,6,0,7.351
50,0.75,10,bot1,0,button_burned,29,0,0.369
50,0.75,10,bot2,0,button_burned,29,0,7.418
50,0.75,10,bot3,0,button_burned,29,0,10.184
50,0.75,10,bot4,0,button_burned,29,0,39.46
50,0.75,11,bot1,1,success,40,0,0.744
50,0.75,11,bot2,1,success,40,0,13.313
50,0.75,11,bot3,1,success,40,0,23.815
50,0.75,11,bot4,1,success,40,0,79.397
50,0.75,12,bot1,1,success,40,0,0.479
50,0.75,12,bot2,1,success,40,0,10.195
50,0.75,12,bot3,1,success,40,0,11.655
50,0.75,12,bot4,1,success,44,2,59.867
50,0.75,13,bot1,0,button_burned,12,0,0.742
50,0.75,13,bot2,0,button_burned,12,0,9.989
50,0.75,13,bot3,0,button_burned,12,0,11.043
50,0.75,13,bot4,0,button_burned,12,1,45.388
50,0.75,14,bot1,0,entered_fire,29,0,0.395
50,0.75,14,bot2,0,trapped,26,0,7.716
50,0.75,14,bot3,0,trapped,26,0,10.103
50,0.75,14,bot4,0,trapped,26,0,35.861
50,0.75,15,bot1,0,caught,23,3,0.877
50,0.75,15,bot2,0,caught,28,0,25.824
50,0.75,15,bot3,0,caught,31,1,29.663
50,0.75,15,bot4,0,trapped,36,7,75.693
50,0.75,16,bot1,0,button_burned,15,0,1.365
50,0.75,16,bot2,0,button_burned,15,0,17.531
50,0.75,16,bot3,0,button_burned,15,0,18.948
50,0.75,16,bot4,0,button_burned,15,0,36.964
50,0.75,17,bot1,1,success,43,0,0.842
50,0.75,17,bot2,1,success,43,0,16.174
50,0.75,17,bot3,1,success,43,0,21.573
50,0.75,17,bot4,1,success,43,0,55.411
50,0.75,18,bot1,1,success,15,0,0.217
50,0.75,18,bot2,1,success,15,0,2.108
50,0.75,18,bot3,1,success,15,0,2.541
50,0.75,18,bot4,1,success,15,0,19.993
50,0.75,19,bot1,0,caught,40,0,0.542
50,0.75,19,bot2,0,caught,40,0,15.909
50,0.75,19,bot3,0,caught,40,0,26.621
50,0.75,19,bot4,0,button_burned,40,3,62.181
50,0.75,20,bot1,0,caught,21,0,0.877
50,0.75,20,bot2,0,caught,21,0,17.832
50,0.75,20,bot3,0,caught,21,0,17.527
50,0.75,20,bot4,0,trapped,35,4,56.895
50,0.75,21,bot1,1,success,39,0,0.409
50,0.75,21,bot2,1,success,39,0,10.246
50,0.75,21,bot3,1,success,39,0,12.154
50,0.75,21,bot4,1,success,39,0,48.903
50,0.75,22,bot1,1,success,18,0,0.217
50,0.75,22,bot2,1,success,18,0,2.572
50,0.75,22,bot3,1,success,18,0,2.84
50,0.75,22,bot4,1,success,18,0,22.08
50,0.75,23,bot1,0,button_burned,10,0,0.842
50,0.75,23,bot2,0,button_burned,10,0,8.382
50,0.75,23,bot3,0,button_burned,10,0,9.097
50,0.75,23,bot4,0,button_burned,10,0,24.723
50,0.75,24,bot1,0,entered_fire,20,0,0.457
50,0.75,24,bot2,0,trapped,16,0,6.373
50,0.75,24,bot3,0,trapped,16,0,6.755
50,0.75,24,bot4,0,button_burned,27,0,44.529
50,0.75,25,bot1,1,success,10,0,0.161
50,0.75,25,bot2,1,success,10,0,1.247
50,0.75,25,bot3,1,success,10,0,1.251
50,0.75,25,bot4,1,success,10,0,13.204
50,0.75,26,bot1,0,entered_fire,20,1,0.96
50,0.75,26,bot2,0,trapped,41,0,21.821
50,0.75,26,bot3,0,trapped,41,1,33.163
50,0.75,26,bot4,0,trapped,47,8,108.76
50,0.75,27,bot1,0,caught,12,1,0.932
50,0.75,27,bot2,0,caught,51,0,40.264
50,0.75,27,bot3,0,trapped,61,2,55.929
50,0.75,27,bot4,0,caught,24,6,50.679
50,0.75,28,bot1,0,caught,13,7,0.466
50,0.75,28,bot2,0,button_burned,28,0,18.99
50,0.75,28,bot3,0,button_burned,28,1,22.544
50,0.75,28,bot4,0,button_burned,28,7,49.525
50,0.75,29,bot1,1,success,18,0,0.201
50,0.75,29,bot2,1,success,18,0,2.5
50,0.75,29,bot3,1,success,18,0,2.881
50,0.75,29,bot4,1,success,18,0,34.075
50,0.75,30,bot1,0,button_burned,12,0,0.38
50,0.75,30,bot2,0,button_burned,12,0,4.494
50,0.75,30,bot3,0,button_burned,12,0,6.033
50,0.75,30,bot4,0,button_burned,12,0,23.534
50,0.75,31,bot1,1,success,41,0,0.532
50,0.75,31,bot2,1,success,41,0,12.233
50,0.75,31,bot3,1,success,41,0,15.965
50,0.75,31,bot4,1,success,41,0,51.413
50,0.75,32,bot1,1,success,40,0,0.651
50,0.75,32,bot2,1,success,40,0,19.952
50,0.75,32,bot3,1,success,40,0,17.351
50,0.75,32,bot4,1,success,40,0,49.893
50,0.75,33,bot1,1,success,14,0,0.154
50,0.75,33,bot2,1,success,14,0,1.885
50,0.75,33,bot3,1,success,14,0,2.014
50,0.75,33,bot4,1,success,14,0,16.56
50,0.75,34,bot1,1,success,6,0,0.131
50,0.75,34,bot2,1,success,6,0,0.681
50,0.75,34,bot3,1,success,6,0,0.696
50,0.75,34,bot4,1,success,6,0,7.297
50,0.75,35,bot1,1,success,43,0,0.613
50,0.75,35,bot2,1,success,43,0,14.996
50,0.75,35,bot3,1,success,43,0,20.911
50,0.75,35,bot4,1,success,43,0,55.199
50,0.75,36,bot1,0,caught,31,0,0.768
50,0.75,36,bot2,0,caught,31,0,15.602
50,0.75,36,bot3,0,caught,31,0,18.795
50,0.75,36,bot4,0,caught,31,0,50.031
50,0.75,37,bot1,0,caught,23,1,0.266
50,0.75,37,bot2,0,button_burned,23,0,3.986
50,0.75,37,bot3,0,button_burned,23,3,6.411
50,0.75,37,bot4,0,button_burned,23,0,29.268
50,0.75,38,bot1,1,success,12,0,0.167
50,0.75,38,bot2,1,success,12,0,1.428
50,0.75,38,bot3,1,success,12,0,1.548
50,0.75,38,bot4,1,success,12,0,14.599
50,0.75,39,bot1,1,success,21,0,0.259
50,0.75,39,bot2,1,success,21,0,3.006
50,0.75,39,bot3,1,success,21,0,3.533
50,0.75,39,bot4,1,success,21,0,26.488
50,0.75,40,bot1,1,success,19,0,0.325
50,0.75,40,bot2,1,success,19,0,3.022
50,0.75,40,bot3,1,success,19,0,3.393
50,0.75,40,bot4,1,success,19,0,24.078
50,0.75,41,bot1,0,button_burned,3,0,0.826
50,0.75,41,bot2,0,button_burned,3,0,2.542
50,0.75,41,bot3,0,button_burned,3,0,3.877
50,0.75,41,bot4,0,button_burned,3,0,9.611
50,0.75,42,bot1,1,success,21,0,0.231
50,0.75,42,bot2,1,success,21,0,3.227
50,0.75,42,bot3,1,success,21,0,4.057
50,0.75,42,bot4,1,success,21,0,27.37
50,0.75,43,bot1,0,button_burned,33,0,0.4
50,0.75,43,bot2,0,button_burned,33,0,8.391
50,0.75,43,bot3,0,button_burned,33,0,12.891
50,0.75,43,bot4,0,button_burned,33,0,43.682
50,0.75,44,bot1,1,success,14,0,0.165
50,0.75,44,bot2,1,success,14,0,1.864
50,0.75,44,bot3,1,success,14,0,2.076
50,0.75,44,bot4,1,success,14,0,16.36
50,0.75,45,bot1,1,success,15,0,0.186
50,0.75,45,bot2,1,success,15,0,1.957
50,0.75,45,bot3,1,success,15,0,2.213
50,0.75,45,bot4,1,success,15,0,18.571
50,0.75,46,bot1,1,success,76,0,0.954
50,0.75,46,bot2,1,success,76,0,42.397
50,0.75,46,bot3,1,success,76,0,63.945
50,0.75,46,bot4,1,success,76,0,119.208
50,0.75,47,bot1,1,success,41,0,0.725
50,0.75,47,bot2,1,success,41,0,13.841
50,0.75,47,bot3,1,success,41,0,18.63
50,0.75,47,bot4,1,success,41,0,55.852
50,0.75,48,bot1,1,success,22,0,0.345
50,0.75,48,bot2,1,success,22,0,4.025
50,0.75,48,bot3,1,success,22,0,4.806
50,0.75,48,bot4,1,success,22,0,28.684
50,0.75,49,bot1,0,button_burned,18,0,0.487
50,0.75,49,bot2,0,trapped,17,0,11.23
50,0.75,49,bot3,0,trapped,17,0,15.248
50,0.75,49,bot4,0,trapped,17,0,35.781
50,0.75,50,bot1,1,success,27,0,0.366
50,0.75,50,bot2,1,success,27,0,5.952
50,0.75,50,bot3,1,success,27,0,7.087
50,0.75,50,bot4,1,success,27,0,36.532
50,0.75,51,bot1,1,success,12,0,0.159
50,0.75,51,bot2,1,success,12,0,1.474
50,0.75,51,bot3,1,success,12,0,1.605
50,0.75,51,bot4,1,success,12,0,14.534
50,0.75,52,bot1,1,success,11,0,0.153
50,0.75,52,bot2,1,success,11,0,1.325
50,0.75,52,bot3,1,success,11,0,1.335
50,0.75,52,bot4,1,success,11,0,12.926
50,0.75,53,bot1,0,entered_fire,10,1,0.812
50,0.75,53,bot2,0,trapped,16,0,11.06
50,0.75,53,bot3,0,trapped,20,3,18.876
50,0.75,53,bot4,0,trapped,20,8,44.256
50,0.75,54,bot1,1,success,40,0,0.546
50,0.75,54,bot2,1,success,40,0,13.926
50,0.75,54,bot3,1,success,40,0,21.714
50,0.75,54,bot4,1,success,40,0,59.849
50,0.75,55,bot1,1,success,61,0,0.872
50,0.75,55,bot2,1,success,61,0,52.206
50,0.75,55,bot3,1,success,61,0,51.813
50,0.75,55,bot4,1,success,61,0,100.474
50,0.75,56,bot1,1,success,52,0,0.712
50,0.75,56,bot2,1,success,52,0,19.939
50,0.75,56,bot3,1,success,52,0,26.8
50,0.75,56,bot4,1,success,52,0,64.467
50,0.75,57,bot1,0,button_burned,21,0,0.322
50,0.75,57,bot2,0,button_burned,21,0,4.304
50,0.75,57,bot3,0,button_burned,21,0,6.116
50,0.75,57,bot4,0,button_burned,21,0,26.079
50,0.75,58,bot1,1,success,25,0,0.265
50,0.75,58,bot2,1,success,25,0,4.326
50,0.75,58,bot3,1,success,25,0,4.941
50,0.75,58,bot4,1,success,25,0,30.132
50,0.75,59,bot1,1,success,31,0,0.375
50,0.75,59,bot2,1,success,31,0,6.349
50,0.75,59,bot3,1,success,31,0,9.015
50,0.75,59,bot4,1,success,31,0,37.691
50,0.75,60,bot1,1,success,12,0,0.162
50,0.75,60,bot2,1,success,12,0,1.576
50,0.75,60,bot3,1,success,12,0,1.619
50,0.75,60,bot4,1,success,12,0,16.368
50,0.75,61,bot1,1,success,36,0,0.57
50,0.75,61,bot2,1,success,36,0,11.434
50,0.75,61,bot3,1,success,36,0,16.83
50,0.75,61,bot4,1,success,36,0,73.858
50,0.75,62,bot1,1,success,19,0,0.288
50,0.75,62,bot2,1,success,19,0,3.083
50,0.75,62,bot3,1,success,19,0,3.41
50,0.75,62,bot4,1,success,19,0,23.49
50,0.75,63,bot1,1,success,26,0,0.378
50,0.75,63,bot2,1,success,26,0,4.929
50,0.75,63,bot3,1,success,26,0,6.007
50,0.75,63,bot4,1,success,26,0,34.717
50,0.75,64,bot1,1,success,19,0,0.219
50,0.75,64,bot2,1,success,19,0,2.583
50,0.75,64,bot3,1,success,19,0,3.063
50,0.75,64,bot4,1,success,19,0,23.879
50,0.75,65,bot1,1,success,36,0,0.334
50,0.75,65,bot2,1,success,36,0,7.798
50,0.75,65,bot3,1,success,36,0,11.191
50,0.75,65,bot4,1,success,36,0,44.198
50,0.75,66,bot1,0,button_burned,6,0,0.344
50,0.75,66,bot2,0,button_burned,6,0,2.777
50,0.75,66,bot3,0,button_burned,6,0,3.688
50,0.75,66,bot4,0,button_burned,6,0,10.781
50,0.75,67,bot1,0,button_burned,25,2,0.543
50,0.75,67,bot2,0,button_burned,25,0,12.082
50,0.75,67,bot3,0,button_burned,25,1,13.724
50,0.75,67,bot4,0,button_burned,25,3,42.603
50,0.75,68,bot1,1,success,41,0,0.819
50,0.75,68,bot2,1,success,41,0,14.019
50,0.75,68,bot3,1,success,41,0,17.327
50,0.75,68,bot4,1,success,41,0,58.476
50,0.75,69,bot1,1,success,40,0,0.363
50,0.75,69,bot2,1,success,40,0,9.827
50,0.75,69,bot3,1,success,40,0,10.978
50,0.75,69,bot4,1,success,40,0,51.793
50,0.75,70,bot1,0,caught,1,0,0.617
50,0.75,70,bot2,0,caught,1,0,0.601
50,0.75,70,bot3,0,trapped,9,1,5.758
50,0.75,70,bot4,0,trapped,9,1,14.832
50,0.75,71,bot1,0,caught,32,0,0.887
50,0.75,71,bot2,0,caught,32,0,22.08
50,0.75,71,bot3,0,caught,32,0,23.421
50,0.75,71,bot4,0,caught,32,0,57.041
50,0.75,72,bot1,0,button_burned,16,0,0.806
50,0.75,72,bot2,0,button_burned,16,0,10.437
50,0.75,72,bot3,0,button_burned,16,0,12.207
50,0.75,72,bot4,0,button_burned,16,0,27.78
50,0.75,73,bot1,0,caught,9,1,0.944
50,0.75,73,bot2,0,trapped,10,0,8.003
50,0.75,73,bot3,0,trapped,10,1,8.152
50,0.75,73,bot4,0,trapped,10,0,18.068
50,0.75,74,bot1,0,caught,10,1,0.652
50,0.75,74,bot2,0,caught,14,0,8.749
50,0.75,74,bot3,0,caught,14,0,9.635
50,0.75,74,bot4,0,trapped,28,3,60.767
50,0.75,75,bot1,1,success,23,0,0.25
50,0.75,75,bot2,1,success,23,0,3.901
50,0.75,75,bot3,1,success,23,0,4.825
50,0.75,75,bot4,1,success,23,0,27.619
50,0.75,76,bot1,1,success,28,0,0.442
50,0.75,76,bot2,1,success,28,0,6.139
50,0.75,76,bot3,1,success,28,0,7.462
50,0.75,76,bot4,1,success,28,0,34.357
50,0.75,77,bot1,1,success,52,0,0.725
50,0.75,77,bot2,1,success,52,0,25.249
50,0.75,77,bot3,1,success,52,0,34.137
50,0.75,77,bot4,1,success,54,1,69.029
50,0.75,78,bot1,1,success,55,0,0.885
50,0.75,78,bot2,1,success,55,0,29.922
50,0.75,78,bot3,1,success,55,0,33.426
50,0.75,78,bot4,1,success,55,0,74.922
50,0.75,79,bot1,0,caught,28,2,0.874
50,0.75,79,bot2,0,caught,39,0,27.209
50,0.75,79,bot3,0,caught,39,0,31.696
50,0.75,79,bot4,0,trapped,54,12,93.732
50,0.75,80,bot1,1,success,52,0,0.635
50,0.75,80,bot2,1,success,52,0,22.223
50,0.75,80,bot3,1,success,52,0,27.61
50,0.75,80,bot4,1,success,52,0,65.288
50,0.75,81,bot1,1,success,53,0,0.809
50,0.75,81,bot2,1,success,53,0,25.126
50,0.75,81,bot3,1,success,53,0,29.831
50,0.75,81,bot4,1,success,53,0,69.581
50,0.75,82,bot1,0,button_burned,20,0,0.955
50,0.75,82,bot2,0,trapped,11,0,9.576
50,0.75,82,bot3,0,trapped,11,0,12.03
50,0.75,82,bot4,0,trapped,11,0,27.671
50,0.75,83,bot1,0,button_burned,3,0,0.829
50,0.75,83,bot2,0,button_burned,3,0,2.465
50,0.75,83,bot3,0,button_burned,3,0,3.561
50,0.75,83,bot4,0,button_burned,3,0,8.172
50,0.75,84,bot1,1,success,47,0,0.514
50,0.75,84,bot2,1,success,47,0,15.001
50,0.75,84,bot3,1,success,47,0,21.908
50,0.75,84,bot4,1,success,47,0,59.171
50,0.75,85,bot1,0,caught,13,0,0.741
50,0.75,85,bot2,0,caught,13,0,8.012
50,0.75,85,bot3,0,button_burned,18,1,13.038
50,0.75,85,bot4,0,button_burned,18,2,31.89
50,0.75,86,bot1,1,success,14,0,0.192
50,0.75,86,bot2,1,success,14,0,1.85
50,0.75,86,bot3,1,success,14,0,2.064
50,0.75,86,bot4,1,success,14,0,16.748
50,0.75,87,bot1,0,button_burned,9,0,0.825
50,0.75,87,bot2,0,trapped,5,0,5.157
50,0.75,87,bot3,0,trapped,5,0,7.385
50,0.75,87,bot4,0,trapped,5,0,15.958
50,0.75,88,bot1,1,success,53,0,0.658
50,0.75,88,bot2,1,success,53,0,21.072
50,0.75,88,bot3,1,success,53,0,25.824
50,0.75,88,bot4,1,success,53,0,73.21
50,0.75,89,bot1,1,success,15,0,0.298
50,0.75,89,bot2,1,success,15,0,2.156
50,0.75,89,bot3,1,success,15,0,2.298
50,0.75,89,bot4,1,success,15,0,19.495
50,0.75,90,bot1,1,success,26,0,0.328
50,0.75,90,bot2,1,success,26,0,4.727
50,0.75,90,bot3,1,success,26,0,6.033
50,0.75,90,bot4,1,success,26,0,32.215
50,0.75,91,bot1,1,success,6,0,0.136
50,0.75,91,bot2,1,success,6,0,0.637
50,0.75,91,bot3,1,success,6,0,0.665
50,0.75,91,bot4,1,success,6,0,7.079
50,0.75,92,bot1,0,button_burned,33,0,0.746
50,0.75,92,bot2,0,trapped,30,0,19.337
50,0.75,92,bot3,0,trapped,30,0,21.024
50,0.75,92,bot4,0,trapped,30,0,57.741
50,0.75,93,bot1,1,success,5,0,0.128
50,0.75,93,bot2,1,success,5,0,0.632
50,0.75,93,bot3,1,success,5,0,0.558
50,0.75,93,bot4,1,success,5,0,6.43
50,0.75,94,bot1,0,button_burned,33,0,0.61
50,0.75,94,bot2,0,trapped,32,0,17.52
50,0.75,94,bot3,0,trapped,32,0,21.297
50,0.75,94,bot4,0,trapped,32,0,50.648
50,0.75,95,bot1,0,entered_fire,36,2,0.674
50,0.75,95,bot2,0,button_burned,64,0,41.319
50,0.75,95,bot3,0,button_burned,64,1,42.57
50,0.75,95,bot4,0,button_burned,64,7,124.199
50,0.75,96,bot1,0,button_burned,23,0,0.508
50,0.75,96,bot2,0,button_burned,23,0,8.463
50,0.75,96,bot3,0,button_burned,23,0,11.242
50,0.75,96,bot4,0,button_burned,23,0,38.45
50,0.75,97,bot1,1,success,43,0,0.613
50,0.75,97,bot2,1,success,43,0,20.613
50,0.75,97,bot3,1,success,43,0,18.509
50,0.75,97,bot4,1,success,43,0,56.993
50,0.75,98,bot1,1,success,31,0,0.45
50,0.75,98,bot2,1,success,31,0,6.865
50,0.75,98,bot3,1,success,31,0,9.494
50,0.75,98,bot4,1,success,31,0,52.464
50,0.75,99,bot1,1,success,49,0,1.054
50,0.75,99,bot2,1,success,49,0,21.817
50,0.75,99,bot3,1,success,49,0,30.892
50,0.75,99,bot4,1,success,49,0,67.485
50,0.75,100,bot1,1,success,36,0,0.391
50,0.75,100,bot2,1,success,36,0,7.817
50,0.75,100,bot3,1,success,36,0,11.37
50,0.75,100,bot4,1,success,36,0,55.069
50,0.75,101,bot1,1,success,54,0,0.675
50,0.75,101,bot2,1,success,54,0,25.742
50,0.75,101,bot3,1,success,54,0,35.209
50,0.75,101,bot4,1,success,54,0,76.61
50,0.75,102,bot1,1,success,25,0,0.338
50,0.75,102,bot2,1,success,25,0,5.094
50,0.75,102,bot3,1,success,25,0,5.044
50,0.75,102,bot4,1,success,25,0,34.871
50,0.75,103,bot1,1,success,32,0,0.346
50,0.75,103,bot2,1,success,32,0,6.662
50,0.75,103,bot3,1,success,32,0,9.2
50,0.75,103,bot4,1,success,32,0,43.804
50,0.75,104,bot1,1,success,44,0,0.6
50,0.75,104,bot2,1,success,44,0,14.298
50,0.75,104,bot3,1,success,44,0,18.287
50,0.75,104,bot4,1,success,44,0,58.891
50,0.75,105,bot1,1,success,35,0,0.419
50,0.75,105,bot2,1,success,35,0,14.542
50,0.75,105,bot3,1,success,35,0,16.535
50,0.75,105,bot4,1,success,35,0,52.791
50,0.75,106,bot1,0,caught,9,0,0.301
50,0.75,106,bot2,0,caught,9,0,2.001
50,0.75,106,bot3,0,trapped,12,1,2.893
50,0.75,106,bot4,0,trapped,12,1,18.699
50,0.75,107,bot1,0,caught,32,1,0.872
50,0.75,107,bot2,0,trapped,32,0,19.056
50,0.75,107,bot3,0,trapped,32,2,20.986
50,0.75,107,bot4,0,trapped,32,0,50.422
50,0.75,108,bot1,1,success,36,0,0.309
50,0.75,108,bot2,1,success,36,0,9.127
50,0.75,108,bot3,1,success,36,0,15.242
50,0.75,108,bot4,1,success,36,0,52.484
50,0.75,109,bot1,1,success,21,0,0.273
50,0.75,109,bot2,1,success,21,0,3.994
50,0.75,109,bot3,1,success,21,0,4.236
50,0.75,109,bot4,1,success,21,0,30.876
50,0.75,110,bot1,0,entered_fire,17,1,1.11
50,0.75,110,bot2,0,trapped,47,0,44.541
50,0.75,110,bot3,0,trapped,47,3,42.605
50,0.75,110,bot4,0,trapped,47,8,83.378
50,0.75,111,bot1,0,button_burned,24,0,0.235
50,0.75,111,bot2,0,button_burned,24,0,4.98
50,0.75,111,bot3,0,button_burned,24,0,6.64
50,0.75,111,bot4,0,button_burned,24,0,30.684
50,0.75,112,bot1,0,button_burned,65,0,0.894
50,0.75,112,bot2,0,trapped,63,0,34.618
50,0.75,112,bot3,0,trapped,63,0,54.416
50,0.75,112,bot4,0,button_burned,65,3,102.954
50,0.75,113,bot1,1,success,52,0,1.056
50,0.75,113,bot2,1,success,52,0,20.987
50,0.75,113,bot3,1,success,52,0,26.384
50,0.75,113,bot4,1,success,52,0,64.41
50,0.75,114,bot1,1,success,9,0,0.142
50,0.75,114,bot2,1,success,9,0,1.025
50,0.75,114,bot3,1,success,9,0,1.059
50,0.75,114,bot4,1,success,9,0,10.568
50,0.75,115,bot1,0,button_burned,12,0,0.689
50,0.75,115,bot2,0,button_burned,12,0,8.428
50,0.75,115,bot3,0,button_burned,12,2,9.16
50,0.75,115,bot4,0,button_burned,12,0,29.414
50,0.75,116,bot1,0,button_burned,17,0,0.426
50,0.75,116,bot2,0,button_burned,17,0,6.656
50,0.75,116,bot3,0,button_burned,17,0,7.734
50,0.75,116,bot4,0,button_burned,17,0,31.69
50,0.75,117,bot1,0,button_burned,33,0,0.652
50,0.75,117,bot2,0,button_burned,33,0,17.483
50,0.75,117,bot3,0,button_burned,33,0,22.506
50,0.75,117,bot4,0,button_burned,33,0,64.769
50,0.75,118,bot1,1,success,28,0,0.239
50,0.75,118,bot2,1,success,28,0,4.785
50,0.75,118,bot3,1,success,28,0,6.568
50,0.75,118,bot4,1,success,28,0,34.148
50,0.75,119,bot1,1,success,46,0,0.551
50,0.75,119,bot2,1,success,46,0,14.714
50,0.75,119,bot3,1,success,46,0,18.734
50,0.75,119,bot4,1,success,46,0,60.429
50,0.75,120,bot1,1,success,70,0,0.897
50,0.75,120,bot2,1,success,70,0,37.064
50,0.75,120,bot3,1,success,70,0,50.21
50,0.75,120,bot4,1,success,70,0,92.912
50,0.75,121,bot1,1,success,38,0,0.767
50,0.75,121,bot2,1,success,38,0,11.276
50,0.75,121,bot3,1,success,38,0,13.881
50,0.75,121,bot4,1,success,38,0,47.054
50,0.75,122,bot1,1,success,29,0,0.574
50,0.75,122,bot2,1,success,29,0,6.363
50,0.75,122,bot3,1,success,29,0,7.892
50,0.75,122,bot4,1,success,29,0,35.953
50,0.75,123,bot1,0,entered_fire,41,1,0.968
50,0.75,123,bot2,0,trapped,57,0,43.447
50,0.75,123,bot3,0,trapped,57,0,49.825
50,0.75,123,bot4,0,trapped,57,0,97.119
50,0.75,124,bot1,1,success,32,0,0.38
50,0.75,124,bot2,1,success,32,0,7.3
50,0.75,124,bot3,1,success,32,0,11.168
50,0.75,124,bot4,1,success,32,0,40.683
50,0.75,125,bot1,0,entered_fire,9,2,0.317
50,0.75,125,bot2,0,button_burned,28,0,9.873
50,0.75,125,bot3,0,button_burned,28,3,12.985
50,0.75,125,bot4,0,button_burned,28,8,50.568
50,0.75,126,bot1,0,button_burned,10,2,0.729
50,0.75,126,bot2,0,trapped,9,0,6.843
50,0.75,126,bot3,0,trapped,9,0,8.592
50,0.75,126,bot4,0,trapped,9,0,23.269
50,0.75,127,bot1,0,entered_fire,27,3,0.968
50,0.75,127,bot2,0,trapped,18,0,16.583
50,0.75,127,bot3,0,trapped,18,0,18.426
50,0.75,127,bot4,0,trapped,18,3,47.818
50,0.75,128,bot1,0,entered_fire,19,4,0.594
50,0.75,128,bot2,0,button_burned,36,0,9.586
50,0.75,128,bot3,0,button_burned,36,1,13.422
50,0.75,128,bot4,0,button_burned,36,6,50.362
50,0.75,129,bot1,1,success,24,0,0.404
50,0.75,129,bot2,1,success,24,0,5.225
50,0.75,129,bot3,1,success,24,0,5.765
50,0.75,129,bot4,1,success,24,0,32.824
50,0.75,130,bot1,1,success,27,0,0.449
50,0.75,130,bot2,1,success,27,0,6.14
50,0.75,130,bot3,1,success,27,0,7.18
50,0.75,130,bot4,1,success,27,0,32.181
50,0.75,131,bot1,0,entered_fire,5,2,0.81
50,0.75,131,bot2,0,caught,19,0,10.426
50,0.75,131,bot3,0,trapped,22,1,11.949
50,0.75,131,bot4,0,trapped,37,6,54.139
50,0.75,132,bot1,1,success,30,0,0.401
50,0.75,132,bot2,1,success,30,0,7.126
50,0.75,132,bot3,1,success,30,0,9.356
50,0.75,132,bot4,0,button_burned,35,5,47.836
50,0.75,133,bot1,1,success,16,0,0.246
50,0.75,133,bot2,1,success,16,0,2.292
50,0.75,133,bot3,1,success,16,0,2.532
50,0.75,133,bot4,1,success,16,0,18.876
50,0.75,134,bot1,1,success,18,0,0.302
50,0.75,134,bot2,1,success,18,0,3.416
50,0.75,134,bot3,1,success,18,0,3.216
50,0.75,134,bot4,1,success,18,0,24.613
50,0.75,135,bot1,1,success,41,0,0.845
50,0.75,135,bot2,1,success,41,0,14.621
50,0.75,135,bot3,1,success,41,0,14.397
50,0.75,135,bot4,1,success,41,0,53.205
50,0.75,136,bot1,1,success,41,0,0.371
50,0.75,136,bot2,1,success,41,0,10.441
50,0.75,136,bot3,1,success,41,0,11.764
50,0.75,136,bot4,1,success,41,0,53.19
50,0.75,137,bot1,1,success,65,0,0.913
50,0.75,137,bot2,1,success,65,0,35.237
50,0.75,137,bot3,1,success,65,0,48.517
50,0.75,137,bot4,1,success,65,0,96.823
50,0.75,138,bot1,1,success,25,0,0.313
50,0.75,138,bot2,1,success,25,0,4.764
50,0.75,138,bot3,1,success,25,0,5.999
50,0.75,138,bot4,1,success,25,0,44.023
50,0.75,139,bot1,1,success,32,0,0.424
50,0.75,139,bot2,1,success,32,0,7.079
50,0.75,139,bot3,1,success,32,0,7.562
50,0.75,139,bot4,1,success,32,0,64.682
50,0.75,140,bot1,1,success,9,0,0.162
50,0.75,140,bot2,1,success,9,0,1.203
50,0.75,140,bot3,1,success,9,0,1.091
50,0.75,140,bot4,1,success,9,0,11.105
50,0.75,141,bot1,1,success,64,0,0.783
50,0.75,141,bot2,1,success,64,0,28.502
50,0.75,141,bot3,1,success,64,0,37.363
50,0.75,141,bot4,1,success,64,0,84.21
50,0.75,142,bot1,1,success,22,0,0.216
50,0.75,142,bot2,1,success,22,0,3.379
50,0.75,142,bot3,1,success,22,0,4.128
50,0.75,142,bot4,1,success,22,0,26.869
50,0.75,143,bot1,0,caught,18,0,0.982
50,0.75,143,bot2,0,caught,18,0,16.461
50,0.75,143,bot3,0,caught,22,1,18.257
50,0.75,143,bot4,1,success,74,2,120.669
50,0.75,144,bot1,1,success,27,0,0.439
50,0.75,144,bot2,1,success,27,0,6.615
50,0.75,144,bot3,1,success,27,0,8.552
50,0.75,144,bot4,1,success,27,0,41.419
50,0.75,145,bot1,0,entered_fire,9,1,0.491
50,0.75,145,bot2,0,button_burned,37,0,9.928
50,0.75,145,bot3,0,button_burned,37,2,13.638
50,0.75,145,bot4,0,button_burned,37,2,45.798
50,0.75,146,bot1,1,success,14,0,0.162
50,0.75,146,bot2,1,success,14,0,1.81
50,0.75,146,bot3,1,success,14,0,2.017
50,0.75,146,bot4,1,success,14,0,17.176
50,0.75,147,bot1,1,success,35,0,0.606
50,0.75,147,bot2,1,success,35,0,10.405
50,0.75,147,bot3,1,success,35,0,13.852
50,0.75,147,bot4,1,success,35,0,41.954
50,0.75,148,bot1,1,success,28,0,0.412
50,0.75,148,bot2,1,success,28,0,5.612
50,0.75,148,bot3,1,success,28,0,6.273
50,0.75,148,bot4,1,success,28,0,37.715
50,0.75,149,bot1,0,caught,16,1,0.919
50,0.75,149,bot2,0,trapped,44,0,27.489
50,0.75,149,bot3,0,trapped,44,0,34.995
50,0.75,149,bot4,0,trapped,44,6,81.042
50,0.75,150,bot1,1,success,24,0,0.296
50,0.75,150,bot2,1,success,24,0,4.249
50,0.75,150,bot3,1,success,24,0,4.969
50,0.75,150,bot4,1,success,24,0,29.797
50,0.75,151,bot1,1,success,51,0,0.8
50,0.75,151,bot2,1,success,51,0,23.52
50,0.75,151,bot3,1,success,51,0,30.75
50,0.75,151,bot4,1,success,51,0,68.483
50,0.75,152,bot1,0,entered_fire,10,1,0.709
50,0.75,152,bot2,0,trapped,27,0,19.133
50,0.75,152,bot3,0,trapped,40,3,26.04
50,0.75,152,bot4,0,trapped,40,3,70.976
50,0.75,153,bot1,1,success,30,0,0.472
50,0.75,153,bot2,1,success,30,0,7.223
50,0.75,153,bot3,1,success,30,0,9.47
50,0.75,153,bot4,1,success,30,0,36.677
50,0.75,154,bot1,0,entered_fire,31,6,0.673
50,0.75,154,bot2,0,trapped,45,0,20.542
50,0.75,154,bot3,0,trapped,45,0,28.32
50,0.75,154,bot4,0,trapped,45,0,64.21
50,0.75,155,bot1,1,success,13,0,0.211
50,0.75,155,bot2,1,success,13,0,1.778
50,0.75,155,bot3,1,success,13,0,1.672
50,0.75,155,bot4,1,success,13,0,16.472
50,0.75,156,bot1,1,success,49,0,0.539
50,0.75,156,bot2,1,success,49,0,15.238
50,0.75,156,bot3,1,success,49,0,20.996
50,0.75,156,bot4,0,trapped,55,7,71.727
50,0.75,157,bot1,1,success,26,0,0.263
50,0.75,157,bot2,1,success,26,0,4.628
50,0.75,157,bot3,1,success,26,0,6.25
50,0.75,157,bot4,1,success,26,0,31.623
50,0.75,158,bot1,0,entered_fire,27,1,0.682
50,0.75,158,bot2,0,trapped,29,0,16.505
50,0.75,158,bot3,0,trapped,29,1,29.743
50,0.75,158,bot4,0,trapped,29,1,75.287
50,0.75,159,bot1,1,success,28,0,0.365
50,0.75,159,bot2,1,success,28,0,6.258
50,0.75,159,bot3,1,success,28,0,7.764
50,0.75,159,bot4,1,success,28,0,35.77
50,0.75,160,bot1,1,success,23,0,0.343
50,0.75,160,bot2,1,success,23,0,4.225
50,0.75,160,bot3,1,success,23,0,4.953
50,0.75,160,bot4,1,success,23,0,28.141
50,0.75,161,bot1,0,entered_fire,24,4,0.75
50,0.75,161,bot2,0,trapped,36,0,22.117
50,0.75,161,bot3,0,trapped,36,0,25.503
50,0.75,161,bot4,0,trapped,36,3,70.642
50,0.75,162,bot1,0,entered_fire,32,1,0.995
50,0.75,162,bot2,0,button_burned,46,0,23.391
50,0.75,162,bot3,0,button_burned,46,0,31.725
50,0.75,162,bot4,0,button_burned,46,6,103.521
50,0.75,163,bot1,1,success,28,0,0.648
50,0.75,163,bot2,1,success,28,0,5.608
50,0.75,163,bot3,1,success,28,0,7.111
50,0.75,163,bot4,1,success,28,0,38.892
50,0.75,164,bot1,1,success,15,0,0.197
50,0.75,164,bot2,1,success,15,0,2.035
50,0.75,164,bot3,1,success,15,0,2.825
50,0.75,164,bot4,1,success,15,0,18.857
50,0.75,165,bot1,0,entered_fire,21,6,0.851
50,0.75,165,bot2,0,trapped,24,0,17.8
50,0.75,165,bot3,0,trapped,24,0,19.507
50,0.75,165,bot4,0,trapped,28,4,53.022
50,0.75,166,bot1,0,button_burned,17,0,0.846
50,0.75,166,bot2,0,trapped,13,0,12.636
50,0.75,166,bot3,0,trapped,13,0,14.615
50,0.75,166,bot4,0,trapped,13,0,44.26
50,0.75,167,bot1,1,success,36,0,0.415
50,0.75,167,bot2,1,success,36,0,11.616
50,0.75,167,bot3,1,success,36,0,13.844
50,0.75,167,bot4,1,success,36,0,48.225
50,0.75,168,bot1,1,success,32,0,0.454
50,0.75,168,bot2,1,success,32,0,8.984
50,0.75,168,bot3,1,success,32,0,9.635
50,0.75,168,bot4,1,success,32,0,42.111
50,0.75,169,bot1,1,success,43,0,0.735
50,0.75,169,bot2,1,success,43,0,14.564
50,0.75,169,bot3,1,success,43,0,42.118
50,0.75,169,bot4,1,success,43,0,59.482
50,0.75,170,bot1,1,success,43,0,0.371
50,0.75,170,bot2,1,success,43,0,12.332
50,0.75,170,bot3,1,success,43,0,23.415
50,0.75,170,bot4,1,success,43,0,59.444
50,0.75,171,bot1,1,success,72,0,1.01
50,0.75,171,bot2,1,success,72,0,45.014
50,0.75,171,bot3,1,success,72,0,56.322
50,0.75,171,bot4,1,success,74,1,105.265
50,0.75,172,bot1,0,entered_fire,24,0,0.579
50,0.75,172,bot2,0,trapped,22,0,9.822
50,0.75,172,bot3,0,trapped,22,0,10.864
50,0.75,172,bot4,0,trapped,24,1,37.78
50,0.75,173,bot1,1,success,67,0,0.978
50,0.75,173,bot2,1,success,67,0,56.653
50,0.75,173,bot3,1,success,67,0,52.253
50,0.75,173,bot4,1,success,67,0,91.582
50,0.75,174,bot1,1,success,21,0,0.239
50,0.75,174,bot2,1,success,21,0,3.107
50,0.75,174,bot3,1,success,21,0,3.541
50,0.75,174,bot4,1,success,21,0,25.137
50,0.75,175,bot1,1,success,19,0,0.207
50,0.75,175,bot2,1,success,19,0,3.142
50,0.75,175,bot3,1,success,19,0,3.381
50,0.75,175,bot4,1,success,19,0,26.685
50,0.75,176,bot1,0,caught,29,1,1.006
50,0.75,176,bot2,0,trapped,36,0,26.943
50,0.75,176,bot3,0,trapped,36,0,31.073
50,0.75,176,bot4,0,trapped,41,6,83.449
50,0.75,177,bot1,1,success,40,0,0.644
50,0.75,177,bot2,1,success,40,0,11.94
50,0.75,177,bot3,1,success,40,0,18.463
50,0.75,177,bot4,1,success,40,0,59.777
50,0.75,178,bot1,1,success,39,0,0.564
50,0.75,178,bot2,1,success,39,0,11.63
50,0.75,178,bot3,1,success,39,0,14.263
50,0.75,178,bot4,1,success,39,0,47.91
50,0.75,179,bot1,0,caught,12,0,0.627
50,0.75,179,bot2,0,caught,12,0,6.627
50,0.75,179,bot3,0,trapped,42,4,22.703
50,0.75,179,bot4,0,trapped,58,8,84.324
50,0.75,180,bot1,0,entered_fire,18,1,0.888
50,0.75,180,bot2,0,button_burned,28,0,17.629
50,0.75,180,bot3,0,button_burned,28,2,22.553
50,0.75,180,bot4,0,button_burned,28,7,53.9
50,0.75,181,bot1,1,success,29,0,0.301
50,0.75,181,bot2,1,success,29,0,5.64
50,0.75,181,bot3,1,success,29,0,7.155
50,0.75,181,bot4,1,success,29,0,53.716
50,0.75,182,bot1,1,success,54,0,0.458
50,0.75,182,bot2,1,success,54,0,20.151
50,0.75,182,bot3,1,success,54,0,26.764
50,0.75,182,bot4,1,success,54,0,69.13
50,0.75,183,bot1,1,success,37,0,0.423
50,0.75,183,bot2,1,success,37,0,8.504
50,0.75,183,bot3,1,success,37,0,12.071
50,0.75,183,bot4,1,success,37,0,48.809
50,0.75,184,bot1,1,success,67,0,0.864
50,0.75,184,bot2,1,success,67,0,36.888
50,0.75,184,bot3,1,success,67,0,43.647
50,0.75,184,bot4,1,success,67,0,89.379
50,0.75,185,bot1,0,caught,33,0,0.856
50,0.75,185,bot2,0,caught,33,0,27.307
50,0.75,185,bot3,0,caught,33,0,28.65
50,0.75,185,bot4,0,caught,33,0,81.626
50,0.75,186,bot1,1,success,64,0,0.889
50,0.75,186,bot2,1,success,64,0,41.441
50,0.75,186,bot3,1,success,64,0,60.578
50,0.75,186,bot4,1,success,64,0,85.036
50,0.75,187,bot1,1,success,21,0,0.267
50,0.75,187,bot2,1,success,21,0,4.081
50,0.75,187,bot3,1,success,21,0,4.273
50,0.75,187,bot4,1,success,21,0,26.203
50,0.75,188,bot1,1,success,27,0,0.214
50,0.75,188,bot2,1,success,27,0,4.515
50,0.75,188,bot3,1,success,27,0,4.66
50,0.75,188,bot4,1,success,27,0,33.469
50,0.75,189,bot1,0,button_burned,36,0,0.85
50,0.75,189,bot2,0,button_burned,36,0,9.658
50,0.75,189,bot3,0,button_burned,36,0,12.24
50,0.75,189,bot4,0,button_burned,36,0,47.732
50,0.75,190,bot1,1,success,29,0,0.37
50,0.75,190,bot2,1,success,29,0,6.667
50,0.75,190,bot3,1,success,29,0,8.665
50,0.75,190,bot4,1,success,29,0,36.163
50,0.75,191,bot1,0,caught,24,0,0.647
50,0.75,191,bot2,0,trapped,13,0,7.924
50,0.75,191,bot3,0,trapped,13,0,10.083
50,0.75,191,bot4,0,trapped,13,0,30.341
50,0.75,192,bot1,1,success,24,0,0.236
50,0.75,192,bot2,1,success,24,0,4.045
50,0.75,192,bot3,1,success,24,0,4.875
50,0.75,192,bot4,1,success,24,0,28.844
50,0.75,193,bot1,1,success,21,0,0.223
50,0.75,193,bot2,1,success,21,0,3.14
50,0.75,193,bot3,1,success,21,0,3.57
50,0.75,193,bot4,1,success,21,0,24.957
50,0.75,194,bot1,0,caught,45,1,1.84
50,0.75,194,bot2,0,trapped,47,0,22.156
50,0.75,194,bot3,0,trapped,47,0,38.998
50,0.75,194,bot4,0,trapped,47,0,81.68
50,0.75,195,bot1,1,success,36,0,1.138
50,0.75,195,bot2,1,success,36,0,11.047
50,0.75,195,bot3,1,success,36,0,13.725
50,0.75,195,bot4,1,success,36,0,44.808
50,0.75,196,bot1,0,entered_fire,16,2,0.44
50,0.75,196,bot2,0,button_burned,35,0,9.448
50,0.75,196,bot3,0,button_burned,35,0,11.393
50,0.75,196,bot4,0,button_burned,35,1,43.792
50,0.75,197,bot1,1,success,67,0,1.509
50,0.75,197,bot2,1,success,67,0,41.919
50,0.75,197,bot3,1,success,67,0,45.884
50,0.75,197,bot4,1,success,67,0,94.147
50,0.75,198,bot1,0,button_burned,29,0,1.024
50,0.75,198,bot2,0,button_burned,29,0,25.556
50,0.75,198,bot3,0,button_burned,29,0,26.885
50,0.75,198,bot4,0,button_burned,29,1,65.186
50,0.75,199,bot1,0,button_burned,33,0,0.54
50,0.75,199,bot2,0,button_burned,33,0,12.448
50,0.75,199,bot3,0,button_burned,33,0,16.744
50,0.75,199,bot4,0,button_burned,33,0,44.035
50,0.8,0,bot1,0,entered_fire,18,5,0.942
50,0.8,0,bot2,0,trapped,31,0,23.231
50,0.8,0,bot3,0,trapped,31,2,28.64
50,0.8,0,bot4,0,trapped,35,8,64.503
50,0.8,1,bot1,1,success,37,0,0.526
50,0.8,1,bot2,1,success,37,0,12.49
50,0.8,1,bot3,1,success,37,0,19.891
50,0.8,1,bot4,0,trapped,37,5,64.926
50,0.8,2,bot1,0,entered_fire,5,4,0.764
50,0.8,2,bot2,0,trapped,16,0,10.191
50,0.8,2,bot3,0,trapped,16,1,9.773
50,0.8,2,bot4,0,trapped,16,1,31.975
50,0.8,3,bot1,1,success,43,0,0.642
50,0.8,3,bot2,1,success,43,0,14.635
50,0.8,3,bot3,1,success,43,0,18.537
50,0.8,3,bot4,1,success,43,0,58.681
50,0.8,4,bot1,0,entered_fire,14,3,0.443
50,0.8,4,bot2,0,button_burned,21,0,8.396
50,0.8,4,bot3,0,button_burned,21,2,11.324
50,0.8,4,bot4,0,button_burned,21,1,38.619
50,0.8,5,bot1,1,success,41,0,1.536
50,0.8,5,bot2,1,success,41,0,17.697
50,0.8,5,bot3,1,success,41,0,17.89
50,0.8,5,bot4,1,success,41,0,55.614
50,0.8,6,bot1,0,caught,1,0,0.726
50,0.8,6,bot2,0,caught,1,0,0.73
50,0.8,6,bot3,0,caught,1,0,0.649
50,0.8,6,bot4,0,caught,1,0,1.412
50,0.8,7,bot1,1,success,43,0,0.579
50,0.8,7,bot2,1,success,43,0,15.181
50,0.8,7,bot3,1,success,43,0,17.474
50,0.8,7,bot4,1,success,43,0,56.517
50,0.8,8,bot1,0,button_burned,24,0,0.853
50,0.8,8,bot2,0,trapped,23,0,18.066
50,0.8,8,bot3,0,trapped,23,0,20.302
50,0.8,8,bot4,0,trapped,23,0,58.287
50,0.8,9,bot1,1,success,6,0,0.161
50,0.8,9,bot2,1,success,6,0,0.622
50,0.8,9,bot3,1,success,6,0,0.677
50,0.8,9,bot4,1,success,6,0,8.456
50,0.8,10,bot1,0,button_burned,28,0,0.38
50,0.8,10,bot2,0,button_burned,28,0,8.074
50,0.8,10,bot3,0,button_burned,28,0,10.148
50,0.8,10,bot4,0,button_burned,28,0,36.931
50,0.8,11,bot1,1,success,40,0,0.712
50,0.8,11,bot2,1,success,40,0,13.315
50,0.8,11,bot3,1,success,40,0,18.954
50,0.8,11,bot4,1,success,40,0,55.004
50,0.8,12,bot1,1,success,40,0,0.502
50,0.8,12,bot2,1,success,40,0,10.339
50,0.8,12,bot3,1,success,40,0,12.708
50,0.8,12,bot4,1,success,44,2,55.921
50,0.8,13,bot1,0,button_burned,11,0,0.757
50,0.8,13,bot2,0,button_burned,11,0,8.957
50,0.8,13,bot3,0,button_burned,11,0,10.085
50,0.8,13,bot4,0,button_burned,11,0,32.835
50,0.8,14,bot1,0,button_burned,25,3,0.47
50,0.8,14,bot2,0,trapped,24,0,9.732
50,0.8,14,bot3,0,trapped,24,1,13.198
50,0.8,14,bot4,0,trapped,24,0,39.411
50,0.8,15,bot1,0,entered_fire,24,4,1.003
50,0.8,15,bot2,0,caught,33,0,27.825
50,0.8,15,bot3,0,trapped,36,3,33.248
50,0.8,15,bot4,0,trapped,36,8,77.348
50,0.8,16,bot1,0,button_burned,15,0,0.719
50,0.8,16,bot2,0,button_burned,15,0,11.132
50,0.8,16,bot3,0,button_burned,15,0,11.898
50,0.8,16,bot4,0,button_burned,15,2,39.545
50,0.8,17,bot1,1,success,43,0,0.893
50,0.8,17,bot2,1,success,43,0,16.546
50,0.8,17,bot3,1,success,43,0,21.636
50,0.8,17,bot4,1,success,43,0,56.034
50,0.8,18,bot1,1,success,15,0,0.201
50,0.8,18,bot2,1,success,15,0,2.07
50,0.8,18,bot3,1,success,15,0,2.299
50,0.8,18,bot4,1,success,15,0,18.551
50,0.8,19,bot1,0,button_burned,39,0,0.907
50,0.8,19,bot2,0,button_burned,39,0,16.478
50,0.8,19,bot3,0,button_burned,39,0,19.444
50,0.8,19,bot4,0,button_burned,39,3,52.568
50,0.8,20,bot1,0,entered_fire,19,1,0.834
50,0.8,20,bot2,0,trapped,32,0,22.865
50,0.8,20,bot3,0,trapped,32,1,25.239
50,0.8,20,bot4,0,trapped,32,6,57.196
50,0.8,21,bot1,1,success,39,0,0.423
50,0.8,21,bot2,1,success,39,0,9.985
50,0.8,21,bot3,1,success,39,0,13.052
50,0.8,21,bot4,1,success,41,1,58.817
50,0.8,22,bot1,1,success,18,0,0.229
50,0.8,22,bot2,1,success,18,0,2.643
50,0.8,22,bot3,1,success,18,0,3.024
50,0.8,22,bot4,1,success,18,0,24.735
50,0.8,23,bot1,0,button_burned,10,0,0.93
50,0.8,23,bot2,0,button_burned,10,0,9.515
50,0.8,23,bot3,0,button_burned,10,0,11.734
50,0.8,23,bot4,0,button_burned,10,0,27.415
50,0.8,24,bot1,0,entered_fire,20,1,0.493
50,0.8,24,bot2,0,trapped,18,0,7.626
50,0.8,24,bot3,0,trapped,18,1,8.408
50,0.8,24,bot4,0,trapped,24,0,40.637
50,0.8,25,bot1,1,success,10,0,0.147
50,0.8,25,bot2,1,success,10,0,1.178
50,0.8,25,bot3,1,success,10,0,1.229
50,0.8,25,bot4,1,success,10,0,12.181
50,0.8,26,bot1,0,entered_fire,20,1,0.802
50,0.8,26,bot2,0,caught,19,0,11.956
50,0.8,26,bot3,0,trapped,37,1,22.86
50,0.8,26,bot4,0,trapped,47,7,69.728
50,0.8,27,bot1,0,caught,11,1,1.051
50,0.8,27,bot2,0,caught,20,0,19.361
50,0.8,27,bot3,0,trapped,19,2,17.82
50,0.8,27,bot4,0,trapped,19,4,38.654
50,0.8,28,bot1,0,entered_fire,13,7,0.519
50,0.8,28,bot2,0,button_burned,25,0,18.361
50,0.8,28,bot3,0,button_burned,25,1,19.95
50,0.8,28,bot4,0,button_burned,25,5,49.21
50,0.8,29,bot1,1,success,18,0,0.184
50,0.8,29,bot2,1,success,18,0,2.399
50,0.8,29,bot3,1,success,18,0,2.882
50,0.8,29,bot4,1,success,18,0,21.747
50,0.8,30,bot1,0,button_burned,10,0,0.258
50,0.8,30,bot2,0,button_burned,10,0,2.403
50,0.8,30,bot3,0,button_burned,10,0,3.305
50,0.8,30,bot4,0,button_burned,10,0,17.414
50,0.8,31,bot1,1,success,41,0,0.611
50,0.8,31,bot2,1,success,41,0,17.489
50,0.8,31,bot3,1,success,41,0,19.837
50,0.8,31,bot4,1,success,41,0,51.678
50,0.8,32,bot1,0,entered_fire,30,1,0.687
50,0.8,32,bot2,0,caught,37,0,13.315
50,0.8,32,bot3,0,trapped,38,3,18.75
50,0.8,32,bot4,0,trapped,38,0,50.202
50,0.8,33,bot1,1,success,14,0,0.163
50,0.8,33,bot2,1,success,14,0,1.807
50,0.8,33,bot3,1,success,14,0,2.139
50,0.8,33,bot4,1,success,14,0,17.975
50,0.8,34,bot1,1,success,6,0,0.145
50,0.8,34,bot2,1,success,6,0,0.835
50,0.8,34,bot3,1,success,6,0,0.833
50,0.8,34,bot4,1,success,6,0,8.741
50,0.8,35,bot1,1,success,43,0,0.598
50,0.8,35,bot2,1,success,43,0,13.81
50,0.8,35,bot3,1,success,43,0,19.804
50,0.8,35,bot4,1,success,43,0,54.077
50,0.8,36,bot1,0,entered_fire,44,0,0.778
50,0.8,36,bot2,0,trapped,32,0,19.028
50,0.8,36,bot3,0,trapped,32,0,24.777
50,0.8,36,bot4,0,trapped,32,0,60.439
50,0.8,37,bot1,0,caught,23,1,0.301
50,0.8,37,bot2,0,button_burned,23,0,4.354
50,0.8,37,bot3,0,button_burned,23,1,5.929
50,0.8,37,bot4,0,button_burned,23,0,32.085
50,0.8,38,bot1,1,success,12,0,0.152
50,0.8,38,bot2,1,success,12,0,1.542
50,0.8,38,bot3,1,success,12,0,1.659
50,0.8,38,bot4,1,success,12,0,15.569
50,0.8,39,bot1,1,success,21,0,0.232
50,0.8,39,bot2,1,success,21,0,3.285
50,0.8,39,bot3,1,success,21,0,3.797
50,0.8,39,bot4,1,success,21,0,27.256
50,0.8,40,bot1,1,success,19,0,0.797
50,0.8,40,bot2,1,success,19,0,3.753
50,0.8,40,bot3,1,success,19,0,3.592
50,0.8,40,bot4,1,success,19,0,24.263
50,0.8,41,bot1,0,button_burned,3,0,0.981
50,0.8,41,bot2,0,button_burned,3,0,2.506
50,0.8,41,bot3,0,button_burned,3,0,3.418
50,0.8,41,bot4,0,button_burned,3,0,8.865
50,0.8,42,bot1,1,success,21,0,0.287
50,0.8,42,bot2,1,success,21,0,4.369
50,0.8,42,bot3,1,success,21,0,4.873
50,0.8,42,bot4,1,success,21,0,31.318
50,0.8,43,bot1,0,button_burned,32,0,0.365
50,0.8,43,bot2,0,button_burned,32,0,8.447
50,0.8,43,bot3,0,button_burned,32,0,11.629
50,0.8,43,bot4,0,button_burned,32,0,44.563
50,0.8,44,bot1,1,success,14,0,0.189
50,0.8,44,bot2,1,success,14,0,2.318
50,0.8,44,bot3,1,success,14,0,2.662
50,0.8,44,bot4,1,success,14,0,20.546
50,0.8,45,bot1,1,success,15,0,0.185
50,0.8,45,bot2,1,success,15,0,1.905
50,0.8,45,bot3,1,success,15,0,2.323
50,0.8,45,bot4,1,success,15,0,19.156
50,0.8,46,bot1,1,success,76,0,1.044
50,0.8,46,bot2,1,success,76,0,46.782
50,0.8,46,bot3,1,success,76,0,68.368
50,0.8,46,bot4,1,success,76,0,112.507
50,0.8,47,bot1,1,success,41,0,0.818
50,0.8,47,bot2,1,success,41,0,14.148
50,0.8,47,bot3,1,success,41,0,18.85
50,0.8,47,bot4,1,success,41,0,58.883
50,0.8,48,bot1,1,success,22,0,0.307
50,0.8,48,bot2,1,success,22,0,3.923
50,0.8,48,bot3,1,success,22,0,4.731
50,0.8,48,bot4,1,success,22,0,27.979
50,0.8,49,bot1,0,button_burned,18,0,0.508
50,0.8,49,bot2,0,trapped,17,0,8.103
50,0.8,49,bot3,0,trapped,17,0,9.665
50,0.8,49,bot4,0,trapped,17,0,42.978
50,0.8,50,bot1,1,success,27,0,0.456
50,0.8,50,bot2,1,success,27,0,6.083
50,0.8,50,bot3,1,success,27,0,7.22
50,0.8,50,bot4,1,success,27,0,34.945
50,0.8,51,bot1,1,success,12,0,0.147
50,0.8,51,bot2,1,success,12,0,1.493
50,0.8,51,bot3,1,success,12,0,1.641
50,0.8,51,bot4,1,success,12,0,14.651
50,0.8,52,bot1,1,success,11,0,0.181
50,0.8,52,bot2,1,success,11,0,1.349
50,0.8,52,bot3,1,success,11,0,1.524
50,0.8,52,bot4,1,success,11,0,13.612
50,0.8,53,bot1,0,caught,9,0,0.925
50,0.8,53,bot2,0,caught,9,0,7.744
50,0.8,53,bot3,0,trapped,19,2,16.971
50,0.8,53,bot4,0,trapped,19,7,39.434
50,0.8,54,bot1,1,success,40,0,0.552
50,0.8,54,bot2,1,success,40,0,12.894
50,0.8,54,bot3,1,success,40,0,16.938
50,0.8,54,bot4,1,success,40,0,50.159
50,0.8,55,bot1,1,success,61,0,1.026
50,0.8,55,bot2,1,success,61,0,31.421
50,0.8,55,bot3,1,success,61,0,45.506
50,0.8,55,bot4,1,success,67,3,94.985
50,0.8,56,bot1,1,success,52,0,0.918
50,0.8,56,bot2,1,success,52,0,21.39
50,0.8,56,bot3,1,success,52,0,33.18
50,0.8,56,bot4,1,success,52,0,76.555
50,0.8,57,bot1,0,button_burned,19,0,0.493
50,0.8,57,bot2,0,button_burned,19,0,4.168
50,0.8,57,bot3,0,button_burned,19,0,6.263
50,0.8,57,bot4,0,button_burned,19,0,27.228
50,0.8,58,bot1,1,success,25,0,0.235
50,0.8,58,bot2,1,success,25,0,4.709
50,0.8,58,bot3,1,success,25,0,5.305
50,0.8,58,bot4,1,success,25,0,33.734
50,0.8,59,bot1,1,success,31,0,0.331
50,0.8,59,bot2,1,success,31,0,6.327
50,0.8,59,bot3,1,success,31,0,9.958
50,0.8,59,bot4,1,success,31,0,60.518
50,0.8,60,bot1,1,success,12,0,0.154
50,0.8,60,bot2,1,success,12,0,1.379
50,0.8,60,bot3,1,success,12,0,1.66
50,0.8,60,bot4,1,success,12,0,14.015
50,0.8,61,bot1,1,success,36,0,0.56
50,0.8,61,bot2,1,success,36,0,10.53
50,0.8,61,bot3,1,success,36,0,14.701
50,0.8,61,bot4,1,success,36,0,48.686
50,0.8,62,bot1,1,success,19,0,0.311
50,0.8,62,bot2,1,success,19,0,3.309
50,0.8,62,bot3,1,success,19,0,3.916
50,0.8,62,bot4,1,success,19,0,24.254
50,0.8,63,bot1,1,success,26,0,0.423
50,0.8,63,bot2,1,success,26,0,5.466
50,0.8,63,bot3,1,success,26,0,8.254
50,0.8,63,bot4,1,success,26,0,42.272
50,0.8,64,bot1,1,success,19,0,0.202
50,0.8,64,bot2,1,success,19,0,2.517
50,0.8,64,bot3,1,success,19,0,3.002
50,0.8,64,bot4,1,success,19,0,22.685
50,0.8,65,bot1,1,success,36,0,0.363
50,0.8,65,bot2,1,success,36,0,7.628
50,0.8,65,bot3,1,success,36,0,12.011
50,0.8,65,bot4,1,success,36,0,50.456
50,0.8,66,bot1,0,button_burned,6,0,0.571
50,0.8,66,bot2,0,button_burned,6,0,3.073
50,0.8,66,bot3,0,button_burned,6,0,3.779
50,0.8,66,bot4,0,button_burned,6,0,13.103
50,0.8,67,bot1,0,button_burned,26,3,0.541
50,0.8,67,bot2,0,button_burned,26,0,11.544
50,0.8,67,bot3,0,button_burned,26,1,13.096
50,0.8,67,bot4,0,button_burned,26,3,47.767
50,0.8,68,bot1,1,success,41,0,0.856
50,0.8,68,bot2,1,success,41,0,15.196
50,0.8,68,bot3,1,success,41,0,29.209
50,0.8,68,bot4,1,success,41,0,63.943
50,0.8,69,bot1,1,success,40,0,0.642
50,0.8,69,bot2,1,success,40,0,11.696
50,0.8,69,bot3,1,success,40,0,11.037
50,0.8,69,bot4,1,success,40,0,53.714
50,0.8,70,bot1,0,caught,1,0,0.674
50,0.8,70,bot2,0,caught,1,0,0.599
50,0.8,70,bot3,0,trapped,7,1,4.881
50,0.8,70,bot4,0,trapped,7,1,13.854
50,0.8,71,bot1,0,entered_fire,26,1,0.948
50,0.8,71,bot2,0,trapped,28,0,23.44
50,0.8,71,bot3,0,caught,28,2,28.28
50,0.8,71,bot4,0,trapped,28,0,84.64
50,0.8,72,bot1,0,button_burned,14,0,0.701
50,0.8,72,bot2,0,button_burned,14,0,8.325
50,0.8,72,bot3,0,button_burned,14,0,9.638
50,0.8,72,bot4,0,button_burned,14,0,26.067
50,0.8,73,bot1,0,caught,9,1,0.899
50,0.8,73,bot2,0,trapped,11,0,9.017
50,0.8,73,bot3,0,trapped,11,1,8.59
50,0.8,73,bot4,0,trapped,11,0,21.416
50,0.8,74,bot1,0,entered_fire,10,1,0.644
50,0.8,74,bot2,0,caught,14,0,9.105
50,0.8,74,bot3,0,trapped,25,0,19.679
50,0.8,74,bot4,0,trapped,25,0,71.592
50,0.8,75,bot1,1,success,23,0,0.242
50,0.8,75,bot2,1,success,23,0,4.264
50,0.8,75,bot3,1,success,23,0,6.17
50,0.8,75,bot4,1,success,23,0,32.51
50,0.8,76,bot1,1,success,28,0,0.425
50,0.8,76,bot2,1,success,28,0,7.229
50,0.8,76,bot3,1,success,28,0,8.751
50,0.8,76,bot4,1,success,28,0,37.242
50,0.8,77,bot1,1,success,52,0,0.733
50,0.8,77,bot2,1,success,52,0,26.618
50,0.8,77,bot3,1,success,52,0,36.298
50,0.8,77,bot4,1,success,56,2,77.18
50,0.8,78,bot1,1,success,55,0,0.885
50,0.8,78,bot2,1,success,55,0,27.412
50,0.8,78,bot3,1,success,55,0,32.562
50,0.8,78,bot4,1,success,55,0,73.021
50,0.8,79,bot1,0,entered_fire,29,1,0.816
50,0.8,79,bot2,0,trapped,44,0,30.282
50,0.8,79,bot3,0,trapped,44,0,34.167
50,0.8,79,bot4,0,trapped,55,12,124.189
50,0.8,80,bot1,1,success,52,0,1.101
50,0.8,80,bot2,1,success,52,0,19.41
50,0.8,80,bot3,1,success,52,0,28.265
50,0.8,80,bot4,1,success,52,0,68.308
50,0.8,81,bot1,1,success,53,0,0.883
50,0.8,81,bot2,1,success,53,0,24.675
50,0.8,81,bot3,1,success,53,0,33.085
50,0.8,81,bot4,1,success,53,0,73.35
50,0.8,82,bot1,0,button_burned,19,0,0.816
50,0.8,82,bot2,0,trapped,11,0,9.312
50,0.8,82,bot3,0,trapped,11,0,11.174
50,0.8,82,bot4,0,trapped,11,0,30.135
50,0.8,83,bot1,0,button_burned,5,0,0.842
50,0.8,83,bot2,0,button_burned,5,0,4.101
50,0.8,83,bot3,0,button_burned,5,0,4.748
50,0.8,83,bot4,0,button_burned,5,0,14.151
50,0.8,84,bot1,1,success,47,0,0.508
50,0.8,84,bot2,1,success,47,0,15.132
50,0.8,84,bot3,1,success,47,0,21.034
50,0.8,84,bot4,1,success,47,0,60.687
50,0.8,85,bot1,0,caught,16,1,1.143
50,0.8,85,bot2,0,button_burned,20,0,11.662
50,0.8,85,bot3,0,button_burned,20,1,16.456
50,0.8,85,bot4,0,button_burned,20,2,35.032
50,0.8,86,bot1,1,success,14,0,0.217
50,0.8,86,bot2,1,success,14,0,1.983
50,0.8,86,bot3,1,success,14,0,2.284
50,0.8,86,bot4,1,success,14,0,18.23
50,0.8,87,bot1,0,button_burned,9,0,0.855
50,0.8,87,bot2,0,trapped,5,0,5.583
50,0.8,87,bot3,0,trapped,5,0,7.082
50,0.8,87,bot4,0,trapped,5,0,18.418
50,0.8,88,bot1,1,success,53,0,1.191
50,0.8,88,bot2,1,success,53,0,21.496
50,0.8,88,bot3,1,success,53,0,27.319
50,0.8,88,bot4,1,success,53,0,68.291
50,0.8,89,bot1,1,success,15,0,0.178
50,0.8,89,bot2,1,success,15,0,1.863
50,0.8,89,bot3,1,success,15,0,2.148
50,0.8,89,bot4,1,success,15,0,17.608
50,0.8,90,bot1,1,success,26,0,0.345
50,0.8,90,bot2,1,success,26,0,5.278
50,0.8,90,bot3,1,success,26,0,8.67
50,0.8,90,bot4,1,success,26,0,34.851
50,0.8,91,bot1,1,success,6,0,0.132
50,0.8,91,bot2,1,success,6,0,0.686
50,0.8,91,bot3,1,success,6,0,0.75
50,0.8,91,bot4,1,success,6,0,8.276
50,0.8,92,bot1,0,button_burned,30,0,0.88
50,0.8,92,bot2,0,trapped,27,0,17.552
50,0.8,92,bot3,0,trapped,27,0,20.518
50,0.8,92,bot4,0,trapped,27,0,53.923
50,0.8,93,bot1,1,success,5,0,0.117
50,0.8,93,bot2,1,success,5,0,0.492
50,0.8,93,bot3,1,success,5,0,0.515
50,0.8,93,bot4,1,success,5,0,6.05
50,0.8,94,bot1,0,button_burned,29,0,0.761
50,0.8,94,bot2,0,trapped,28,0,15.419
50,0.8,94,bot3,0,trapped,28,0,18.366
50,0.8,94,bot4,0,trapped,28,0,47.729
50,0.8,95,bot1,0,caught,34,0,0.689
50,0.8,95,bot2,0,caught,34,0,18.722
50,0.8,95,bot3,0,button_burned,57,1,36.108
50,0.8,95,bot4,1,success,57,1,80.26
50,0.8,96,bot1,0,caught,22,1,0.442
50,0.8,96,bot2,0,button_burned,24,0,7.74
50,0.8,96,bot3,0,button_burned,24,0,10.546
50,0.8,96,bot4,0,button_burned,24,0,38.373
50,0.8,97,bot1,1,success,43,0,0.681
50,0.8,97,bot2,1,success,43,0,15.789
50,0.8,97,bot3,1,success,43,0,20.927
50,0.8,97,bot4,1,success,43,0,83.773
50,0.8,98,bot1,1,success,31,0,0.58
50,0.8,98,bot2,1,success,31,0,6.847
50,0.8,98,bot3,1,success,31,0,8.37
50,0.8,98,bot4,0,trapped,39,9,56.735
50,0.8,99,bot1,1,success,49,0,0.904
50,0.8,99,bot2,1,success,49,0,20.685
50,0.8,99,bot3,1,success,49,0,30.757
50,0.8,99,bot4,1,success,49,0,65.903
50,0.8,100,bot1,1,success,36,0,0.385
50,0.8,100,bot2,1,success,36,0,10.407
50,0.8,100,bot3,1,success,36,0,12.55
50,0.8,100,bot4,1,success,36,0,45.54
50,0.8,101,bot1,1,success,54,0,0.644
50,0.8,101,bot2,1,success,54,0,22.978
50,0.8,101,bot3,1,success,54,0,28.059
50,0.8,101,bot4,1,success,54,0,79.467
50,0.8,102,bot1,1,success,25,0,0.605
50,0.8,102,bot2,1,success,25,0,4.748
50,0.8,102,bot3,1,success,25,0,6.417
50,0.8,102,bot4,0,button_burned,31,4,48.795
50,0.8,103,bot1,1,success,32,0,0.382
50,0.8,103,bot2,1,success,32,0,6.292
50,0.8,103,bot3,1,success,32,0,9.466
50,0.8,103,bot4,1,success,32,0,41.285
50,0.8,104,bot1,1,success,44,0,0.602
50,0.8,104,bot2,1,success,44,0,20.265
50,0.8,104,bot3,1,success,44,0,21.915
50,0.8,104,bot4,1,success,44,0,57.165
50,0.8,105,bot1,1,success,35,0,0.417
50,0.8,105,bot2,1,success,35,0,8.213
50,0.8,105,bot3,1,success,35,0,13.459
50,0.8,105,bot4,1,success,35,0,43.692
50,0.8,106,bot1,0,caught,9,0,0.244
50,0.8,106,bot2,0,caught,9,0,1.733
50,0.8,106,bot3,0,trapped,11,1,2.483
50,0.8,106,bot4,0,trapped,11,1,16.532
50,0.8,107,bot1,0,entered_fire,26,5,0.674
50,0.8,107,bot2,0,trapped,28,0,15.338
50,0.8,107,bot3,0,trapped,28,1,17.836
50,0.8,107,bot4,0,trapped,28,5,56.841
50,0.8,108,bot1,1,success,36,0,0.304
50,0.8,108,bot2,1,success,36,0,8.272
50,0.8,108,bot3,1,success,36,0,11.285
50,0.8,108,bot4,1,success,36,0,46.744
50,0.8,109,bot1,1,success,21,0,0.238
50,0.8,109,bot2,1,success,21,0,3.607
50,0.8,109,bot3,1,success,21,0,4.014
50,0.8,109,bot4,1,success,21,0,26.785
50,0.8,110,bot1,0,caught,14,2,0.92
50,0.8,110,bot2,0,trapped,48,0,28.592
50,0.8,110,bot3,0,trapped,48,1,37.976
50,0.8,110,bot4,0,trapped,48,3,76.856
50,0.8,111,bot1,0,button_burned,25,0,0.249
50,0.8,111,bot2,0,button_burned,25,0,4.801
50,0.8,111,bot3,0,button_burned,25,0,6.509
50,0.8,111,bot4,0,button_burned,25,0,32.729
50,0.8,112,bot1,0,caught,65,2,0.904
50,0.8,112,bot2,0,caught,64,0,43.167
50,0.8,112,bot3,0,trapped,65,1,51.719
50,0.8,112,bot4,0,trapped,65,5,97.77
50,0.8,113,bot1,1,success,52,0,0.559
50,0.8,113,bot2,1,success,52,0,19.982
50,0.8,113,bot3,1,success,52,0,27.626
50,0.8,113,bot4,1,success,52,0,67.736
50,0.8,114,bot1,1,success,9,0,0.149
50,0.8,114,bot2,1,success,9,0,1.168
50,0.8,114,bot3,1,success,9,0,1.203
50,0.8,114,bot4,1,success,9,0,11.684
50,0.8,115,bot1,0,button_burned,9,1,0.687
50,0.8,115,bot2,0,button_burned,9,0,5.681
50,0.8,115,bot3,0,button_burned,9,0,7.152
50,0.8,115,bot4,0,button_burned,9,0,21.335
50,0.8,116,bot1,0,caught,20,1,0.574
50,0.8,116,bot2,0,button_burned,20,0,10.874
50,0.8,116,bot3,0,button_burned,20,0,9.829
50,0.8,116,bot4,0,button_burned,20,0,40.021
50,0.8,117,bot1,0,button_burned,31,0,0.618
50,0.8,117,bot2,0,button_burned,31,0,19.352
50,0.8,117,bot3,0,button_burned,31,0,25.444
50,0.8,117,bot4,0,button_burned,31,0,58.31
50,0.8,118,bot1,1,success,28,0,0.276
50,0.8,118,bot2,1,success,28,0,5.596
50,0.8,118,bot3,1,success,28,0,7.565
50,0.8,118,bot4,1,success,28,0,40.102
50,0.8,119,bot1,1,success,46,0,0.732
50,0.8,119,bot2,1,success,46,0,15.769
50,0.8,119,bot3,1,success,46,0,20.289
50,0.8,119,bot4,1,success,46,0,61.903
50,0.8,120,bot1,1,success,70,0,1.013
50,0.8,120,bot2,1,success,70,0,36.966
50,0.8,120,bot3,1,success,70,0,53.625
50,0.8,120,bot4,1,success,70,0,98.548
50,0.8,121,bot1,1,success,38,0,0.553
50,0.8,121,bot2,1,success,38,0,11.913
50,0.8,121,bot3,1,success,38,0,14.637
50,0.8,121,bot4,1,success,38,0,50.105
50,0.8,122,bot1,1,success,29,0,0.56
50,0.8,122,bot2,1,success,29,0,6.48
50,0.8,122,bot3,1,success,29,0,8.572
50,0.8,122,bot4,1,success,29,0,35.48
50,0.8,123,bot1,0,caught,39,1,0.874
50,0.8,123,bot2,0,trapped,41,0,28.285
50,0.8,123,bot3,0,caught,41,1,32.801
50,0.8,123,bot4,0,trapped,50,5,94.313
50,0.8,124,bot1,1,success,32,0,0.477
50,0.8,124,bot2,1,success,32,0,8.407
50,0.8,124,bot3,1,success,32,0,15.162
50,0.8,124,bot4,1,success,32,0,53.054
50,0.8,125,bot1,0,entered_fire,9,2,0.327
50,0.8,125,bot2,0,button_burned,30,0,11.187
50,0.8,125,bot3,0,button_burned,30,1,15.016
50,0.8,125,bot4,0,button_burned,30,7,54.036
50,0.8,126,bot1,0,button_burned,10,2,0.789
50,0.8,126,bot2,0,trapped,9,0,7.338
50,0.8,126,bot3,0,trapped,9,0,9.579
50,0.8,126,bot4,0,trapped,9,0,28.607
50,0.8,127,bot1,0,caught,26,1,1.009
50,0.8,127,bot2,0,trapped,16,0,15.047
50,0.8,127,bot3,0,trapped,16,0,17.048
50,0.8,127,bot4,0,trapped,16,3,54.121
50,0.8,128,bot1,0,entered_fire,20,6,0.354
50,0.8,128,bot2,0,trapped,31,0,10.631
50,0.8,128,bot3,0,trapped,31,1,14.224
50,0.8,128,bot4,0,trapped,31,2,45.071
50,0.8,129,bot1,1,success,24,0,0.434
50,0.8,129,bot2,1,success,24,0,5.14
50,0.8,129,bot3,1,success,24,0,6.157
50,0.8,129,bot4,1,success,24,0,29.025
50,0.8,130,bot1,1,success,27,0,0.447
50,0.8,130,bot2,1,success,27,0,8.437
50,0.8,130,bot3,1,success,27,0,9.111
50,0.8,130,bot4,1,success,27,0,37.418
50,0.8,131,bot1,0,entered_fire,5,2,0.841
50,0.8,131,bot2,0,caught,19,0,12.472
50,0.8,131,bot3,0,trapped,22,1,13.519
50,0.8,131,bot4,0,trapped,45,6,70.143
50,0.8,132,bot1,1,success,30,0,0.384
50,0.8,132,bot2,1,success,30,0,7.677
50,0.8,132,bot3,1,success,30,0,10.443
50,0.8,132,bot4,0,button_burned,33,8,50.464
50,0.8,133,bot1,1,success,16,0,0.206
50,0.8,133,bot2,1,success,16,0,2.231
50,0.8,133,bot3,1,success,16,0,2.647
50,0.8,133,bot4,1,success,16,0,19.553
50,0.8,134,bot1,1,success,18,0,0.263
50,0.8,134,bot2,1,success,18,0,2.933
50,0.8,134,bot3,1,success,18,0,2.978
50,0.8,134,bot4,1,success,18,0,21.394
50,0.8,135,bot1,1,success,41,0,0.87
50,0.8,135,bot2,1,success,41,0,14.467
50,0.8,135,bot3,1,success,41,0,15.063
50,0.8,135,bot4,1,success,41,0,53.747
50,0.8,136,bot1,1,success,41,0,0.465
50,0.8,136,bot2,1,success,41,0,10.648
50,0.8,136,bot3,1,success,41,0,15.985
50,0.8,136,bot4,1,success,41,0,59.438
50,0.8,137,bot1,1,success,65,0,1.726
50,0.8,137,bot2,1,success,65,0,43.341
50,0.8,137,bot3,1,success,65,0,50.194
50,0.8,137,bot4,1,success,65,0,92.674
50,0.8,138,bot1,1,success,25,0,0.311
50,0.8,138,bot2,1,success,25,0,5.131
50,0.8,138,bot3,1,success,25,0,5.978
50,0.8,138,bot4,1,success,25,0,33.333
50,0.8,139,bot1,1,success,32,0,0.443
50,0.8,139,bot2,1,success,32,0,7.437
50,0.8,139,bot3,1,success,32,0,8.078
50,0.8,139,bot4,1,success,32,0,41.757
50,0.8,140,bot1,1,success,9,0,0.146
50,0.8,140,bot2,1,success,9,0,1.066
50,0.8,140,bot3,1,success,9,0,1.058
50,0.8,140,bot4,1,success,9,0,11.06
50,0.8,141,bot1,1,success,64,0,0.805
50,0.8,141,bot2,1,success,64,0,33.325
50,0.8,141,bot3,1,success,64,0,46.408
50,0.8,141,bot4,1,success,64,0,89.02
50,0.8,142,bot1,1,success,22,0,0.218
50,0.8,142,bot2,1,success,22,0,3.654
50,0.8,142,bot3,1,success,22,0,4.679
50,0.8,142,bot4,1,success,22,0,30.691
50,0.8,143,bot1,1,success,70,0,0.955
50,0.8,143,bot2,1,success,70,0,35.98
50,0.8,143,bot3,0,caught,56,4,42.065
50,0.8,143,bot4,0,caught,56,4,83.993
50,0.8,144,bot1,1,success,27,0,0.477
50,0.8,144,bot2,1,success,27,0,6.831
50,0.8,144,bot3,1,success,27,0,8.292
50,0.8,144,bot4,1,success,27,0,34.726
50,0.8,145,bot1,0,caught,8,1,0.514
50,0.8,145,bot2,0,button_burned,35,0,9.704
50,0.8,145,bot3,0,button_burned,35,0,13.956
50,0.8,145,bot4,0,button_burned,35,2,54.423
50,0.8,146,bot1,1,success,14,0,0.178
50,0.8,146,bot2,1,success,14,0,2.097
50,0.8,146,bot3,1,success,14,0,2.249
50,0.8,146,bot4,1,success,14,0,19.602
50,0.8,147,bot1,1,success,35,0,0.626
50,0.8,147,bot2,1,success,35,0,11.947
50,0.8,147,bot3,1,success,35,0,15.528
50,0.8,147,bot4,1,success,35,0,47.575
50,0.8,148,bot1,1,success,28,0,0.363
50,0.8,148,bot2,1,success,28,0,5.723
50,0.8,148,bot3,1,success,28,0,7.407
50,0.8,148,bot4,1,success,28,0,36.039
50,0.8,149,bot1,0,entered_fire,17,2,0.897
50,0.8,149,bot2,0,trapped,37,0,25.554
50,0.8,149,bot3,0,trapped,37,0,31.191
50,0.8,149,bot4,0,trapped,37,10,74.052
50,0.8,150,bot1,1,success,24,0,0.336
50,0.8,150,bot2,1,success,24,0,6.626
50,0.8,150,bot3,1,success,24,0,6.307
50,0.8,150,bot4,1,success,26,1,34.82
50,0.8,151,bot1,1,success,51,0,0.953
50,0.8,151,bot2,1,success,51,0,23.149
50,0.8,151,bot3,1,success,51,0,30.106
50,0.8,151,bot4,1,success,51,0,69.122
50,0.8,152,bot1,0,caught,9,1,0.702
50,0.8,152,bot2,0,caught,15,0,9.645
50,0.8,152,bot3,0,trapped,17,1,11.942
50,0.8,152,bot4,0,trapped,23,7,48.54
50,0.8,153,bot1,1,success,30,0,0.525
50,0.8,153,bot2,1,success,30,0,7.875
50,0.8,153,bot3,1,success,30,0,12.203
50,0.8,153,bot4,1,success,30,0,43.2
50,0.8,154,bot1,0,entered_fire,31,5,0.657
50,0.8,154,bot2,0,trapped,39,0,22.116
50,0.8,154,bot3,0,trapped,39,1,27.381
50,0.8,154,bot4,0,trapped,39,1,65.268
50,0.8,155,bot1,1,success,13,0,0.209
50,0.8,155,bot2,1,success,13,0,1.731
50,0.8,155,bot3,1,success,13,0,1.902
50,0.8,155,bot4,1,success,13,0,17.946
50,0.8,156,bot1,1,success,49,0,0.567
50,0.8,156,bot2,1,success,49,0,15.519
50,0.8,156,bot3,1,success,49,0,22.504
50,0.8,156,bot4,0,trapped,54,3,83.967
50,0.8,157,bot1,1,success,26,0,0.436
50,0.8,157,bot2,1,success,26,0,7.265
50,0.8,157,bot3,1,success,26,0,6.769
50,0.8,157,bot4,1,success,26,0,32.174
50,0.8,158,bot1,0,entered_fire,26,2,0.648
50,0.8,158,bot2,0,trapped,29,0,16.723
50,0.8,158,bot3,0,trapped,29,1,18.979
50,0.8,158,bot4,0,trapped,29,2,47.795
50,0.8,159,bot1,1,success,28,0,0.393
50,0.8,159,bot2,1,success,28,0,5.884
50,0.8,159,bot3,1,success,28,0,7.877
50,0.8,159,bot4,1,success,28,0,35.928
50,0.8,160,bot1,1,success,23,0,0.333
50,0.8,160,bot2,1,success,23,0,3.933
50,0.8,160,bot3,1,success,23,0,4.538
50,0.8,160,bot4,1,success,23,0,28.132
50,0.8,161,bot1,0,entered_fire,24,4,0.788
50,0.8,161,bot2,0,trapped,27,0,16.814
50,0.8,161,bot3,0,trapped,27,0,20.245
50,0.8,161,bot4,0,trapped,27,0,63.534
50,0.8,162,bot1,0,caught,33,2,0.96
50,0.8,162,bot2,0,trapped,47,0,27.563
50,0.8,162,bot3,0,trapped,47,0,33.523
50,0.8,162,bot4,0,trapped,47,5,77.659
50,0.8,163,bot1,1,success,28,0,0.38
50,0.8,163,bot2,1,success,28,0,5.473
50,0.8,163,bot3,1,success,28,0,7.299
50,0.8,163,bot4,1,success,28,0,34.225
50,0.8,164,bot1,1,success,15,0,0.171
50,0.8,164,bot2,1,success,15,0,2.017
50,0.8,164,bot3,1,success,15,0,2.244
50,0.8,164,bot4,1,success,15,0,17.944
50,0.8,165,bot1,0,caught,20,5,0.962
50,0.8,165,bot2,0,trapped,21,0,17.311
50,0.8,165,bot3,0,trapped,21,0,19.058
50,0.8,165,bot4,0,trapped,21,2,42.669
50,0.8,166,bot1,0,button_burned,14,0,0.955
50,0.8,166,bot2,0,button_burned,14,0,13.647
50,0.8,166,bot3,0,button_burned,14,0,15.445
50,0.8,166,bot4,0,button_burned,14,0,46.527
50,0.8,167,bot1,1,success,36,0,0.424
50,0.8,167,bot2,1,success,36,0,9.426
50,0.8,167,bot3,1,success,36,0,12.134
50,0.8,167,bot4,1,success,36,0,47.313
50,0.8,168,bot1,1,success,32,0,0.5
50,0.8,168,bot2,1,success,32,0,8.379
50,0.8,168,bot3,1,success,32,0,10.134
50,0.8,168,bot4,1,success,34,1,48.475
50,0.8,169,bot1,1,success,43,0,0.627
50,0.8,169,bot2,1,success,43,0,13.899
50,0.8,169,bot3,1,success,43,0,17.852
50,0.8,169,bot4,1,success,43,0,59.099
50,0.8,170,bot1,1,success,43,0,0.425
50,0.8,170,bot2,1,success,43,0,12.361
50,0.8,170,bot3,0,trapped,38,1,17.282
50,0.8,170,bot4,0,trapped,42,3,56.482
50,0.8,171,bot1,1,success,72,0,0.973
50,0.8,171,bot2,1,success,72,0,47.704
50,0.8,171,bot3,1,success,72,0,55.454
50,0.8,171,bot4,1,success,86,7,121.309
50,0.8,172,bot1,0,entered_fire,25,1,1.112
50,0.8,172,bot2,0,caught,28,0,12.136
50,0.8,172,bot3,0,caught,28,0,16.399
50,0.8,172,bot4,0,caught,28,1,54.393
50,0.8,173,bot1,1,success,67,0,1.132
50,0.8,173,bot2,1,success,67,0,39.768
50,0.8,173,bot3,1,success,67,0,47.166
50,0.8,173,bot4,1,success,67,0,91.727
50,0.8,174,bot1,1,success,21,0,0.261
50,0.8,174,bot2,1,success,21,0,3.481
50,0.8,174,bot3,1,success,21,0,3.999
50,0.8,174,bot4,1,success,21,0,27.904
50,0.8,175,bot1,1,success,19,0,0.196
50,0.8,175,bot2,1,success,19,0,3.057
50,0.8,175,bot3,1,success,19,0,5.142
50,0.8,175,bot4,1,success,19,0,31.555
50,0.8,176,bot1,0,entered_fire,29,2,1.004
50,0.8,176,bot2,0,trapped,44,0,34.588
50,0.8,176,bot3,0,trapped,44,1,42.931
50,0.8,176,bot4,0,trapped,44,8,89.866
50,0.8,177,bot1,1,success,40,0,0.567
50,0.8,177,bot2,1,success,40,0,11.406
50,0.8,177,bot3,1,success,40,0,15.946
50,0.8,177,bot4,1,success,40,0,52.254
50,0.8,178,bot1,1,success,39,0,0.476
50,0.8,178,bot2,1,success,39,0,12.203
50,0.8,178,bot3,1,success,39,0,14.021
50,0.8,178,bot4,1,success,39,0,56.121
50,0.8,179,bot1,0,caught,12,0,0.605
50,0.8,179,bot2,0,caught,12,0,6.465
50,0.8,179,bot3,0,trapped,26,1,13.253
50,0.8,179,bot4,0,trapped,57,10,83.207
50,0.8,180,bot1,0,caught,18,0,0.851
50,0.8,180,bot2,0,caught,18,0,10.406
50,0.8,180,bot3,0,button_burned,29,4,19.811
50,0.8,180,bot4,0,button_burned,29,5,52.664
50,0.8,181,bot1,1,success,29,0,0.301
50,0.8,181,bot2,1,success,29,0,6.33
50,0.8,181,bot3,1,success,29,0,10.632
50,0.8,181,bot4,1,success,29,0,39.647
50,0.8,182,bot1,1,success,54,0,0.478
50,0.8,182,bot2,1,success,54,0,17.825
50,0.8,182,bot3,1,success,54,0,27.422
50,0.8,182,bot4,1,success,54,0,70.184
50,0.8,183,bot1,1,success,37,0,0.455
50,0.8,183,bot2,1,success,37,0,9.266
50,0.8,183,bot3,1,success,37,0,13.239
50,0.8,183,bot4,1,success,37,0,58.876
50,0.8,184,bot1,1,success,67,0,0.958
50,0.8,184,bot2,1,success,67,0,36.292
50,0.8,184,bot3,1,success,67,0,48.949
50,0.8,184,bot4,1,success,67,0,93.125
50,0.8,185,bot1,0,caught,27,0,1.035
50,0.8,185,bot2,0,caught,27,0,26.031
50,0.8,185,bot3,0,trapped,74,1,70.91
50,0.8,185,bot4,0,trapped,74,8,141.203
50,0.8,186,bot1,1,success,64,0,0.87
50,0.8,186,bot2,1,success,64,0,29.778
50,0.8,186,bot3,1,success,64,0,43.242
50,0.8,186,bot4,1,success,64,0,95.092
50,0.8,187,bot1,1,success,21,0,0.276
50,0.8,187,bot2,1,success,21,0,4.086
50,0.8,187,bot3,1,success,21,0,4.805
50,0.8,187,bot4,1,success,21,0,26.374
50,0.8,188,bot1,1,success,27,0,0.228
50,0.8,188,bot2,1,success,27,0,4.25
50,0.8,188,bot3,1,success,27,0,4.898
50,0.8,188,bot4,1,success,27,0,31.929
50,0.8,189,bot1,0,button_burned,35,0,0.469
50,0.8,189,bot2,0,button_burned,35,0,11.369
50,0.8,189,bot3,0,button_burned,35,0,12.31
50,0.8,189,bot4,0,button_burned,35,0,45.194
50,0.8,190,bot1,1,success,29,0,0.362
50,0.8,190,bot2,1,success,29,0,7.091
50,0.8,190,bot3,1,success,29,0,9.166
50,0.8,190,bot4,1,success,29,0,37.88
50,0.8,191,bot1,0,entered_fire,22,0,0.621
50,0.8,191,bot2,0,trapped,12,0,7.455
50,0.8,191,bot3,0,trapped,12,0,9.867
50,0.8,191,bot4,0,trapped,12,0,32.599
50,0.8,192,bot1,1,success,24,0,0.223
50,0.8,192,bot2,1,success,24,0,4.468
50,0.8,192,bot3,1,success,24,0,5.234
50,0.8,192,bot4,1,success,24,0,29.802
50,0.8,193,bot1,1,success,21,0,0.231
50,0.8,193,bot2,1,success,21,0,3.271
50,0.8,193,bot3,1,success,21,0,3.813
50,0.8,193,bot4,1,success,21,0,26.777
50,0.8,194,bot1,1,success,50,0,0.866
50,0.8,194,bot2,1,success,50,0,21.701
50,0.8,194,bot3,1,success,50,0,25.457
50,0.8,194,bot4,1,success,52,1,69.013
50,0.8,195,bot1,1,success,36,0,0.794
50,0.8,195,bot2,1,success,36,0,11.654
50,0.8,195,bot3,1,success,36,0,14.034
50,0.8,195,bot4,1,success,36,0,45.396
50,0.8,196,bot1,0,entered_fire,17,3,0.526
50,0.8,196,bot2,0,button_burned,34,0,10.288
50,0.8,196,bot3,0,button_burned,34,0,12.183
50,0.8,196,bot4,0,button_burned,34,1,49.567
50,0.8,197,bot1,1,success,67,0,0.902
50,0.8,197,bot2,1,success,67,0,33.959
50,0.8,197,bot3,1,success,67,0,43.028
50,0.8,197,bot4,1,success,67,0,90.388
50,0.8,198,bot1,0,button_burned,32,1,0.878
50,0.8,198,bot2,0,trapped,29,0,26.643
50,0.8,198,bot3,0,trapped,29,0,29.699
50,0.8,198,bot4,0,trapped,29,0,80.343
50,0.8,199,bot1,0,button_burned,29,0,0.454
50,0.8,199,bot2,0,button_burned,29,0,8.001
50,0.8,199,bot3,0,button_burned,29,0,12.366
50,0.8,199,bot4,0,button_burned,29,0,40.197
50,0.85,0,bot1,0,caught,16,3,1.009
50,0.85,0,bot2,0,trapped,28,0,24.816
50,0.85,0,bot3,0,trapped,28,1,26.464
50,0.85,0,bot4,0,trapped,31,13,61.891
50,0.85,1,bot1,1,success,37,0,0.46
50,0.85,1,bot2,1,success,37,0,10.086
50,0.85,1,bot3,1,success,37,0,13.455
50,0.85,1,bot4,0,trapped,36,3,51.775
50,0.85,2,bot1,0,caught,4,3,0.413
50,0.85,2,bot2,0,trapped,17,0,5.605
50,0.85,2,bot3,0,trapped,17,1,5.912
50,0.85,2,bot4,0,trapped,17,1,28.25
50,0.85,3,bot1,1,success,43,0,0.612
50,0.85,3,bot2,1,success,43,0,15.452
50,0.85,3,bot3,1,success,43,0,22.846
50,0.85,3,bot4,1,success,43,0,61.043
50,0.85,4,bot1,0,entered_fire,14,3,0.408
50,0.85,4,bot2,0,button_burned,22,0,9.729
50,0.85,4,bot3,0,button_burned,22,1,12.21
50,0.85,4,bot4,0,button_burned,22,3,45.208
50,0.85,5,bot1,1,success,41,0,0.817
50,0.85,5,bot2,1,success,41,0,14.91
50,0.85,5,bot3,1,success,41,0,18.888
50,0.85,5,bot4,1,success,41,0,61.178
50,0.85,6,bot1,0,caught,1,0,0.75
50,0.85,6,bot2,0,caught,1,0,0.726
50,0.85,6,bot3,0,caught,1,0,0.713
50,0.85,6,bot4,0,caught,1,0,2.33
50,0.85,7,bot1,1,success,43,0,0.562
50,0.85,7,bot2,1,success,43,0,14.227
50,0.85,7,bot3,1,success,43,0,18.383
50,0.85,7,bot4,1,success,43,0,60.934
50,0.85,8,bot1,0,button_burned,19,0,0.862
50,0.85,8,bot2,0,trapped,18,0,15.772
50,0.85,8,bot3,0,trapped,18,0,16.521
50,0.85,8,bot4,0,trapped,18,0,47.282
50,0.85,9,bot1,1,success,6,0,0.154
50,0.85,9,bot2,1,success,6,0,0.861
50,0.85,9,bot3,1,success,6,0,0.843
50,0.85,9,bot4,1,success,6,0,7.425
50,0.85,10,bot1,0,button_burned,26,0,0.418
50,0.85,10,bot2,0,button_burned,26,0,6.604
50,0.85,10,bot3,0,button_burned,26,0,9.682
50,0.85,10,bot4,0,button_burned,26,0,38.43
50,0.85,11,bot1,1,success,40,0,0.706
50,0.85,11,bot2,1,success,40,0,13.904
50,0.85,11,bot3,1,success,40,0,18.97
50,0.85,11,bot4,1,success,40,0,55.47
50,0.85,12,bot1,1,success,40,0,0.538
50,0.85,12,bot2,1,success,40,0,10.868
50,0.85,12,bot3,1,success,40,0,12.721
50,0.85,12,bot4,0,trapped,42,4,57.27
50,0.85,13,bot1,0,button_burned,11,0,0.816
50,0.85,13,bot2,0,button_burned,11,0,10.053
50,0.85,13,bot3,0,button_burned,11,0,11.427
50,0.85,13,bot4,0,button_burned,11,0,37.552
50,0.85,14,bot1,0,button_burned,23,1,0.443
50,0.85,14,bot2,0,trapped,22,0,8.839
50,0.85,14,bot3,0,trapped,22,1,11.947
50,0.85,14,bot4,0,trapped,22,0,36.632
50,0.85,15,bot1,0,entered_fire,23,5,0.936
50,0.85,15,bot2,0,caught,29,0,22.993
50,0.85,15,bot3,0,trapped,32,2,29.207
50,0.85,15,bot4,0,trapped,32,5,78.713
50,0.85,16,bot1,0,button_burned,13,0,0.849
50,0.85,16,bot2,0,button_burned,13,0,14.532
50,0.85,16,bot3,0,button_burned,13,0,13.418
50,0.85,16,bot4,0,button_burned,13,1,40.487
50,0.85,17,bot1,1,success,43,0,0.925
50,0.85,17,bot2,1,success,43,0,20.127
50,0.85,17,bot3,1,success,43,0,25.348
50,0.85,17,bot4,1,success,43,0,64.789
50,0.85,18,bot1,1,success,15,0,0.359
50,0.85,18,bot2,1,success,15,0,2.249
50,0.85,18,bot3,1,success,15,0,2.789
50,0.85,18,bot4,1,success,15,0,21.464
50,0.85,19,bot1,0,button_burned,34,0,3.09
50,0.85,19,bot2,0,button_burned,34,0,16.527
50,0.85,19,bot3,0,button_burned,34,0,19.227
50,0.85,19,bot4,0,button_burned,34,0,53.156
50,0.85,20,bot1,0,caught,19,0,0.847
50,0.85,20,bot2,0,caught,19,0,16.406
50,0.85,20,bot3,0,trapped,38,2,32.914
50,0.85,20,bot4,0,trapped,38,7,84.482
50,0.85,21,bot1,1,success,39,0,0.708
50,0.85,21,bot2,1,success,39,0,9.999
50,0.85,21,bot3,1,success,39,0,15.473
50,0.85,21,bot4,1,success,41,1,61.015
50,0.85,22,bot1,1,success,18,0,0.231
50,0.85,22,bot2,1,success,18,0,2.929
50,0.85,22,bot3,1,success,18,0,5.774
50,0.85,22,bot4,1,success,18,0,24.647
50,0.85,23,bot1,0,button_burned,10,0,0.992
50,0.85,23,bot2,0,button_burned,10,0,9.196
50,0.85,23,bot3,0,button_burned,10,0,10.441
50,0.85,23,bot4,0,button_burned,10,0,30.464
50,0.85,24,bot1,0,caught,17,4,0.488
50,0.85,24,bot2,0,trapped,24,0,13.956
50,0.85,24,bot3,0,trapped,24,3,17.394
50,0.85,24,bot4,0,trapped,24,1,48.486
50,0.85,25,bot1,1,success,10,0,0.129
50,0.85,25,bot2,1,success,10,0,1.357
50,0.85,25,bot3,1,success,10,0,1.802
50,0.85,25,bot4,1,success,10,0,21.739
50,0.85,26,bot1,0,entered_fire,20,2,1.01
50,0.85,26,bot2,0,trapped,36,0,22.433
50,0.85,26,bot3,0,trapped,36,1,24.739
50,0.85,26,bot4,0,trapped,45,7,74.452
50,0.85,27,bot1,0,caught,11,1,0.926
50,0.85,27,bot2,0,caught,16,0,15.569
50,0.85,27,bot3,0,trapped,19,1,20.149
50,0.85,27,bot4,0,trapped,19,5,42.357
50,0.85,28,bot1,0,entered_fire,13,7,0.464
50,0.85,28,bot2,0,button_burned,23,0,17.558
50,0.85,28,bot3,0,button_burned,23,1,18.641
50,0.85,28,bot4,0,button_burned,23,4,53.452
50,0.85,29,bot1,1,success,18,0,0.223
50,0.85,29,bot2,1,success,18,0,2.772
50,0.85,29,bot3,1,success,18,0,3.109
50,0.85,29,bot4,1,success,18,0,23.981
50,0.85,30,bot1,0,button_burned,11,0,0.284
50,0.85,30,bot2,0,button_burned,11,0,2.599
50,0.85,30,bot3,0,button_burned,11,0,4.04
50,0.85,30,bot4,0,button_burned,11,1,30.757
50,0.85,31,bot1,1,success,41,0,0.592
50,0.85,31,bot2,1,success,41,0,15.071
50,0.85,31,bot3,1,success,41,0,18.44
50,0.85,31,bot4,1,success,41,0,63.542
50,0.85,32,bot1,1,success,40,0,0.701
50,0.85,32,bot2,1,success,40,0,14.009
50,0.85,32,bot3,1,success,40,0,17.728
50,0.85,32,bot4,1,success,40,0,50.939
50,0.85,33,bot1,1,success,14,0,0.176
50,0.85,33,bot2,1,success,14,0,1.819
50,0.85,33,bot3,1,success,14,0,2.09
50,0.85,33,bot4,1,success,14,0,16.514
50,0.85,34,bot1,1,success,6,0,0.127
50,0.85,34,bot2,1,success,6,0,0.676
50,0.85,34,bot3,1,success,6,0,0.673
50,0.85,34,bot4,1,success,6,0,6.92
50,0.85,35,bot1,1,success,43,0,0.62
50,0.85,35,bot2,1,success,43,0,14.064
50,0.85,35,bot3,1,success,43,0,19.716
50,0.85,35,bot4,1,success,43,0,71.111
50,0.85,36,bot1,0,entered_fire,31,0,0.796
50,0.85,36,bot2,0,trapped,30,0,17.446
50,0.85,36,bot3,0,trapped,30,0,20.625
50,0.85,36,bot4,0,trapped,30,0,55.41
50,0.85,37,bot1,0,caught,22,1,0.271
50,0.85,37,bot2,0,button_burned,22,0,4.521
50,0.85,37,bot3,0,button_burned,22,3,6.852
50,0.85,37,bot4,0,button_burned,22,0,29.631
50,0.85,38,bot1,1,success,12,0,0.178
50,0.85,38,bot2,1,success,12,0,1.598
50,0.85,38,bot3,1,success,12,0,1.651
50,0.85,38,bot4,1,success,12,0,17.205
50,0.85,39,bot1,1,success,21,0,0.247
50,0.85,39,bot2,1,success,21,0,3.135
50,0.85,39,bot3,1,success,21,0,3.986
50,0.85,39,bot4,1,success,21,0,28.076
50,0.85,40,bot1,1,success,19,0,0.26
50,0.85,40,bot2,1,success,19,0,3.032
50,0.85,40,bot3,1,success,19,0,3.39
50,0.85,40,bot4,1,success,19,0,24.072
50,0.85,41,bot1,0,button_burned,3,0,0.842
50,0.85,41,bot2,0,button_burned,3,0,2.424
50,0.85,41,bot3,0,button_burned,3,0,3.341
50,0.85,41,bot4,0,button_burned,3,0,9.542
50,0.85,42,bot1,1,success,21,0,0.247
50,0.85,42,bot2,1,success,21,0,3.415
50,0.85,42,bot3,1,success,21,0,4.306
50,0.85,42,bot4,1,success,21,0,26.123
50,0.85,43,bot1,0,button_burned,32,0,0.385
50,0.85,43,bot2,0,button_burned,32,0,8.63
50,0.85,43,bot3,0,button_burned,32,0,11.01
50,0.85,43,bot4,0,button_burned,32,0,41.957
50,0.85,44,bot1,1,success,14,0,0.184
50,0.85,44,bot2,1,success,14,0,1.94
50,0.85,44,bot3,1,success,14,0,2.31
50,0.85,44,bot4,1,success,14,0,19.249
50,0.85,45,bot1,1,success,15,0,0.172
50,0.85,45,bot2,1,success,15,0,1.977
50,0.85,45,bot3,1,success,15,0,2.413
50,0.85,45,bot4,1,success,15,0,18.726
50,0.85,46,bot1,0,caught,64,0,0.971
50,0.85,46,bot2,0,trapped,63,0,40.067
50,0.85,46,bot3,0,trapped,63,0,61.696
50,0.85,46,bot4,0,trapped,63,0,123.126
50,0.85,47,bot1,1,success,41,0,0.664
50,0.85,47,bot2,1,success,41,0,13.357
50,0.85,47,bot3,1,success,41,0,18.146
50,0.85,47,bot4,1,success,41,0,58.776
50,0.85,48,bot1,1,success,22,0,0.346
50,0.85,48,bot2,1,success,22,0,4.208
50,0.85,48,bot3,1,success,22,0,5.076
50,0.85,48,bot4,1,success,22,0,26.706
50,0.85,49,bot1,0,button_burned,19,0,0.467
50,0.85,49,bot2,0,trapped,18,0,7.67
50,0.85,49,bot3,0,trapped,18,0,10.187
50,0.85,49,bot4,0,trapped,18,3,37.219
50,0.85,50,bot1,1,success,27,0,0.394
50,0.85,50,bot2,1,success,27,0,6.03
50,0.85,50,bot3,1,success,27,0,6.888
50,0.85,50,bot4,1,success,27,0,43.667
50,0.85,51,bot1,1,success,12,0,0.161
50,0.85,51,bot2,1,success,12,0,1.546
50,0.85,51,bot3,1,success,12,0,1.646
50,0.85,51,bot4,1,success,12,0,14.129
50,0.85,52,bot1,1,success,11,0,0.151
50,0.85,52,bot2,1,success,11,0,1.269
50,0.85,52,bot3,1,success,11,0,1.331
50,0.85,52,bot4,1,success,11,0,12.876
50,0.85,53,bot1,0,entered_fire,9,2,0.927
50,0.85,53,bot2,0,trapped,20,0,18.032
50,0.85,53,bot3,0,trapped,20,1,16.637
50,0.85,53,bot4,0,trapped,20,5,42.663
50,0.85,54,bot1,1,success,40,0,0.534
50,0.85,54,bot2,1,success,40,0,12.648
50,0.85,54,bot3,1,success,40,0,19.454
50,0.85,54,bot4,1,success,40,0,49.88
50,0.85,55,bot1,1,success,61,0,0.892
50,0.85,55,bot2,1,success,61,0,32.049
50,0.85,55,bot3,1,success,61,0,43.254
50,0.85,55,bot4,0,trapped,64,6,93.59
50,0.85,56,bot1,1,success,52,0,0.677
50,0.85,56,bot2,1,success,52,0,20.635
50,0.85,56,bot3,1,success,52,0,30.473
50,0.85,56,bot4,1,success,52,0,69.963
50,0.85,57,bot1,0,button_burned,17,0,0.354
50,0.85,57,bot2,0,button_burned,17,0,3.72
50,0.85,57,bot3,0,button_burned,17,0,5.24
50,0.85,57,bot4,0,button_burned,17,0,23.012
50,0.85,58,bot1,1,success,25,0,0.285
50,0.85,58,bot2,1,success,25,0,5.054
50,0.85,58,bot3,1,success,25,0,5.794
50,0.85,58,bot4,1,success,25,0,35.197
50,0.85,59,bot1,1,success,31,0,0.38
50,0.85,59,bot2,1,success,31,0,7.028
50,0.85,59,bot3,1,success,31,0,11.045
50,0.85,59,bot4,1,success,35,2,56.713
50,0.85,60,bot1,1,success,12,0,0.177
50,0.85,60,bot2,1,success,12,0,1.581
50,0.85,60,bot3,1,success,12,0,1.896
50,0.85,60,bot4,1,success,12,0,24.754
50,0.85,61,bot1,1,success,36,0,0.568
50,0.85,61,bot2,1,success,36,0,11.053
50,0.85,61,bot3,1,success,36,0,14.423
50,0.85,61,bot4,1,success,36,0,47.718
50,0.85,62,bot1,1,success,19,0,0.312
50,0.85,62,bot2,1,success,19,0,3.137
50,0.85,62,bot3,1,success,19,0,3.831
50,0.85,62,bot4,1,success,19,0,24.764
50,0.85,63,bot1,1,success,26,0,0.403
50,0.85,63,bot2,1,success,26,0,5.194
50,0.85,63,bot3,1,success,26,0,5.901
50,0.85,63,bot4,1,success,26,0,35.638
50,0.85,64,bot1,1,success,19,0,0.207
50,0.85,64,bot2,1,success,19,0,3.145
50,0.85,64,bot3,1,success,19,0,3.555
50,0.85,64,bot4,1,success,19,0,26.025
50,0.85,65,bot1,1,success,36,0,0.343
50,0.85,65,bot2,1,success,36,0,7.296
50,0.85,65,bot3,1,success,36,0,11.128
50,0.85,65,bot4,1,success,36,0,46.633
50,0.85,66,bot1,0,button_burned,4,0,0.324
50,0.85,66,bot2,0,button_burned,4,0,1.337
50,0.85,66,bot3,0,button_burned,4,0,2.126
50,0.85,66,bot4,0,button_burned,4,0,9.033
50,0.85,67,bot1,0,button_burned,23,3,0.53
50,0.85,67,bot2,0,button_burned,23,0,10.939
50,0.85,67,bot3,0,button_burned,23,0,12.535
50,0.85,67,bot4,0,button_burned,23,3,47.352
50,0.85,68,bot1,1,success,41,0,0.97
50,0.85,68,bot2,1,success,41,0,15.539
50,0.85,68,bot3,1,success,41,0,20.182
50,0.85,68,bot4,1,success,41,0,57.352
50,0.85,69,bot1,1,success,40,0,0.419
50,0.85,69,bot2,1,success,40,0,12.787
50,0.85,69,bot3,1,success,40,0,17.644
50,0.85,69,bot4,1,success,40,0,68.276
50,0.85,70,bot1,0,caught,1,0,0.631
50,0.85,70,bot2,0,caught,1,0,0.605
50,0.85,70,bot3,0,trapped,6,1,3.83
50,0.85,70,bot4,0,trapped,6,1,10.978
50,0.85,71,bot1,0,entered_fire,26,1,0.892
50,0.85,71,bot2,0,trapped,26,0,20.336
50,0.85,71,bot3,0,trapped,26,1,21.523
50,0.85,71,bot4,0,trapped,26,0,49.733
50,0.85,72,bot1,0,button_burned,12,0,0.785
50,0.85,72,bot2,0,button_burned,12,0,11.957
50,0.85,72,bot3,0,button_burned,12,0,14.139
50,0.85,72,bot4,0,button_burned,12,0,37.288
50,0.85,73,bot1,0,entered_fire,10,2,0.933
50,0.85,73,bot2,0,trapped,11,0,10.067
50,0.85,73,bot3,0,trapped,11,2,9.996
50,0.85,73,bot4,0,trapped,11,0,22.047
50,0.85,74,bot1,0,entered_fire,10,1,0.758
50,0.85,74,bot2,0,caught,14,0,9.542
50,0.85,74,bot3,0,trapped,24,0,20.127
50,0.85,74,bot4,0,trapped,24,12,86.322
50,0.85,75,bot1,1,success,23,0,0.27
50,0.85,75,bot2,1,success,23,0,4.339
50,0.85,75,bot3,1,success,23,0,5.705
50,0.85,75,bot4,1,success,23,0,33.937
50,0.85,76,bot1,1,success,28,0,0.749
50,0.85,76,bot2,1,success,28,0,9.061
50,0.85,76,bot3,1,success,28,0,9.429
50,0.85,76,bot4,1,success,28,0,59.259
50,0.85,77,bot1,0,entered_fire,27,2,0.756
50,0.85,77,bot2,0,trapped,26,0,15.142
50,0.85,77,bot3,0,caught,26,1,17.436
50,0.85,77,bot4,0,button_burned,48,4,71.362
50,0.85,78,bot1,1,success,55,0,0.861
50,0.85,78,bot2,1,success,55,0,30.535
50,0.85,78,bot3,1,success,55,0,34.406
50,0.85,78,bot4,1,success,55,0,77.64
50,0.85,79,bot1,0,caught,28,2,1.105
50,0.85,79,bot2,0,trapped,37,0,26.603
50,0.85,79,bot3,0,trapped,37,0,30.564
50,0.85,79,bot4,0,trapped,51,9,99.002
50,0.85,80,bot1,1,success,52,0,0.736
50,0.85,80,bot2,1,success,52,0,20.718
50,0.85,80,bot3,1,success,52,0,33.127
50,0.85,80,bot4,1,success,52,0,73.275
50,0.85,81,bot1,1,success,53,0,0.858
50,0.85,81,bot2,1,success,53,0,22.675
50,0.85,81,bot3,1,success,53,0,31.84
50,0.85,81,bot4,1,success,53,0,69.137
50,0.85,82,bot1,0,button_burned,23,0,0.982
50,0.85,82,bot2,0,trapped,11,0,10.203
50,0.85,82,bot3,0,trapped,11,0,12.945
50,0.85,82,bot4,0,trapped,11,0,36.048
50,0.85,83,bot1,0,button_burned,5,0,0.924
50,0.85,83,bot2,0,button_burned,5,0,4.608
50,0.85,83,bot3,0,button_burned,5,0,4.831
50,0.85,83,bot4,0,button_burned,5,0,15.253
50,0.85,84,bot1,1,success,47,0,0.541
50,0.85,84,bot2,1,success,47,0,14.058
50,0.85,84,bot3,1,success,47,0,22.389
50,0.85,84,bot4,1,success,47,0,60.975
50,0.85,85,bot1,0,caught,13,0,0.737
50,0.85,85,bot2,0,caught,13,0,10.044
50,0.85,85,bot3,0,button_burned,20,1,16.449
50,0.85,85,bot4,0,button_burned,20,2,54.329
50,0.85,86,bot1,1,success,14,0,0.192
50,0.85,86,bot2,1,success,14,0,1.87
50,0.85,86,bot3,1,success,14,0,2.13
50,0.85,86,bot4,1,success,14,0,16.62
50,0.85,87,bot1,0,button_burned,8,0,0.818
50,0.85,87,bot2,0,trapped,5,0,4.996
50,0.85,87,bot3,0,trapped,5,0,6.552
50,0.85,87,bot4,0,trapped,5,0,17.538
50,0.85,88,bot1,1,success,53,0,0.668
50,0.85,88,bot2,1,success,53,0,21.401
50,0.85,88,bot3,1,success,53,0,27.974
50,0.85,88,bot4,1,success,53,0,72.044
50,0.85,89,bot1,1,success,15,0,0.171
50,0.85,89,bot2,1,success,15,0,1.963
50,0.85,89,bot3,1,success,15,0,2.097
50,0.85,89,bot4,1,success,15,0,17.642
50,0.85,90,bot1,1,success,26,0,0.472
50,0.85,90,bot2,1,success,26,0,6.332
50,0.85,90,bot3,1,success,26,0,5.79
50,0.85,90,bot4,1,success,26,0,32.795
50,0.85,91,bot1,1,success,6,0,0.119
50,0.85,91,bot2,1,success,6,0,0.643
50,0.85,91,bot3,1,success,6,0,0.688
50,0.85,91,bot4,1,success,6,0,7.708
50,0.85,92,bot1,0,button_burned,29,0,0.671
50,0.85,92,bot2,0,trapped,26,0,16.162
50,0.85,92,bot3,0,trapped,26,0,22.623
50,0.85,92,bot4,0,trapped,26,0,59.134
50,0.85,93,bot1,1,success,5,0,0.144
50,0.85,93,bot2,1,success,5,0,0.5
50,0.85,93,bot3,1,success,5,0,0.586
50,0.85,93,bot4,1,success,5,0,6.632
50,0.85,94,bot1,0,button_burned,30,0,0.625
50,0.85,94,bot2,0,trapped,29,0,16.345
50,0.85,94,bot3,0,trapped,29,0,19.27
50,0.85,94,bot4,0,trapped,29,0,66.865
50,0.85,95,bot1,0,entered_fire,33,6,0.725
50,0.85,95,bot2,0,button_burned,49,0,24.103
50,0.85,95,bot3,0,button_burned,49,0,32.022
50,0.85,95,bot4,0,button_burned,49,1,70.146
50,0.85,96,bot1,0,entered_fire,22,0,0.439
50,0.85,96,bot2,0,trapped,21,0,8.447
50,0.85,96,bot3,0,trapped,21,0,10.848
50,0.85,96,bot4,0,trapped,21,0,44.469
50,0.85,97,bot1,1,success,43,0,0.654
50,0.85,97,bot2,1,success,43,0,15.691
50,0.85,97,bot3,1,success,43,0,19.928
50,0.85,97,bot4,1,success,43,0,60.04
50,0.85,98,bot1,1,success,31,0,0.432
50,0.85,98,bot2,1,success,31,0,7.016
50,0.85,98,bot3,1,success,31,0,13.546
50,0.85,98,bot4,0,trapped,38,9,64.563
50,0.85,99,bot1,1,success,49,0,1.013
50,0.85,99,bot2,1,success,49,0,22.152
50,0.85,99,bot3,1,success,49,0,31.397
50,0.85,99,bot4,1,success,49,0,69.066
50,0.85,100,bot1,1,success,36,0,0.339
50,0.85,100,bot2,1,success,36,0,8.032
50,0.85,100,bot3,1,success,36,0,9.542
50,0.85,100,bot4,1,success,36,0,48.299
50,0.85,101,bot1,1,success,54,0,0.759
50,0.85,101,bot2,1,success,54,0,23.61
50,0.85,101,bot3,1,success,54,0,29.777
50,0.85,101,bot4,1,success,54,0,109.605
50,0.85,102,bot1,1,success,25,0,0.473
50,0.85,102,bot2,1,success,25,0,4.784
50,0.85,102,bot3,1,success,25,0,6.055
50,0.85,102,bot4,0,button_burned,30,3,45.593
50,0.85,103,bot1,1,success,32,0,0.4
50,0.85,103,bot2,1,success,32,0,6.762
50,0.85,103,bot3,1,success,32,0,8.629
50,0.85,103,bot4,1,success,32,0,45.356
50,0.85,104,bot1,1,success,44,0,0.581
50,0.85,104,bot2,1,success,44,0,15.279
50,0.85,104,bot3,1,success,44,0,24.636
50,0.85,104,bot4,1,success,44,0,62.667
50,0.85,105,bot1,1,success,35,0,0.504
50,0.85,105,bot2,1,success,35,0,9.29
50,0.85,105,bot3,1,success,35,0,12.827
50,0.85,105,bot4,1,success,35,0,47.959
50,0.85,106,bot1,0,caught,8,1,0.273
50,0.85,106,bot2,0,trapped,9,0,2.015
50,0.85,106,bot3,0,trapped,9,1,2.377
50,0.85,106,bot4,0,trapped,9,1,14.388
50,0.85,107,bot1,0,entered_fire,23,4,0.749
50,0.85,107,bot2,0,trapped,26,0,15.056
50,0.85,107,bot3,0,trapped,26,1,18.879
50,0.85,107,bot4,0,trapped,26,3,58.276
50,0.85,108,bot1,1,success,36,0,0.294
50,0.85,108,bot2,1,success,36,0,8.357
50,0.85,108,bot3,1,success,36,0,11.884
50,0.85,108,bot4,1,success,36,0,48.442
50,0.85,109,bot1,1,success,21,0,0.302
50,0.85,109,bot2,1,success,21,0,4.159
50,0.85,109,bot3,1,success,21,0,4.827
50,0.85,109,bot4,1,success,21,0,30.742
50,0.85,110,bot1,0,entered_fire,15,3,0.896
50,0.85,110,bot2,0,trapped,39,0,41.167
50,0.85,110,bot3,0,trapped,39,0,49.456
50,0.85,110,bot4,0,trapped,39,8,80.805
50,0.85,111,bot1,0,button_burned,22,0,0.27
50,0.85,111,bot2,0,button_burned,22,0,4.705
50,0.85,111,bot3,0,button_burned,22,0,6.044
50,0.85,111,bot4,0,button_burned,22,0,31.747
50,0.85,112,bot1,0,caught,26,0,0.982
50,0.85,112,bot2,0,caught,26,0,21.151
50,0.85,112,bot3,0,caught,26,0,23.394
50,0.85,112,bot4,0,trapped,65,8,116.232
50,0.85,113,bot1,1,success,52,0,0.689
50,0.85,113,bot2,1,success,52,0,29.25
50,0.85,113,bot3,1,success,52,0,26.739
50,0.85,113,bot4,1,success,52,0,71.818
50,0.85,114,bot1,1,success,9,0,0.962
50,0.85,114,bot2,1,success,9,0,1.124
50,0.85,114,bot3,1,success,9,0,1.287
50,0.85,114,bot4,1,success,9,0,12.362
50,0.85,115,bot1,0,button_burned,9,1,0.706
50,0.85,115,bot2,0,button_burned,9,0,6.707
50,0.85,115,bot3,0,button_burned,9,0,7.066
50,0.85,115,bot4,0,button_burned,9,0,28.967
50,0.85,116,bot1,0,button_burned,17,0,0.413
50,0.85,116,bot2,0,button_burned,17,0,5.732
50,0.85,116,bot3,0,button_burned,17,1,7.438
50,0.85,116,bot4,0,button_burned,17,0,40.429
50,0.85,117,bot1,0,button_burned,30,0,0.634
50,0.85,117,bot2,0,button_burned,30,0,16.205
50,0.85,117,bot3,0,button_burned,30,0,20.95
50,0.85,117,bot4,0,button_burned,30,0,49.506
50,0.85,118,bot1,1,success,28,0,0.253
50,0.85,118,bot2,1,success,28,0,5.411
50,0.85,118,bot3,1,success,28,0,6.814
50,0.85,118,bot4,1,success,28,0,35.041
50,0.85,119,bot1,1,success,46,0,0.909
50,0.85,119,bot2,1,success,46,0,21.512
50,0.85,119,bot3,1,success,46,0,20.624
50,0.85,119,bot4,1,success,46,0,62.135
50,0.85,120,bot1,1,success,70,0,1.715
50,0.85,120,bot2,1,success,70,0,42.623
50,0.85,120,bot3,1,success,70,0,56.06
50,0.85,120,bot4,1,success,70,0,104.93
50,0.85,121,bot1,1,success,38,0,0.535
50,0.85,121,bot2,1,success,38,0,10.999
50,0.85,121,bot3,1,success,38,0,13.962
50,0.85,121,bot4,1,success,38,0,47.609
50,0.85,122,bot1,1,success,29,0,0.489
50,0.85,122,bot2,1,success,29,0,6.632
50,0.85,122,bot3,1,success,29,0,11.503
50,0.85,122,bot4,1,success,29,0,36.98
50,0.85,123,bot1,0,caught,40,0,1.001
50,0.85,123,bot2,0,caught,40,0,27.919
50,0.85,123,bot3,0,caught,40,0,36.066
50,0.85,123,bot4,0,trapped,51,6,106.885
50,0.85,124,bot1,1,success,32,0,0.384
50,0.85,124,bot2,1,success,32,0,7.798
50,0.85,124,bot3,1,success,32,0,12.984
50,0.85,124,bot4,1,success,32,0,48.547
50,0.85,125,bot1,0,entered_fire,9,3,0.317
50,0.85,125,bot2,0,button_burned,27,0,11.284
50,0.85,125,bot3,0,button_burned,27,2,17.009
50,0.85,125,bot4,0,button_burned,27,5,56.398
50,0.85,126,bot1,0,button_burned,13,2,0.753
50,0.85,126,bot2,0,trapped,12,0,8.82
50,0.85,126,bot3,0,trapped,12,1,11.763
50,0.85,126,bot4,0,trapped,12,0,39.412
50,0.85,127,bot1,0,entered_fire,25,4,0.882
50,0.85,127,bot2,0,trapped,19,0,18.293
50,0.85,127,bot3,0,trapped,19,0,19.934
50,0.85,127,bot4,0,trapped,19,3,57.715
50,0.85,128,bot1,0,caught,18,4,0.381
50,0.85,128,bot2,0,button_burned,30,0,10.184
50,0.85,128,bot3,0,button_burned,30,1,12.011
50,0.85,128,bot4,0,button_burned,30,2,44.814
50,0.85,129,bot1,1,success,24,0,0.447
50,0.85,129,bot2,1,success,24,0,5.536
50,0.85,129,bot3,1,success,24,0,7.717
50,0.85,129,bot4,1,success,24,0,56.677
50,0.85,130,bot1,1,success,27,0,0.413
50,0.85,130,bot2,1,success,27,0,6.659
50,0.85,130,bot3,1,success,27,0,10.482
50,0.85,130,bot4,1,success,27,0,40.094
50,0.85,131,bot1,0,entered_fire,5,2,0.716
50,0.85,131,bot2,0,trapped,34,0,14.124
50,0.85,131,bot3,0,caught,29,2,15.58
50,0.85,131,bot4,0,trapped,34,6,53.261
50,0.85,132,bot1,1,success,30,0,0.41
50,0.85,132,bot2,1,success,30,0,7.014
50,0.85,132,bot3,1,success,30,0,11.191
50,0.85,132,bot4,0,button_burned,35,5,51.7
50,0.85,133,bot1,1,success,16,0,0.186
50,0.85,133,bot2,1,success,16,0,2.592
50,0.85,133,bot3,1,success,16,0,3.216
50,0.85,133,bot4,1,success,16,0,20.192
50,0.85,134,bot1,1,success,18,0,0.245
50,0.85,134,bot2,1,success,18,0,2.894
50,0.85,134,bot3,1,success,18,0,3.309
50,0.85,134,bot4,1,success,18,0,22.831
50,0.85,135,bot1,1,success,41,0,0.809
50,0.85,135,bot2,1,success,41,0,14.201
50,0.85,135,bot3,1,success,41,0,16.333
50,0.85,135,bot4,1,success,41,0,55.967
50,0.85,136,bot1,1,success,41,0,0.46
50,0.85,136,bot2,1,success,41,0,10.404
50,0.85,136,bot3,1,success,41,0,15.411
50,0.85,136,bot4,1,success,41,0,55.539
50,0.85,137,bot1,1,success,65,0,1.053
50,0.85,137,bot2,1,success,65,0,36.632
50,0.85,137,bot3,1,success,65,0,45.344
50,0.85,137,bot4,1,success,65,0,91.307
50,0.85,138,bot1,0,caught,15,1,0.312
50,0.85,138,bot2,0,button_burned,21,0,7.427
50,0.85,138,bot3,0,button_burned,21,2,10.244
50,0.85,138,bot4,0,button_burned,21,0,40.962
50,0.85,139,bot1,1,success,32,0,0.421
50,0.85,139,bot2,1,success,32,0,8.579
50,0.85,139,bot3,1,success,32,0,8.0
50,0.85,139,bot4,1,success,32,0,41.694
50,0.85,140,bot1,1,success,9,0,0.154
50,0.85,140,bot2,1,success,9,0,1.176
50,0.85,140,bot3,1,success,9,0,1.16
50,0.85,140,bot4,1,success,9,0,13.714
50,0.85,141,bot1,1,success,64,0,0.893
50,0.85,141,bot2,1,success,64,0,35.716
50,0.85,141,bot3,1,success,64,0,43.493
50,0.85,141,bot4,1,success,64,0,86.946
50,0.85,142,bot1,1,success,22,0,0.276
50,0.85,142,bot2,1,success,22,0,3.397
50,0.85,142,bot3,1,success,22,0,4.382
50,0.85,142,bot4,1,success,22,0,29.471
50,0.85,143,bot1,0,caught,17,1,0.958
50,0.85,143,bot2,0,trapped,30,0,21.106
50,0.85,143,bot3,0,trapped,49,1,46.04
50,0.85,143,bot4,0,trapped,49,6,76.635
50,0.85,144,bot1,1,success,27,0,0.735
50,0.85,144,bot2,1,success,27,0,7.162
50,0.85,144,bot3,1,success,27,0,7.97
50,0.85,144,bot4,1,success,27,0,33.8
50,0.85,145,bot1,0,caught,8,1,0.68
50,0.85,145,bot2,0,caught,12,0,5.042
50,0.85,145,bot3,0,caught,12,0,5.057
50,0.85,145,bot4,0,button_burned,35,11,61.802
50,0.85,146,bot1,1,success,14,0,0.267
50,0.85,146,bot2,1,success,14,0,2.29
50,0.85,146,bot3,1,success,14,0,2.192
50,0.85,146,bot4,1,success,14,0,19.029
50,0.85,147,bot1,1,success,35,0,0.58
50,0.85,147,bot2,1,success,35,0,10.816
50,0.85,147,bot3,1,success,35,0,14.752
50,0.85,147,bot4,1,success,35,0,49.468
50,0.85,148,bot1,1,success,28,0,0.371
50,0.85,148,bot2,1,success,28,0,5.571
50,0.85,148,bot3,1,success,28,0,6.885
50,0.85,148,bot4,1,success,28,0,37.289
50,0.85,149,bot1,0,entered_fire,16,1,0.892
50,0.85,149,bot2,0,trapped,38,0,24.904
50,0.85,149,bot3,0,trapped,38,0,32.959
50,0.85,149,bot4,0,trapped,38,9,75.263
50,0.85,150,bot1,1,success,24,0,0.289
50,0.85,150,bot2,1,success,24,0,4.672
50,0.85,150,bot3,1,success,24,0,5.52
50,0.85,150,bot4,1,success,26,1,32.976
50,0.85,151,bot1,1,success,51,0,0.825
50,0.85,151,bot2,1,success,51,0,23.156
50,0.85,151,bot3,1,success,51,0,30.941
50,0.85,151,bot4,1,success,55,2,74.671
50,0.85,152,bot1,0,entered_fire,10,2,0.771
50,0.85,152,bot2,0,caught,15,0,9.658
50,0.85,152,bot3,0,trapped,18,1,12.574
50,0.85,152,bot4,0,caught,25,7,57.294
50,0.85,153,bot1,1,success,30,0,0.65
50,0.85,153,bot2,1,success,30,0,7.23
50,0.85,153,bot3,1,success,30,0,9.983
50,0.85,153,bot4,1,success,30,0,36.342
50,0.85,154,bot1,0,caught,29,4,0.662
50,0.85,154,bot2,0,trapped,37,0,19.07
50,0.85,154,bot3,0,trapped,37,0,27.544
50,0.85,154,bot4,0,trapped,37,1,63.555
50,0.85,155,bot1,1,success,13,0,0.177
50,0.85,155,bot2,1,success,13,0,1.656
50,0.85,155,bot3,1,success,13,0,1.75
50,0.85,155,bot4,1,success,13,0,15.045
50,0.85,156,bot1,1,success,49,0,0.535
50,0.85,156,bot2,1,success,49,0,15.42
50,0.85,156,bot3,1,success,49,0,21.203
50,0.85,156,bot4,0,trapped,49,3,72.918
50,0.85,157,bot1,1,success,26,0,0.297
50,0.85,157,bot2,1,success,26,0,4.739
50,0.85,157,bot3,1,success,26,0,6.931
50,0.85,157,bot4,1,success,26,0,31.585
50,0.85,158,bot1,0,caught,26,1,0.593
50,0.85,158,bot2,0,trapped,29,0,15.088
50,0.85,158,bot3,0,trapped,29,1,17.792
50,0.85,158,bot4,0,trapped,29,2,47.633
50,0.85,159,bot1,1,success,28,0,0.381
50,0.85,159,bot2,1,success,28,0,6.131
50,0.85,159,bot3,1,success,28,0,10.053
50,0.85,159,bot4,1,success,28,0,35.438
50,0.85,160,bot1,1,success,23,0,0.27
50,0.85,160,bot2,1,success,23,0,3.872
50,0.85,160,bot3,1,success,23,0,4.808
50,0.85,160,bot4,1,success,23,0,28.262
50,0.85,161,bot1,0,entered_fire,23,3,0.707
50,0.85,161,bot2,0,trapped,26,0,23.572
50,0.85,161,bot3,0,trapped,26,0,20.379
50,0.85,161,bot4,0,trapped,26,5,62.744
50,0.85,162,bot1,0,entered_fire,31,1,0.958
50,0.85,162,bot2,0,trapped,30,0,20.931
50,0.85,162,bot3,0,trapped,30,1,22.347
50,0.85,162,bot4,0,button_burned,38,2,55.883
50,0.85,163,bot1,1,success,28,0,0.348
50,0.85,163,bot2,1,success,28,0,5.127
50,0.85,163,bot3,1,success,28,0,7.033
50,0.85,163,bot4,1,success,28,0,39.019
50,0.85,164,bot1,1,success,15,0,0.166
50,0.85,164,bot2,1,success,15,0,2.226
50,0.85,164,bot3,1,success,15,0,2.359
50,0.85,164,bot4,1,success,15,0,17.948
50,0.85,165,bot1,0,entered_fire,20,4,0.843
50,0.85,165,bot2,0,trapped,26,0,20.211
50,0.85,165,bot3,0,trapped,27,0,23.413
50,0.85,165,bot4,0,trapped,27,5,56.448
50,0.85,166,bot1,0,button_burned,13,0,0.887
50,0.85,166,bot2,0,button_burned,13,0,12.416
50,0.85,166,bot3,0,button_burned,13,0,13.11
50,0.85,166,bot4,0,button_burned,13,0,39.4
50,0.85,167,bot1,1,success,36,0,0.388
50,0.85,167,bot2,1,success,36,0,8.77
50,0.85,167,bot3,1,success,36,0,11.504
50,0.85,167,bot4,1,success,36,0,44.765
50,0.85,168,bot1,1,success,32,0,0.472
50,0.85,168,bot2,1,success,32,0,8.25
50,0.85,168,bot3,1,success,32,0,13.367
50,0.85,168,bot4,1,success,34,1,45.032
50,0.85,169,bot1,1,success,43,0,0.586
50,0.85,169,bot2,1,success,43,0,13.402
50,0.85,169,bot3,1,success,43,0,16.399
50,0.85,169,bot4,1,success,43,0,51.953
50,0.85,170,bot1,0,caught,35,2,0.382
50,0.85,170,bot2,0,caught,35,0,11.008
50,0.85,170,bot3,0,trapped,37,1,17.934
50,0.85,170,bot4,0,trapped,37,3,52.562
50,0.85,171,bot1,1,success,72,0,0.887
50,0.85,171,bot2,1,success,72,0,41.666
50,0.85,171,bot3,1,success,72,0,66.583
50,0.85,171,bot4,0,trapped,83,7,113.642
50,0.85,172,bot1,0,caught,18,1,0.516
50,0.85,172,bot2,0,trapped,20,0,9.247
50,0.85,172,bot3,0,trapped,20,1,10.639
50,0.85,172,bot4,0,trapped,20,1,35.973
50,0.85,173,bot1,1,success,67,0,0.908
50,0.85,173,bot2,1,success,67,0,37.24
50,0.85,173,bot3,1,success,67,0,45.963
50,0.85,173,bot4,1,success,67,0,89.987
50,0.85,174,bot1,1,success,21,0,0.237
50,0.85,174,bot2,1,success,21,0,3.24
50,0.85,174,bot3,1,success,21,0,3.615
50,0.85,174,bot4,1,success,21,0,25.355
50,0.85,175,bot1,1,success,19,0,0.199
50,0.85,175,bot2,1,success,19,0,2.896
50,0.85,175,bot3,1,success,19,0,3.466
50,0.85,175,bot4,1,success,19,0,22.49
50,0.85,176,bot1,0,entered_fire,28,1,0.869
50,0.85,176,bot2,0,trapped,31,0,22.843
50,0.85,176,bot3,0,trapped,38,1,32.245
50,0.85,176,bot4,0,trapped,38,9,80.027
50,0.85,177,bot1,1,success,40,0,0.575
50,0.85,177,bot2,1,success,40,0,11.773
50,0.85,177,bot3,1,success,40,0,16.431
50,0.85,177,bot4,1,success,40,0,49.717
50,0.85,178,bot1,1,success,39,0,0.442
50,0.85,178,bot2,1,success,39,0,10.578
50,0.85,178,bot3,1,success,39,0,14.046
50,0.85,178,bot4,1,success,39,0,48.075
50,0.85,179,bot1,0,caught,12,0,0.988
50,0.85,179,bot2,0,caught,12,0,6.094
50,0.85,179,bot3,0,trapped,25,1,12.657
50,0.85,179,bot4,0,trapped,56,8,85.019
50,0.85,180,bot1,0,caught,16,1,0.772
50,0.85,180,bot2,0,trapped,27,0,15.222
50,0.85,180,bot3,0,trapped,27,2,18.275
50,0.85,180,bot4,0,trapped,27,10,55.631
50,0.85,181,bot1,1,success,29,0,0.308
50,0.85,181,bot2,1,success,29,0,5.362
50,0.85,181,bot3,1,success,29,0,7.197
50,0.85,181,bot4,1,success,29,0,36.699
50,0.85,182,bot1,1,success,54,0,0.442
50,0.85,182,bot2,1,success,54,0,18.168
50,0.85,182,bot3,1,success,54,0,28.056
50,0.85,182,bot4,1,success,54,0,68.79
50,0.85,183,bot1,1,success,37,0,0.404
50,0.85,183,bot2,1,success,37,0,8.725
50,0.85,183,bot3,1,success,37,0,12.387
50,0.85,183,bot4,1,success,37,0,45.539
50,0.85,184,bot1,1,success,67,0,0.895
50,0.85,184,bot2,1,success,67,0,36.113
50,0.85,184,bot3,1,success,67,0,46.352
50,0.85,184,bot4,1,success,67,0,99.548
50,0.85,185,bot1,0,caught,26,1,0.827
50,0.85,185,bot2,0,trapped,71,0,37.052
50,0.85,185,bot3,0,trapped,71,1,54.5
50,0.85,185,bot4,0,button_burned,75,4,111.409
50,0.85,186,bot1,1,success,64,0,0.802
50,0.85,186,bot2,1,success,64,0,27.557
50,0.85,186,bot3,1,success,64,0,42.053
50,0.85,186,bot4,1,success,64,0,83.677
50,0.85,187,bot1,1,success,21,0,0.25
50,0.85,187,bot2,1,success,21,0,3.501
50,0.85,187,bot3,1,success,21,0,4.069
50,0.85,187,bot4,1,success,21,0,24.854
50,0.85,188,bot1,1,success,27,0,0.208
50,0.85,188,bot2,1,success,27,0,4.128
50,0.85,188,bot3,1,success,27,0,4.95
50,0.85,188,bot4,1,success,27,0,31.929
50,0.85,189,bot1,0,button_burned,33,0,0.537
50,0.85,189,bot2,0,button_burned,33,0,9.706
50,0.85,189,bot3,0,button_burned,33,0,11.742
50,0.85,189,bot4,0,button_burned,33,0,41.149
50,0.85,190,bot1,1,success,29,0,0.328
50,0.85,190,bot2,1,success,29,0,7.704
50,0.85,190,bot3,1,success,29,0,13.364
50,0.85,190,bot4,1,success,29,0,37.721
50,0.85,191,bot1,0,caught,20,0,0.59
50,0.85,191,bot2,0,trapped,10,0,6.424
50,0.85,191,bot3,0,trapped,10,0,8.131
50,0.85,191,bot4,0,trapped,10,0,30.086
50,0.85,192,bot1,1,success,24,0,0.207
50,0.85,192,bot2,1,success,24,0,3.982
50,0.85,192,bot3,1,success,24,0,5.34
50,0.85,192,bot4,1,success,24,0,30.704
50,0.85,193,bot1,1,success,21,0,0.275
50,0.85,193,bot2,1,success,21,0,3.131
50,0.85,193,bot3,1,success,21,0,3.617
50,0.85,193,bot4,1,success,21,0,24.962
50,0.85,194,bot1,0,caught,45,1,0.813
50,0.85,194,bot2,0,caught,48,0,22.876
50,0.85,194,bot3,0,trapped,48,1,26.496
50,0.85,194,bot4,0,trapped,48,1,69.567
50,0.85,195,bot1,1,success,36,0,0.657
50,0.85,195,bot2,1,success,36,0,10.824
50,0.85,195,bot3,1,success,36,0,14.898
50,0.85,195,bot4,1,success,36,0,48.147
50,0.85,196,bot1,0,entered_fire,16,2,0.454
50,0.85,196,bot2,0,button_burned,35,0,9.469
50,0.85,196,bot3,0,button_burned,35,0,11.655
50,0.85,196,bot4,0,button_burned,35,1,48.271
50,0.85,197,bot1,1,success,67,0,0.897
50,0.85,197,bot2,1,success,67,0,50.96
50,0.85,197,bot3,1,success,67,0,46.72
50,0.85,197,bot4,1,success,67,0,104.285
50,0.85,198,bot1,0,button_burned,30,1,1.31
50,0.85,198,bot2,0,button_burned,30,0,27.007
50,0.85,198,bot3,0,button_burned,30,0,29.424
50,0.85,198,bot4,0,button_burned,30,1,91.292
50,0.85,199,bot1,0,button_burned,29,0,0.418
50,0.85,199,bot2,0,button_burned,29,0,7.985
50,0.85,199,bot3,0,button_burned,29,0,11.167
50,0.85,199,bot4,0,button_burned,29,0,39.059
50,0.9,0,bot1,0,caught,16,3,0.938
50,0.9,0,bot2,0,trapped,29,0,22.17
50,0.9,0,bot3,0,trapped,29,1,25.388
50,0.9,0,bot4,0,trapped,32,13,66.696
50,0.9,1,bot1,0,caught,20,0,0.476
50,0.9,1,bot2,0,caught,20,0,6.633
50,0.9,1,bot3,0,trapped,32,2,13.697
50,0.9,1,bot4,0,trapped,32,4,50.515
50,0.9,2,bot1,0,caught,4,3,0.417
50,0.9,2,bot2,0,caught,16,0,5.408
50,0.9,2,bot3,0,trapped,16,1,5.917
50,0.9,2,bot4,0,trapped,16,1,27.781
50,0.9,3,bot1,1,success,43,0,0.663
50,0.9,3,bot2,1,success,43,0,14.871
50,0.9,3,bot3,1,success,43,0,19.541
50,0.9,3,bot4,1,success,43,0,62.843
50,0.9,4,bot1,0,caught,13,2,0.418
50,0.9,4,bot2,0,button_burned,21,0,14.351
50,0.9,4,bot3,0,button_burned,21,1,13.035
50,0.9,4,bot4,0,button_burned,21,1,43.801
50,0.9,5,bot1,1,success,41,0,0.695
50,0.9,5,bot2,1,success,41,0,14.712
50,0.9,5,bot3,1,success,41,0,17.91
50,0.9,5,bot4,1,success,41,0,54.003
50,0.9,6,bot1,0,caught,1,0,0.693
50,0.9,6,bot2,0,caught,1,0,0.683
50,0.9,6,bot3,0,caught,1,0,0.671
50,0.9,6,bot4,0,caught,1,0,2.129
50,0.9,7,bot1,1,success,43,0,0.553
50,0.9,7,bot2,1,success,43,0,14.355
50,0.9,7,bot3,1,success,43,0,19.247
50,0.9,7,bot4,1,success,45,1,57.425
50,0.9,8,bot1,0,button_burned,20,0,0.721
50,0.9,8,bot2,0,trapped,19,0,18.586
50,0.9,8,bot3,0,trapped,19,0,16.398
50,0.9,8,bot4,0,trapped,19,6,68.478
50,0.9,9,bot1,1,success,6,0,0.113
50,0.9,9,bot2,1,success,6,0,0.618
50,0.9,9,bot3,1,success,6,0,0.64
50,0.9,9,bot4,1,success,6,0,7.42
50,0.9,10,bot1,0,button_burned,26,0,0.379
50,0.9,10,bot2,0,button_burned,26,0,7.528
50,0.9,10,bot3,0,button_burned,26,0,10.539
50,0.9,10,bot4,0,button_burned,26,0,42.146
50,0.9,11,bot1,1,success,40,0,0.672
50,0.9,11,bot2,1,success,40,0,13.362
50,0.9,11,bot3,1,success,40,0,18.759
50,0.9,11,bot4,1,success,40,0,51.385
50,0.9,12,bot1,0,caught,15,0,0.897
50,0.9,12,bot2,0,caught,15,0,6.379
50,0.9,12,bot3,0,caught,16,0,6.472
50,0.9,12,bot4,0,button_burned,43,14,75.357
50,0.9,13,bot1,0,button_burned,11,0,0.747
50,0.9,13,bot2,0,button_burned,11,0,9.105
50,0.9,13,bot3,0,button_burned,11,0,11.5
50,0.9,13,bot4,0,button_burned,11,0,31.874
50,0.9,14,bot1,0,caught,26,1,0.393
50,0.9,14,bot2,0,trapped,22,0,7.642
50,0.9,14,bot3,0,trapped,22,1,10.549
50,0.9,14,bot4,0,trapped,22,0,63.834
50,0.9,15,bot1,0,caught,22,5,0.848
50,0.9,15,bot2,0,trapped,32,0,25.635
50,0.9,15,bot3,0,trapped,32,1,29.501
50,0.9,15,bot4,0,trapped,32,5,76.372
50,0.9,16,bot1,0,button_burned,12,0,0.727
50,0.9,16,bot2,0,button_burned,12,0,12.136
50,0.9,16,bot3,0,button_burned,12,0,16.781
50,0.9,16,bot4,0,button_burned,12,1,59.005
50,0.9,17,bot1,1,success,43,0,0.876
50,0.9,17,bot2,1,success,43,0,15.013
50,0.9,17,bot3,1,success,43,0,22.789
50,0.9,17,bot4,1,success,43,0,59.128
50,0.9,18,bot1,1,success,15,0,0.209
50,0.9,18,bot2,1,success,15,0,2.225
50,0.9,18,bot3,1,success,15,0,2.454
50,0.9,18,bot4,1,success,15,0,18.289
50,0.9,19,bot1,0,button_burned,34,0,0.571
50,0.9,19,bot2,0,button_burned,34,0,16.795
50,0.9,19,bot3,0,button_burned,34,0,18.309
50,0.9,19,bot4,0,button_burned,34,0,57.557
50,0.9,20,bot1,0,entered_fire,21,1,0.838
50,0.9,20,bot2,0,trapped,35,0,24.797
50,0.9,20,bot3,0,trapped,35,1,42.9
50,0.9,20,bot4,0,trapped,35,8,68.786
50,0.9,21,bot1,1,success,39,0,0.655
50,0.9,21,bot2,1,success,39,0,13.972
50,0.9,21,bot3,1,success,39,0,13.281
50,0.9,21,bot4,1,success,41,1,51.536
50,0.9,22,bot1,1,success,18,0,0.236
50,0.9,22,bot2,1,success,18,0,2.722
50,0.9,22,bot3,1,success,18,0,3.084
50,0.9,22,bot4,1,success,18,0,22.807
50,0.9,23,bot1,0,button_burned,9,0,0.871
50,0.9,23,bot2,0,button_burned,9,0,7.41
50,0.9,23,bot3,0,button_burned,9,0,8.266
50,0.9,23,bot4,0,button_burned,9,0,27.751
50,0.9,24,bot1,0,caught,18,1,0.524
50,0.9,24,bot2,0,caught,14,0,6.18
50,0.9,24,bot3,0,trapped,24,2,16.6
50,0.9,24,bot4,0,trapped,24,0,46.997
50,0.9,25,bot1,1,success,10,0,0.203
50,0.9,25,bot2,1,success,10,0,1.593
50,0.9,25,bot3,1,success,10,0,1.241
50,0.9,25,bot4,1,success,10,0,11.809
50,0.9,26,bot1,0,caught,19,1,0.845
50,0.9,26,bot2,0,caught,27,0,25.131
50,0.9,26,bot3,0,trapped,34,1,35.393
50,0.9,26,bot4,0,trapped,45,7,83.894
50,0.9,27,bot1,0,entered_fire,12,2,1.43
50,0.9,27,bot2,0,trapped,45,0,31.409
50,0.9,27,bot3,0,trapped,45,0,39.6
50,0.9,27,bot4,0,trapped,19,2,37.893
50,0.9,28,bot1,0,entered_fire,13,7,0.444
50,0.9,28,bot2,0,button_burned,24,0,17.622
50,0.9,28,bot3,0,button_burned,24,1,31.074
50,0.9,28,bot4,0,button_burned,24,11,83.358
50,0.9,29,bot1,1,success,18,0,0.195
50,0.9,29,bot2,1,success,18,0,2.486
50,0.9,29,bot3,1,success,18,0,2.849
50,0.9,29,bot4,1,success,18,0,22.76
50,0.9,30,bot1,0,button_burned,11,0,0.273
50,0.9,30,bot2,0,button_burned,11,0,2.653
50,0.9,30,bot3,0,button_burned,11,0,3.589
50,0.9,30,bot4,0,button_burned,11,0,23.086
50,0.9,31,bot1,1,success,41,0,0.568
50,0.9,31,bot2,1,success,41,0,12.046
50,0.9,31,bot3,1,success,41,0,18.036
50,0.9,31,bot4,1,success,41,0,57.168
50,0.9,32,bot1,0,entered_fire,30,1,0.626
50,0.9,32,bot2,0,caught,37,0,13.793
50,0.9,32,bot3,0,caught,38,1,19.705
50,0.9,32,bot4,0,trapped,39,0,57.885
50,0.9,33,bot1,1,success,14,0,0.162
50,0.9,33,bot2,1,success,14,0,1.799
50,0.9,33,bot3,1,success,14,0,2.165
50,0.9,33,bot4,1,success,14,0,20.428
50,0.9,34,bot1,1,success,6,0,0.124
50,0.9,34,bot2,1,success,6,0,0.766
50,0.9,34,bot3,1,success,6,0,0.808
50,0.9,34,bot4,1,success,6,0,12.356
50,0.9,35,bot1,1,success,43,0,0.617
50,0.9,35,bot2,1,success,43,0,15.842
50,0.9,35,bot3,1,success,43,0,28.465
50,0.9,35,bot4,1,success,43,0,65.761
50,0.9,36,bot1,0,entered_fire,30,0,0.737
50,0.9,36,bot2,0,trapped,28,0,16.258
50,0.9,36,bot3,0,trapped,28,0,20.508
50,0.9,36,bot4,0,trapped,28,0,58.05
50,0.9,37,bot1,0,button_burned,19,1,0.283
50,0.9,37,bot2,0,button_burned,19,0,3.798
50,0.9,37,bot3,0,button_burned,19,1,6.024
50,0.9,37,bot4,0,button_burned,19,0,27.89
50,0.9,38,bot1,1,success,12,0,0.153
50,0.9,38,bot2,1,success,12,0,1.642
50,0.9,38,bot3,1,success,12,0,1.71
50,0.9,38,bot4,1,success,12,0,15.012
50,0.9,39,bot1,1,success,21,0,0.251
50,0.9,39,bot2,1,success,21,0,3.008
50,0.9,39,bot3,1,success,21,0,3.739
50,0.9,39,bot4,1,success,21,0,25.945
50,0.9,40,bot1,1,success,19,0,0.265
50,0.9,40,bot2,1,success,19,0,3.065
50,0.9,40,bot3,1,success,19,0,3.852
50,0.9,40,bot4,1,success,19,0,27.959
50,0.9,41,bot1,0,button_burned,3,0,0.913
50,0.9,41,bot2,0,button_burned,3,0,4.957
50,0.9,41,bot3,0,button_burned,3,0,5.886
50,0.9,41,bot4,0,button_burned,3,0,15.911
50,0.9,42,bot1,1,success,21,0,0.235
50,0.9,42,bot2,1,success,21,0,3.416
50,0.9,42,bot3,1,success,21,0,4.188
50,0.9,42,bot4,1,success,21,0,27.007
50,0.9,43,bot1,0,button_burned,27,0,0.424
50,0.9,43,bot2,0,button_burned,27,0,7.739
50,0.9,43,bot3,0,button_burned,27,0,10.048
50,0.9,43,bot4,0,button_burned,27,0,42.355
50,0.9,44,bot1,1,success,14,0,0.176
50,0.9,44,bot2,1,success,14,0,1.947
50,0.9,44,bot3,1,success,14,0,2.376
50,0.9,44,bot4,1,success,14,0,17.381
50,0.9,45,bot1,1,success,15,0,0.204
50,0.9,45,bot2,1,success,15,0,1.993
50,0.9,45,bot3,1,success,15,0,4.461
50,0.9,45,bot4,1,success,15,0,19.533
50,0.9,46,bot1,0,entered_fire,63,0,0.918
50,0.9,46,bot2,0,trapped,60,0,36.095
50,0.9,46,bot3,0,trapped,60,0,52.162
50,0.9,46,bot4,0,trapped,58,5,99.849
50,0.9,47,bot1,1,success,41,0,0.664
50,0.9,47,bot2,1,success,41,0,13.11
50,0.9,47,bot3,1,success,41,0,18.632
50,0.9,47,bot4,1,success,41,0,60.922
50,0.9,48,bot1,1,success,22,0,0.318
50,0.9,48,bot2,1,success,22,0,3.792
50,0.9,48,bot3,1,success,22,0,4.521
50,0.9,48,bot4,1,success,22,0,26.513
50,0.9,49,bot1,0,button_burned,20,0,0.455
50,0.9,49,bot2,0,trapped,18,0,8.296
50,0.9,49,bot3,0,trapped,18,0,10.359
50,0.9,49,bot4,0,trapped,18,3,49.235
50,0.9,50,bot1,1,success,27,0,0.401
50,0.9,50,bot2,1,success,27,0,6.169
50,0.9,50,bot3,1,success,27,0,6.843
50,0.9,50,bot4,1,success,27,0,33.789
50,0.9,51,bot1,1,success,12,0,0.157
50,0.9,51,bot2,1,success,12,0,1.485
50,0.9,51,bot3,1,success,12,0,1.649
50,0.9,51,bot4,1,success,12,0,15.632
50,0.9,52,bot1,1,success,11,0,0.15
50,0.9,52,bot2,1,success,11,0,1.371
50,0.9,52,bot3,1,success,11,0,1.413
50,0.9,52,bot4,1,success,11,0,13.012
50,0.9,53,bot1,0,caught,8,1,0.818
50,0.9,53,bot2,0,trapped,17,0,12.777
50,0.9,53,bot3,0,trapped,17,1,13.673
50,0.9,53,bot4,0,trapped,17,5,39.365
50,0.9,54,bot1,1,success,40,0,0.498
50,0.9,54,bot2,1,success,40,0,11.85
50,0.9,54,bot3,1,success,40,0,16.674
50,0.9,54,bot4,1,success,40,0,50.187
50,0.9,55,bot1,1,success,61,0,1.467
50,0.9,55,bot2,1,success,61,0,38.765
50,0.9,55,bot3,1,success,61,0,41.311
50,0.9,55,bot4,1,success,65,2,96.281
50,0.9,56,bot1,1,success,52,0,0.698
50,0.9,56,bot2,1,success,52,0,20.452
50,0.9,56,bot3,1,success,52,0,32.948
50,0.9,56,bot4,1,success,52,0,73.715
50,0.9,57,bot1,0,button_burned,18,0,0.526
50,0.9,57,bot2,0,button_burned,18,0,6.414
50,0.9,57,bot3,0,button_burned,18,0,5.488
50,0.9,57,bot4,0,button_burned,18,0,26.482
50,0.9,58,bot1,1,success,25,0,0.245
50,0.9,58,bot2,1,success,25,0,4.387
50,0.9,58,bot3,1,success,25,0,5.604
50,0.9,58,bot4,1,success,25,0,31.906
50,0.9,59,bot1,1,success,31,0,0.324
50,0.9,59,bot2,1,success,31,0,7.207
50,0.9,59,bot3,1,success,31,0,10.265
50,0.9,59,bot4,0,button_burned,32,2,44.873
50,0.9,60,bot1,1,success,12,0,0.152
50,0.9,60,bot2,1,success,12,0,1.449
50,0.9,60,bot3,1,success,12,0,1.607
50,0.9,60,bot4,1,success,12,0,16.396
50,0.9,61,bot1,0,button_burned,32,0,0.554
50,0.9,61,bot2,0,button_burned,32,0,10.063
50,0.9,61,bot3,0,button_burned,32,0,13.784
50,0.9,61,bot4,0,button_burned,32,0,43.389
50,0.9,62,bot1,1,success,19,0,0.271
50,0.9,62,bot2,1,success,19,0,3.295
50,0.9,62,bot3,1,success,19,0,3.777
50,0.9,62,bot4,1,success,19,0,24.345
50,0.9,63,bot1,1,success,26,0,0.376
50,0.9,63,bot2,1,success,26,0,6.33
50,0.9,63,bot3,1,success,26,0,6.582
50,0.9,63,bot4,1,success,26,0,34.662
50,0.9,64,bot1,1,success,19,0,0.194
50,0.9,64,bot2,1,success,19,0,2.626
50,0.9,64,bot3,1,success,19,0,3.017
50,0.9,64,bot4,1,success,19,0,22.79
50,0.9,65,bot1,1,success,36,0,0.352
50,0.9,65,bot2,1,success,36,0,7.592
50,0.9,65,bot3,1,success,36,0,11.993
50,0.9,65,bot4,1,success,36,0,43.391
50,0.9,66,bot1,0,button_burned,4,0,0.347
50,0.9,66,bot2,0,button_burned,4,0,1.311
50,0.9,66,bot3,0,button_burned,4,0,2.117
50,0.9,66,bot4,0,button_burned,4,0,9.755
50,0.9,67,bot1,0,caught,21,1,0.458
50,0.9,67,bot2,0,button_burned,24,0,10.608
50,0.9,67,bot3,0,button_burned,24,1,12.505
50,0.9,67,bot4,0,button_burned,24,4,56.387
50,0.9,68,bot1,1,success,41,0,0.915
50,0.9,68,bot2,1,success,41,0,15.244
50,0.9,68,bot3,1,success,41,0,18.987
50,0.9,68,bot4,1,success,41,0,56.07
50,0.9,69,bot1,1,success,40,0,0.38
50,0.9,69,bot2,1,success,40,0,9.557
50,0.9,69,bot3,1,success,40,0,11.984
50,0.9,69,bot4,1,success,40,0,55.039
50,0.9,70,bot1,0,caught,1,0,0.616
50,0.9,70,bot2,0,caught,1,0,0.579
50,0.9,70,bot3,0,trapped,6,1,3.813
50,0.9,70,bot4,0,trapped,6,1,11.669
50,0.9,71,bot1,0,entered_fire,26,0,0.936
50,0.9,71,bot2,0,trapped,25,0,18.881
50,0.9,71,bot3,0,trapped,25,0,19.687
50,0.9,71,bot4,0,trapped,25,0,46.385
50,0.9,72,bot1,0,button_burned,11,0,1.23
50,0.9,72,bot2,0,button_burned,11,0,9.989
50,0.9,72,bot3,0,button_burned,11,0,8.064
50,0.9,72,bot4,0,button_burned,11,0,32.517
50,0.9,73,bot1,0,caught,7,0,0.832
50,0.9,73,bot2,0,trapped,6,0,4.686
50,0.9,73,bot3,0,trapped,6,0,4.796
50,0.9,73,bot4,0,trapped,6,0,11.05
50,0.9,74,bot1,0,entered_fire,10,1,0.646
50,0.9,74,bot2,0,caught,15,0,9.02
50,0.9,74,bot3,0,caught,15,0,9.43
50,0.9,74,bot4,0,trapped,22,13,54.949
50,0.9,75,bot1,1,success,23,0,0.249
50,0.9,75,bot2,1,success,23,0,4.117
50,0.9,75,bot3,1,success,23,0,5.188
50,0.9,75,bot4,1,success,23,0,29.394
50,0.9,76,bot1,1,success,28,0,0.402
50,0.9,76,bot2,1,success,28,0,6.215
50,0.9,76,bot3,1,success,28,0,8.26
50,0.9,76,bot4,1,success,28,0,37.278
50,0.9,77,bot1,0,caught,26,0,0.752
50,0.9,77,bot2,0,trapped,24,0,13.301
50,0.9,77,bot3,0,trapped,24,0,15.925
50,0.9,77,bot4,0,caught,36,7,59.104
50,0.9,78,bot1,1,success,55,0,0.787
50,0.9,78,bot2,1,success,55,0,25.564
50,0.9,78,bot3,1,success,55,0,32.072
50,0.9,78,bot4,1,success,55,0,74.088
50,0.9,79,bot1,0,entered_fire,27,1,1.388
50,0.9,79,bot2,0,trapped,29,0,22.714
50,0.9,79,bot3,0,trapped,29,0,23.255
50,0.9,79,bot4,0,trapped,54,8,112.494
50,0.9,80,bot1,1,success,52,0,0.692
50,0.9,80,bot2,1,success,52,0,16.623
50,0.9,80,bot3,1,success,52,0,29.31
50,0.9,80,bot4,1,success,52,0,66.916
50,0.9,81,bot1,1,success,53,0,0.811
50,0.9,81,bot2,1,success,53,0,23.667
50,0.9,81,bot3,1,success,53,0,31.697
50,0.9,81,bot4,1,success,53,0,67.694
50,0.9,82,bot1,0,button_burned,17,0,0.831
50,0.9,82,bot2,0,trapped,10,0,9.498
50,0.9,82,bot3,0,trapped,10,0,10.244
50,0.9,82,bot4,0,trapped,10,0,31.467
50,0.9,83,bot1,0,button_burned,3,0,0.834
50,0.9,83,bot2,0,button_burned,3,0,2.633
50,0.9,83,bot3,0,button_burned,3,0,3.512
50,0.9,83,bot4,0,button_burned,3,0,8.981
50,0.9,84,bot1,1,success,47,0,0.8
50,0.9,84,bot2,1,success,47,0,14.312
50,0.9,84,bot3,1,success,47,0,25.143
50,0.9,84,bot4,1,success,47,0,66.675
50,0.9,85,bot1,0,entered_fire,13,0,0.745
50,0.9,85,bot2,0,button_burned,19,0,12.7
50,0.9,85,bot3,0,button_burned,19,1,14.071
50,0.9,85,bot4,0,button_burned,19,1,45.651
50,0.9,86,bot1,1,success,14,0,0.189
50,0.9,86,bot2,1,success,14,0,2.078
50,0.9,86,bot3,1,success,14,0,2.309
50,0.9,86,bot4,1,success,14,0,17.443
50,0.9,87,bot1,0,button_burned,6,0,0.822
50,0.9,87,bot2,0,trapped,5,0,4.948
50,0.9,87,bot3,0,trapped,5,0,6.47
50,0.9,87,bot4,0,trapped,5,0,17.865
50,0.9,88,bot1,1,success,53,0,0.666
50,0.9,88,bot2,1,success,53,0,19.96
50,0.9,88,bot3,1,success,53,0,27.848
50,0.9,88,bot4,1,success,53,0,75.86
50,0.9,89,bot1,1,success,15,0,0.191
50,0.9,89,bot2,1,success,15,0,1.919
50,0.9,89,bot3,1,success,15,0,2.076
50,0.9,89,bot4,1,success,15,0,18.228
50,0.9,90,bot1,1,success,26,0,0.356
50,0.9,90,bot2,1,success,26,0,4.63
50,0.9,90,bot3,1,success,26,0,5.926
50,0.9,90,bot4,1,success,26,0,31.146
50,0.9,91,bot1,1,success,6,0,0.12
50,0.9,91,bot2,1,success,6,0,0.615
50,0.9,91,bot3,1,success,6,0,0.658
50,0.9,91,bot4,1,success,6,0,7.144
50,0.9,92,bot1,0,button_burned,28,0,1.067
50,0.9,92,bot2,0,trapped,25,0,15.324
50,0.9,92,bot3,0,trapped,25,0,17.944
50,0.9,92,bot4,0,trapped,25,0,57.591
50,0.9,93,bot1,1,success,5,0,0.116
50,0.9,93,bot2,1,success,5,0,0.491
50,0.9,93,bot3,1,success,5,0,0.52
50,0.9,93,bot4,1,success,5,0,5.883
50,0.9,94,bot1,0,button_burned,26,0,0.628
50,0.9,94,bot2,0,trapped,25,0,18.145
50,0.9,94,bot3,0,trapped,25,0,19.387
50,0.9,94,bot4,0,trapped,25,0,53.701
50,0.9,95,bot1,0,caught,32,4,0.655
50,0.9,95,bot2,0,button_burned,48,0,25.494
50,0.9,95,bot3,0,button_burned,48,1,32.502
50,0.9,95,bot4,0,button_burned,48,1,70.344
50,0.9,96,bot1,0,button_burned,21,0,0.419
50,0.9,96,bot2,0,trapped,19,0,7.007
50,0.9,96,bot3,0,trapped,19,0,9.453
50,0.9,96,bot4,0,trapped,19,0,44.913
50,0.9,97,bot1,1,success,43,0,0.631
50,0.9,97,bot2,1,success,43,0,15.387
50,0.9,97,bot3,1,success,43,0,19.356
50,0.9,97,bot4,1,success,43,0,54.424
50,0.9,98,bot1,1,success,31,0,0.444
50,0.9,98,bot2,1,success,31,0,6.905
50,0.9,98,bot3,1,success,31,0,8.384
50,0.9,98,bot4,0,caught,29,6,45.256
50,0.9,99,bot1,1,success,49,0,0.948
50,0.9,99,bot2,1,success,49,0,22.791
50,0.9,99,bot3,1,success,49,0,29.033
50,0.9,99,bot4,1,success,49,0,63.635
50,0.9,100,bot1,1,success,36,0,0.329
50,0.9,100,bot2,1,success,36,0,7.861
50,0.9,100,bot3,1,success,36,0,9.421
50,0.9,100,bot4,1,success,36,0,47.12
50,0.9,101,bot1,1,success,54,0,0.694
50,0.9,101,bot2,1,success,54,0,21.633
50,0.9,101,bot3,1,success,54,0,29.806
50,0.9,101,bot4,1,success,56,1,74.204
50,0.9,102,bot1,1,success,25,0,0.334
50,0.9,102,bot2,1,success,25,0,4.294
50,0.9,102,bot3,1,success,25,0,5.146
50,0.9,102,bot4,0,button_burned,28,3,39.499
50,0.9,103,bot1,0,caught,14,0,0.367
50,0.9,103,bot2,0,caught,14,0,3.509
50,0.9,103,bot3,0,trapped,16,1,6.19
50,0.9,103,bot4,0,caught,14,0,19.227
50,0.9,104,bot1,1,success,44,0,0.555
50,0.9,104,bot2,1,success,44,0,13.636
50,0.9,104,bot3,1,success,44,0,20.061
50,0.9,104,bot4,1,success,44,0,55.631
50,0.9,105,bot1,1,success,35,0,0.409
50,0.9,105,bot2,1,success,35,0,8.392
50,0.9,105,bot3,1,success,35,0,12.109
50,0.9,105,bot4,1,success,35,0,43.638
50,0.9,106,bot1,0,caught,8,1,0.243
50,0.9,106,bot2,0,trapped,9,0,2.112
50,0.9,106,bot3,0,trapped,9,1,2.195
50,0.9,106,bot4,0,trapped,9,1,15.487
50,0.9,107,bot1,0,caught,23,3,0.665
50,0.9,107,bot2,0,trapped,26,0,16.585
50,0.9,107,bot3,0,trapped,26,1,16.919
50,0.9,107,bot4,0,trapped,26,5,65.091
50,0.9,108,bot1,1,success,36,0,0.285
50,0.9,108,bot2,1,success,36,0,7.663
50,0.9,108,bot3,1,success,36,0,12.506
50,0.9,108,bot4,1,success,36,0,48.407
50,0.9,109,bot1,1,success,21,0,0.246
50,0.9,109,bot2,1,success,21,0,3.333
50,0.9,109,bot3,1,success,21,0,4.21
50,0.9,109,bot4,1,success,21,0,28.31
50,0.9,110,bot1,0,entered_fire,16,3,1.309
50,0.9,110,bot2,0,caught,38,0,24.139
50,0.9,110,bot3,0,caught,39,2,30.403
50,0.9,110,bot4,0,trapped,42,14,82.503
50,0.9,111,bot1,0,button_burned,21,0,0.237
50,0.9,111,bot2,0,button_burned,21,0,4.291
50,0.9,111,bot3,0,button_burned,21,0,5.929
50,0.9,111,bot4,0,button_burned,21,0,37.399
50,0.9,112,bot1,0,caught,28,0,0.88
50,0.9,112,bot2,0,caught,28,0,20.55
50,0.9,112,bot3,0,caught,28,0,22.823
50,0.9,112,bot4,0,button_burned,60,3,98.849
50,0.9,113,bot1,1,success,52,0,0.632
50,0.9,113,bot2,1,success,52,0,19.461
50,0.9,113,bot3,1,success,52,0,29.497
50,0.9,113,bot4,1,success,52,0,66.771
50,0.9,114,bot1,1,success,9,0,0.144
50,0.9,114,bot2,1,success,9,0,1.016
50,0.9,114,bot3,1,success,9,0,1.082
50,0.9,114,bot4,1,success,9,0,11.163
50,0.9,115,bot1,0,button_burned,9,1,0.625
50,0.9,115,bot2,0,button_burned,9,0,5.866
50,0.9,115,bot3,0,button_burned,9,0,7.847
50,0.9,115,bot4,0,button_burned,9,0,26.151
50,0.9,116,bot1,0,button_burned,17,0,0.382
50,0.9,116,bot2,0,button_burned,17,0,6.001
50,0.9,116,bot3,0,button_burned,17,0,7.924
50,0.9,116,bot4,0,button_burned,17,1,38.487
50,0.9,117,bot1,0,button_burned,31,0,0.594
50,0.9,117,bot2,0,button_burned,31,0,16.575
50,0.9,117,bot3,0,button_burned,31,0,18.009
50,0.9,117,bot4,0,button_burned,31,0,59.797
50,0.9,118,bot1,1,success,28,0,0.229
50,0.9,118,bot2,1,success,28,0,4.9
50,0.9,118,bot3,1,success,28,0,6.618
50,0.9,118,bot4,1,success,30,1,38.651
50,0.9,119,bot1,1,success,46,0,0.55
50,0.9,119,bot2,1,success,46,0,14.12
50,0.9,119,bot3,1,success,46,0,19.8
50,0.9,119,bot4,0,button_burned,49,2,66.873
50,0.9,120,bot1,1,success,70,0,0.948
50,0.9,120,bot2,1,success,70,0,35.375
50,0.9,120,bot3,1,success,70,0,51.869
50,0.9,120,bot4,1,success,70,0,95.855
50,0.9,121,bot1,1,success,38,0,0.484
50,0.9,121,bot2,1,success,38,0,10.555
50,0.9,121,bot3,1,success,38,0,15.425
50,0.9,121,bot4,1,success,38,0,47.772
50,0.9,122,bot1,1,success,29,0,0.477
50,0.9,122,bot2,1,success,29,0,6.253
50,0.9,122,bot3,1,success,29,0,8.615
50,0.9,122,bot4,1,success,29,0,35.731
50,0.9,123,bot1,0,entered_fire,40,0,0.943
50,0.9,123,bot2,0,trapped,39,0,26.543
50,0.9,123,bot3,0,trapped,39,0,35.636
50,0.9,123,bot4,0,trapped,46,5,117.085
50,0.9,124,bot1,0,button_burned,30,0,0.389
50,0.9,124,bot2,0,button_burned,30,0,7.216
50,0.9,124,bot3,0,button_burned,30,0,12.495
50,0.9,124,bot4,0,button_burned,30,0,69.667
50,0.9,125,bot1,0,caught,8,2,0.329
50,0.9,125,bot2,0,caught,24,0,8.289
50,0.9,125,bot3,0,button_burned,27,1,12.634
50,0.9,125,bot4,0,button_burned,27,4,56.134
50,0.9,126,bot1,0,button_burned,10,2,0.677
50,0.9,126,bot2,0,trapped,9,0,6.727
50,0.9,126,bot3,0,trapped,9,0,8.705
50,0.9,126,bot4,0,trapped,9,0,32.061
50,0.9,127,bot1,0,caught,23,2,0.914
50,0.9,127,bot2,0,trapped,17,0,14.748
50,0.9,127,bot3,0,trapped,17,0,17.306
50,0.9,127,bot4,0,trapped,17,3,51.864
50,0.9,128,bot1,0,entered_fire,18,5,0.35
50,0.9,128,bot2,0,button_burned,30,0,8.296
50,0.9,128,bot3,0,button_burned,30,2,10.51
50,0.9,128,bot4,0,button_burned,30,2,43.511
50,0.9,129,bot1,1,success,24,0,0.567
50,0.9,129,bot2,1,success,24,0,5.272
50,0.9,129,bot3,1,success,24,0,6.025
50,0.9,129,bot4,1,success,24,0,29.168
50,0.9,130,bot1,1,success,27,0,0.434
50,0.9,130,bot2,1,success,27,0,5.984
50,0.9,130,bot3,1,success,27,0,6.941
50,0.9,130,bot4,1,success,27,0,35.328
50,0.9,131,bot1,0,entered_fire,5,2,0.954
50,0.9,131,bot2,0,caught,16,0,7.893
50,0.9,131,bot3,0,caught,29,2,14.183
50,0.9,131,bot4,0,trapped,33,6,51.116
50,0.9,132,bot1,0,caught,15,0,0.391
50,0.9,132,bot2,0,caught,15,0,6.453
50,0.9,132,bot3,0,button_burned,33,2,15.049
50,0.9,132,bot4,0,trapped,26,2,42.39
50,0.9,133,bot1,1,success,16,0,0.191
50,0.9,133,bot2,1,success,16,0,2.251
50,0.9,133,bot3,1,success,16,0,2.891
50,0.9,133,bot4,1,success,16,0,19.12
50,0.9,134,bot1,1,success,18,0,0.259
50,0.9,134,bot2,1,success,18,0,3.003
50,0.9,134,bot3,1,success,18,0,2.951
50,0.9,134,bot4,1,success,18,0,21.4
50,0.9,135,bot1,1,success,41,0,0.775
50,0.9,135,bot2,1,success,41,0,14.801
50,0.9,135,bot3,1,success,41,0,17.372
50,0.9,135,bot4,1,success,41,0,55.69
50,0.9,136,bot1,1,success,41,0,0.381
50,0.9,136,bot2,1,success,41,0,10.861
50,0.9,136,bot3,1,success,41,0,13.044
50,0.9,136,bot4,1,success,41,0,52.182
50,0.9,137,bot1,1,success,65,0,0.916
50,0.9,137,bot2,1,success,65,0,38.151
50,0.9,137,bot3,1,success,65,0,51.295
50,0.9,137,bot4,1,success,65,0,95.384
50,0.9,138,bot1,0,entered_fire,15,1,0.318
50,0.9,138,bot2,0,button_burned,20,0,7.269
50,0.9,138,bot3,0,button_burned,20,1,9.254
50,0.9,138,bot4,0,button_burned,20,0,40.138
50,0.9,139,bot1,1,success,32,0,0.378
50,0.9,139,bot2,1,success,32,0,7.0
50,0.9,139,bot3,1,success,32,0,8.145
50,0.9,139,bot4,1,success,34,1,45.394
50,0.9,140,bot1,1,success,9,0,0.181
50,0.9,140,bot2,1,success,9,0,1.097
50,0.9,140,bot3,1,success,9,0,1.497
50,0.9,140,bot4,1,success,9,0,22.523
50,0.9,141,bot1,1,success,64,0,0.862
50,0.9,141,bot2,1,success,64,0,33.688
50,0.9,141,bot3,1,success,64,0,40.562
50,0.9,141,bot4,1,success,64,0,81.905
50,0.9,142,bot1,1,success,22,0,0.191
50,0.9,142,bot2,1,success,22,0,3.66
50,0.9,142,bot3,1,success,22,0,4.758
50,0.9,142,bot4,1,success,22,0,30.923
50,0.9,143,bot1,0,caught,10,0,1.165
50,0.9,143,bot2,0,caught,10,0,9.181
50,0.9,143,bot3,0,caught,13,0,12.068
50,0.9,143,bot4,0,caught,22,4,38.718
50,0.9,144,bot1,1,success,27,0,0.45
50,0.9,144,bot2,1,success,27,0,6.66
50,0.9,144,bot3,1,success,27,0,10.198
50,0.9,144,bot4,1,success,27,0,35.569
50,0.9,145,bot1,0,caught,8,1,0.46
50,0.9,145,bot2,0,caught,12,0,4.555
50,0.9,145,bot3,0,caught,12,0,5.083
50,0.9,145,bot4,0,caught,26,6,46.407
50,0.9,146,bot1,1,success,14,0,0.152
50,0.9,146,bot2,1,success,14,0,1.785
50,0.9,146,bot3,1,success,14,0,2.099
50,0.9,146,bot4,1,success,14,0,19.733
50,0.9,147,bot1,1,success,35,0,0.584
50,0.9,147,bot2,1,success,35,0,10.399
50,0.9,147,bot3,1,success,35,0,15.367
50,0.9,147,bot4,1,success,35,0,72.634
50,0.9,148,bot1,1,success,28,0,0.414
50,0.9,148,bot2,1,success,28,0,6.122
50,0.9,148,bot3,1,success,28,0,7.316
50,0.9,148,bot4,1,success,28,0,38.868
50,0.9,149,bot1,0,entered_fire,16,1,1.473
50,0.9,149,bot2,0,trapped,36,0,32.575
50,0.9,149,bot3,0,trapped,36,0,30.654
50,0.9,149,bot4,0,trapped,36,16,80.732
50,0.9,150,bot1,1,success,24,0,0.271
50,0.9,150,bot2,1,success,24,0,4.487
50,0.9,150,bot3,1,success,24,0,5.077
50,0.9,150,bot4,1,success,26,1,34.641
50,0.9,151,bot1,1,success,51,0,0.845
50,0.9,151,bot2,1,success,51,0,22.303
50,0.9,151,bot3,1,success,51,0,32.138
50,0.9,151,bot4,1,success,55,2,72.687
50,0.9,152,bot1,0,caught,9,1,0.709
50,0.9,152,bot2,0,caught,15,0,9.964
50,0.9,152,bot3,0,trapped,16,1,10.687
50,0.9,152,bot4,0,trapped,16,3,37.688
50,0.9,153,bot1,1,success,30,0,0.608
50,0.9,153,bot2,1,success,30,0,7.58
50,0.9,153,bot3,1,success,30,0,11.01
50,0.9,153,bot4,1,success,30,0,44.004
50,0.9,154,bot1,0,entered_fire,30,5,0.725
50,0.9,154,bot2,0,trapped,39,0,20.468
50,0.9,154,bot3,0,trapped,39,0,27.625
50,0.9,154,bot4,0,trapped,39,1,67.014
50,0.9,155,bot1,1,success,13,0,0.187
50,0.9,155,bot2,1,success,13,0,1.662
50,0.9,155,bot3,1,success,13,0,2.134
50,0.9,155,bot4,1,success,13,0,17.171
50,0.9,156,bot1,1,success,49,0,0.604
50,0.9,156,bot2,1,success,49,0,18.25
50,0.9,156,bot3,1,success,49,0,27.666
50,0.9,156,bot4,0,trapped,49,3,95.145
50,0.9,157,bot1,1,success,26,0,0.339
50,0.9,157,bot2,1,success,26,0,5.111
50,0.9,157,bot3,1,success,26,0,7.526
50,0.9,157,bot4,1,success,26,0,34.863
50,0.9,158,bot1,0,caught,25,3,0.701
50,0.9,158,bot2,0,trapped,27,0,22.946
50,0.9,158,bot3,0,trapped,27,1,17.492
50,0.9,158,bot4,0,trapped,27,2,50.469
50,0.9,159,bot1,1,success,28,0,0.388
50,0.9,159,bot2,1,success,28,0,5.875
50,0.9,159,bot3,1,success,28,0,8.002
50,0.9,159,bot4,1,success,28,0,35.26
50,0.9,160,bot1,1,success,23,0,0.273
50,0.9,160,bot2,1,success,23,0,3.956
50,0.9,160,bot3,1,success,23,0,5.356
50,0.9,160,bot4,1,success,23,0,30.247
50,0.9,161,bot1,0,caught,24,4,0.821
50,0.9,161,bot2,0,trapped,29,0,20.545
50,0.9,161,bot3,0,trapped,29,0,21.62
50,0.9,161,bot4,0,trapped,29,5,80.981
50,0.9,162,bot1,0,entered_fire,30,1,0.995
50,0.9,162,bot2,0,trapped,29,0,20.363
50,0.9,162,bot3,0,trapped,29,1,21.802
50,0.9,162,bot4,0,button_burned,40,2,67.296
50,0.9,163,bot1,1,success,28,0,0.381
50,0.9,163,bot2,1,success,28,0,5.965
50,0.9,163,bot3,1,success,28,0,7.714
50,0.9,163,bot4,1,success,28,0,36.141
50,0.9,164,bot1,1,success,15,0,0.19
50,0.9,164,bot2,1,success,15,0,1.992
50,0.9,164,bot3,1,success,15,0,2.467
50,0.9,164,bot4,1,success,15,0,19.493
50,0.9,165,bot1,0,caught,20,5,1.069
50,0.9,165,bot2,0,trapped,22,0,20.125
50,0.9,165,bot3,0,trapped,22,0,24.192
50,0.9,165,bot4,0,trapped,22,2,58.83
50,0.9,166,bot1,0,button_burned,13,0,1.473
50,0.9,166,bot2,0,trapped,12,0,18.571
50,0.9,166,bot3,0,trapped,12,0,14.037
50,0.9,166,bot4,0,trapped,12,0,39.93
50,0.9,167,bot1,1,success,36,0,0.4
50,0.9,167,bot2,1,success,36,0,9.618
50,0.9,167,bot3,1,success,36,0,13.226
50,0.9,167,bot4,1,success,36,0,48.641
50,0.9,168,bot1,1,success,32,0,0.45
50,0.9,168,bot2,1,success,32,0,8.377
50,0.9,168,bot3,1,success,32,0,9.475
50,0.9,168,bot4,1,success,34,1,44.398
50,0.9,169,bot1,1,success,43,0,0.568
50,0.9,169,bot2,1,success,43,0,13.558
50,0.9,169,bot3,1,success,43,0,16.883
50,0.9,169,bot4,1,success,43,0,53.324
50,0.9,170,bot1,0,entered_fire,35,3,0.42
50,0.9,170,bot2,0,trapped,38,0,12.751
50,0.9,170,bot3,0,trapped,38,1,19.623
50,0.9,170,bot4,0,trapped,38,3,67.355
50,0.9,171,bot1,1,success,72,0,0.896
50,0.9,171,bot2,1,success,72,0,40.738
50,0.9,171,bot3,1,success,72,0,54.782
50,0.9,171,bot4,0,trapped,76,11,116.139
50,0.9,172,bot1,0,caught,18,1,0.618
50,0.9,172,bot2,0,trapped,20,0,9.586
50,0.9,172,bot3,0,trapped,20,1,10.888
50,0.9,172,bot4,0,trapped,20,1,40.174
50,0.9,173,bot1,0,caught,60,0,0.95
50,0.9,173,bot2,0,caught,60,0,35.4
50,0.9,173,bot3,0,trapped,61,1,43.726
50,0.9,173,bot4,0,trapped,66,4,94.332
50,0.9,174,bot1,1,success,21,0,0.277
50,0.9,174,bot2,1,success,21,0,3.257
50,0.9,174,bot3,1,success,21,0,3.669
50,0.9,174,bot4,1,success,21,0,25.603
50,0.9,175,bot1,1,success,19,0,0.198
50,0.9,175,bot2,1,success,19,0,2.843
50,0.9,175,bot3,1,success,19,0,3.427
50,0.9,175,bot4,1,success,19,0,23.442
50,0.9,176,bot1,0,entered_fire,25,2,0.974
50,0.9,176,bot2,0,trapped,37,0,26.951
50,0.9,176,bot3,0,trapped,37,1,33.157
50,0.9,176,bot4,0,trapped,37,8,81.073
50,0.9,177,bot1,1,success,40,0,0.545
50,0.9,177,bot2,1,success,40,0,12.234
50,0.9,177,bot3,1,success,40,0,16.585
50,0.9,177,bot4,1,success,40,0,57.767
50,0.9,178,bot1,1,success,39,0,0.771
50,0.9,178,bot2,1,success,39,0,11.192
50,0.9,178,bot3,1,success,39,0,13.767
50,0.9,178,bot4,1,success,39,0,49.331
50,0.9,179,bot1,0,entered_fire,21,0,0.642
50,0.9,179,bot2,0,trapped,17,0,8.802
50,0.9,179,bot3,0,trapped,17,0,9.054
50,0.9,179,bot4,0,trapped,52,4,82.813
50,0.9,180,bot1,0,entered_fire,17,1,0.723
50,0.9,180,bot2,0,trapped,24,0,17.66
50,0.9,180,bot3,0,trapped,24,1,16.613
50,0.9,180,bot4,0,trapped,24,9,58.474
50,0.9,181,bot1,1,success,29,0,0.253
50,0.9,181,bot2,1,success,29,0,5.355
50,0.9,181,bot3,1,success,29,0,7.443
50,0.9,181,bot4,1,success,29,0,37.618
50,0.9,182,bot1,1,success,54,0,0.763
50,0.9,182,bot2,1,success,54,0,18.199
50,0.9,182,bot3,1,success,54,0,30.33
50,0.9,182,bot4,1,success,54,0,69.755
50,0.9,183,bot1,1,success,37,0,0.442
50,0.9,183,bot2,1,success,37,0,8.464
50,0.9,183,bot3,1,success,37,0,12.618
50,0.9,183,bot4,1,success,37,0,46.945
50,0.9,184,bot1,1,success,67,0,0.921
50,0.9,184,bot2,1,success,67,0,37.155
50,0.9,184,bot3,1,success,67,0,48.607
50,0.9,184,bot4,1,success,67,0,100.086
50,0.9,185,bot1,0,entered_fire,26,1,0.821
50,0.9,185,bot2,0,trapped,67,0,37.434
50,0.9,185,bot3,0,trapped,67,1,57.393
50,0.9,185,bot4,0,button_burned,76,3,118.951
50,0.9,186,bot1,1,success,64,0,0.867
50,0.9,186,bot2,1,success,64,0,50.813
50,0.9,186,bot3,1,success,64,0,46.184
50,0.9,186,bot4,1,success,64,0,87.013
50,0.9,187,bot1,1,success,21,0,0.264
50,0.9,187,bot2,1,success,21,0,3.726
50,0.9,187,bot3,1,success,21,0,4.117
50,0.9,187,bot4,1,success,21,0,26.413
50,0.9,188,bot1,1,success,27,0,0.253
50,0.9,188,bot2,1,success,27,0,4.369
50,0.9,188,bot3,1,success,27,0,5.07
50,0.9,188,bot4,1,success,27,0,33.785
50,0.9,189,bot1,0,button_burned,28,0,0.79
50,0.9,189,bot2,0,button_burned,28,0,11.095
50,0.9,189,bot3,0,button_burned,28,0,11.269
50,0.9,189,bot4,0,button_burned,28,0,39.745
50,0.9,190,bot1,1,success,29,0,0.331
50,0.9,190,bot2,1,success,29,0,6.438
50,0.9,190,bot3,1,success,29,0,9.252
50,0.9,190,bot4,1,success,29,0,38.1
50,0.9,191,bot1,0,button_burned,18,0,0.612
50,0.9,191,bot2,0,trapped,8,0,5.484
50,0.9,191,bot3,0,trapped,8,0,7.128
50,0.9,191,bot4,0,trapped,8,0,25.14
50,0.9,192,bot1,1,success,24,0,0.23
50,0.9,192,bot2,1,success,24,0,4.378
50,0.9,192,bot3,1,success,24,0,5.745
50,0.9,192,bot4,1,success,24,0,31.285
50,0.9,193,bot1,1,success,21,0,0.34
50,0.9,193,bot2,1,success,21,0,5.065
50,0.9,193,bot3,1,success,21,0,4.953
50,0.9,193,bot4,1,success,21,0,24.884
50,0.9,194,bot1,0,caught,42,1,0.849
50,0.9,194,bot2,0,trapped,41,0,21.005
50,0.9,194,bot3,0,trapped,41,1,25.012
50,0.9,194,bot4,0,trapped,41,1,72.783
50,0.9,195,bot1,1,success,36,0,0.771
50,0.9,195,bot2,1,success,36,0,11.766
50,0.9,195,bot3,1,success,36,0,15.901
50,0.9,195,bot4,1,success,36,0,48.074
50,0.9,196,bot1,0,entered_fire,15,1,0.818
50,0.9,196,bot2,0,button_burned,31,0,12.298
50,0.9,196,bot3,0,button_burned,31,1,10.442
50,0.9,196,bot4,0,button_burned,31,1,45.042
50,0.9,197,bot1,1,success,67,0,0.92
50,0.9,197,bot2,1,success,67,0,34.249
50,0.9,197,bot3,1,success,67,0,61.027
50,0.9,197,bot4,1,success,69,1,129.173
50,0.9,198,bot1,0,button_burned,30,1,1.0
50,0.9,198,bot2,0,trapped,29,0,27.118
50,0.9,198,bot3,0,trapped,29,0,29.502
50,0.9,198,bot4,0,trapped,29,0,83.088
50,0.9,199,bot1,0,button_burned,29,0,0.423
50,0.9,199,bot2,0,button_burned,29,0,7.678
50,0.9,199,bot3,0,button_burned,29,0,10.774
50,0.9,199,bot4,0,button_burned,29,0,39.255
50,0.95,0,bot1,0,entered_fire,16,3,1.07
50,0.95,0,bot2,0,trapped,29,0,23.607
50,0.95,0,bot3,0,caught,29,1,26.257
50,0.95,0,bot4,0,trapped,30,12,77.228
50,0.95,1,bot1,0,entered_fire,20,1,0.556
50,0.95,1,bot2,0,trapped,32,0,10.713
50,0.95,1,bot3,0,trapped,32,1,14.769
50,0.95,1,bot4,0,trapped,32,3,59.108
50,0.95,2,bot1,0,caught,4,3,0.474
50,0.95,2,bot2,0,trapped,15,0,5.839
50,0.95,2,bot3,0,trapped,15,1,6.172
50,0.95,2,bot4,0,trapped,15,1,28.054
50,0.95,3,bot1,1,success,43,0,0.755
50,0.95,3,bot2,1,success,43,0,18.395
50,0.95,3,bot3,1,success,43,0,20.121
50,0.95,3,bot4,1,success,47,2,74.907
50,0.95,4,bot1,0,caught,13,2,0.425
50,0.95,4,bot2,0,button_burned,20,0,9.959
50,0.95,4,bot3,0,button_burned,20,1,10.043
50,0.95,4,bot4,0,button_burned,20,1,41.515
50,0.95,5,bot1,1,success,41,0,0.773
50,0.95,5,bot2,1,success,41,0,15.334
50,0.95,5,bot3,1,success,41,0,20.102
50,0.95,5,bot4,1,success,41,0,60.026
50,0.95,6,bot1,0,caught,1,0,0.738
50,0.95,6,bot2,0,caught,1,0,0.654
50,0.95,6,bot3,0,caught,1,0,0.661
50,0.95,6,bot4,0,caught,1,0,2.013
50,0.95,7,bot1,1,success,43,0,0.622
50,0.95,7,bot2,1,success,43,0,14.933
50,0.95,7,bot3,1,success,43,0,19.474
50,0.95,7,bot4,1,success,45,1,60.656
50,0.95,8,bot1,0,button_burned,19,0,0.791
50,0.95,8,bot2,0,trapped,18,0,13.333
50,0.95,8,bot3,0,trapped,18,0,15.99
50,0.95,8,bot4,0,trapped,18,6,49.775
50,0.95,9,bot1,1,success,6,0,0.135
50,0.95,9,bot2,1,success,6,0,1.042
50,0.95,9,bot3,1,success,6,0,0.653
50,0.95,9,bot4,1,success,6,0,7.136
50,0.95,10,bot1,0,button_burned,25,0,0.42
50,0.95,10,bot2,0,button_burned,25,0,7.209
50,0.95,10,bot3,0,button_burned,25,0,9.189
50,0.95,10,bot4,0,button_burned,25,0,43.983
50,0.95,11,bot1,1,success,40,0,0.793
50,0.95,11,bot2,1,success,40,0,14.237
50,0.95,11,bot3,1,success,40,0,18.556
50,0.95,11,bot4,1,success,40,0,55.286
50,0.95,12,bot1,0,entered_fire,15,1,0.563
50,0.95,12,bot2,0,trapped,15,0,5.913
50,0.95,12,bot3,0,button_burned,41,1,19.626
50,0.95,12,bot4,0,caught,40,7,78.251
50,0.95,13,bot1,0,button_burned,9,0,0.731
50,0.95,13,bot2,0,button_burned,9,0,7.734
50,0.95,13,bot3,0,button_burned,9,0,8.599
50,0.95,13,bot4,0,button_burned,9,0,25.475
50,0.95,14,bot1,0,button_burned,23,2,0.395
50,0.95,14,bot2,0,trapped,22,0,8.424
50,0.95,14,bot3,0,trapped,22,1,11.425
50,0.95,14,bot4,0,trapped,22,0,37.157
50,0.95,15,bot1,0,caught,21,5,0.849
50,0.95,15,bot2,0,trapped,29,0,22.637
50,0.95,15,bot3,0,trapped,29,0,25.784
50,0.95,15,bot4,0,trapped,29,5,74.029
50,0.95,16,bot1,0,button_burned,14,0,0.751
50,0.95,16,bot2,0,button_burned,14,0,10.301
50,0.95,16,bot3,0,button_burned,14,0,13.032
50,0.95,16,bot4,0,button_burned,14,1,40.225
50,0.95,17,bot1,1,success,43,0,1.0
50,0.95,17,bot2,1,success,43,0,15.618
50,0.95,17,bot3,1,success,43,0,23.942
50,0.95,17,bot4,1,success,43,0,58.167
50,0.95,18,bot1,1,success,15,0,0.225
50,0.95,18,bot2,1,success,15,0,2.132
50,0.95,18,bot3,1,success,15,0,2.414
50,0.95,18,bot4,1,success,15,0,18.174
50,0.95,19,bot1,0,button_burned,32,0,0.575
50,0.95,19,bot2,0,button_burned,32,0,15.213
50,0.95,19,bot3,0,button_burned,32,0,30.189
50,0.95,19,bot4,0,button_burned,32,0,84.249
50,0.95,20,bot1,0,caught,18,2,0.862
50,0.95,20,bot2,0,caught,27,0,19.035
50,0.95,20,bot3,0,trapped,32,1,24.138
50,0.95,20,bot4,0,trapped,32,5,70.164
50,0.95,21,bot1,1,success,39,0,0.457
50,0.95,21,bot2,1,success,39,0,9.671
50,0.95,21,bot3,1,success,39,0,13.792
50,0.95,21,bot4,1,success,41,1,54.103
50,0.95,22,bot1,1,success,18,0,0.204
50,0.95,22,bot2,1,success,18,0,2.578
50,0.95,22,bot3,1,success,18,0,3.039
50,0.95,22,bot4,1,success,18,0,22.168
50,0.95,23,bot1,0,button_burned,8,0,0.835
50,0.95,23,bot2,0,button_burned,8,0,7.03
50,0.95,23,bot3,0,button_burned,8,0,7.406
50,0.95,23,bot4,0,button_burned,8,0,23.343
50,0.95,24,bot1,0,caught,17,1,0.466
50,0.95,24,bot2,0,trapped,22,0,11.433
50,0.95,24,bot3,0,trapped,22,2,14.784
50,0.95,24,bot4,0,trapped,22,0,43.694
50,0.95,25,bot1,1,success,10,0,0.138
50,0.95,25,bot2,1,success,10,0,1.156
50,0.95,25,bot3,1,success,10,0,1.284
50,0.95,25,bot4,1,success,10,0,11.977
50,0.95,26,bot1,0,entered_fire,17,2,0.821
50,0.95,26,bot2,0,trapped,30,0,16.325
50,0.95,26,bot3,0,trapped,30,1,18.796
50,0.95,26,bot4,0,trapped,40,5,72.846
50,0.95,27,bot1,0,caught,11,1,0.969
50,0.95,27,bot2,0,caught,16,0,14.552
50,0.95,27,bot3,0,trapped,18,1,16.951
50,0.95,27,bot4,0,caught,16,0,33.929
50,0.95,28,bot1,0,caught,13,7,0.451
50,0.95,28,bot2,0,button_burned,22,0,15.105
50,0.95,28,bot3,0,button_burned,22,1,17.072
50,0.95,28,bot4,0,button_burned,22,6,60.178
50,0.95,29,bot1,1,success,18,0,0.207
50,0.95,29,bot2,1,success,18,0,2.468
50,0.95,29,bot3,1,success,18,0,3.382
50,0.95,29,bot4,1,success,18,0,35.559
50,0.95,30,bot1,0,button_burned,10,0,0.269
50,0.95,30,bot2,0,button_burned,10,0,2.338
50,0.95,30,bot3,0,button_burned,10,0,3.771
50,0.95,30,bot4,0,button_burned,10,0,21.599
50,0.95,31,bot1,1,success,41,0,0.542
50,0.95,31,bot2,1,success,41,0,12.313
50,0.95,31,bot3,1,success,41,0,17.376
50,0.95,31,bot4,1,success,41,0,57.364
50,0.95,32,bot1,0,caught,29,1,0.638
50,0.95,32,bot2,0,caught,35,0,12.507
50,0.95,32,bot3,0,caught,36,1,16.984
50,0.95,32,bot4,0,trapped,36,0,57.741
50,0.95,33,bot1,1,success,14,0,0.259
50,0.95,33,bot2,1,success,14,0,1.942
50,0.95,33,bot3,1,success,14,0,2.373
50,0.95,33,bot4,1,success,14,0,17.926
50,0.95,34,bot1,1,success,6,0,0.146
50,0.95,34,bot2,1,success,6,0,0.759
50,0.95,34,bot3,1,success,6,0,0.73
50,0.95,34,bot4,1,success,6,0,7.512
50,0.95,35,bot1,1,success,43,0,0.655
50,0.95,35,bot2,1,success,43,0,13.785
50,0.95,35,bot3,1,success,43,0,20.181
50,0.95,35,bot4,1,success,43,0,59.905
50,0.95,36,bot1,0,entered_fire,30,0,0.76
50,0.95,36,bot2,0,trapped,28,0,15.794
50,0.95,36,bot3,0,trapped,28,0,19.285
50,0.95,36,bot4,0,trapped,28,0,56.068
50,0.95,37,bot1,0,button_burned,18,1,0.308
50,0.95,37,bot2,0,button_burned,18,0,3.499
50,0.95,37,bot3,0,button_burned,18,1,5.077
50,0.95,37,bot4,0,button_burned,18,0,26.101
50,0.95,38,bot1,1,success,12,0,0.153
50,0.95,38,bot2,1,success,12,0,1.57
50,0.95,38,bot3,1,success,12,0,1.652
50,0.95,38,bot4,1,success,12,0,15.867
50,0.95,39,bot1,1,success,21,0,0.245
50,0.95,39,bot2,1,success,21,0,3.58
50,0.95,39,bot3,1,success,21,0,3.999
50,0.95,39,bot4,1,success,21,0,24.879
50,0.95,40,bot1,1,success,19,0,0.215
50,0.95,40,bot2,1,success,19,0,2.947
50,0.95,40,bot3,1,success,19,0,3.384
50,0.95,40,bot4,1,success,19,0,24.215
50,0.95,41,bot1,0,button_burned,2,0,0.823
50,0.95,41,bot2,0,button_burned,2,0,1.643
50,0.95,41,bot3,0,button_burned,2,0,2.444
50,0.95,41,bot4,0,button_burned,2,0,8.418
50,0.95,42,bot1,1,success,21,0,0.34
50,0.95,42,bot2,1,success,21,0,3.987
50,0.95,42,bot3,1,success,21,0,4.832
50,0.95,42,bot4,1,success,21,0,29.29
50,0.95,43,bot1,0,button_burned,27,0,0.374
50,0.95,43,bot2,0,button_burned,27,0,8.024
50,0.95,43,bot3,0,button_burned,27,0,9.902
50,0.95,43,bot4,0,button_burned,27,0,43.118
50,0.95,44,bot1,1,success,14,0,0.2
50,0.95,44,bot2,1,success,14,0,1.847
50,0.95,44,bot3,1,success,14,0,2.436
50,0.95,44,bot4,1,success,14,0,17.807
50,0.95,45,bot1,1,success,15,0,0.171
50,0.95,45,bot2,1,success,15,0,1.962
50,0.95,45,bot3,1,success,15,0,2.567
50,0.95,45,bot4,1,success,15,0,34.982
50,0.95,46,bot1,0,caught,61,0,1.171
50,0.95,46,bot2,0,trapped,57,0,40.052
50,0.95,46,bot3,0,trapped,57,0,50.212
50,0.95,46,bot4,0,caught,54,2,125.378
50,0.95,47,bot1,0,button_burned,38,0,0.996
50,0.95,47,bot2,0,button_burned,38,0,16.811
50,0.95,47,bot3,0,button_burned,38,0,17.194
50,0.95,47,bot4,0,button_burned,38,0,55.001
50,0.95,48,bot1,1,success,22,0,0.318
50,0.95,48,bot2,1,success,22,0,3.772
50,0.95,48,bot3,1,success,22,0,4.55
50,0.95,48,bot4,1,success,22,0,27.117
50,0.95,49,bot1,0,button_burned,17,0,0.449
50,0.95,49,bot2,0,trapped,16,0,6.977
50,0.95,49,bot3,0,trapped,16,0,8.68
50,0.95,49,bot4,0,trapped,16,4,40.003
50,0.95,50,bot1,1,success,27,0,0.415
50,0.95,50,bot2,1,success,27,0,6.242
50,0.95,50,bot3,1,success,27,0,7.436
50,0.95,50,bot4,1,success,27,0,35.707
50,0.95,51,bot1,1,success,12,0,0.144
50,0.95,51,bot2,1,success,12,0,1.452
50,0.95,51,bot3,1,success,12,0,1.654
50,0.95,51,bot4,1,success,12,0,14.501
50,0.95,52,bot1,1,success,11,0,0.17
50,0.95,52,bot2,1,success,11,0,1.308
50,0.95,52,bot3,1,success,11,0,1.364
50,0.95,52,bot4,1,success,11,0,13.159
50,0.95,53,bot1,0,caught,8,1,0.91
50,0.95,53,bot2,0,trapped,17,0,13.347
50,0.95,53,bot3,0,trapped,17,1,14.58
50,0.95,53,bot4,0,trapped,17,5,45.789
50,0.95,54,bot1,1,success,40,0,0.504
50,0.95,54,bot2,1,success,40,0,13.041
50,0.95,54,bot3,1,success,40,0,17.383
50,0.95,54,bot4,1,success,40,0,60.725
50,0.95,55,bot1,1,success,61,0,1.04
50,0.95,55,bot2,1,success,61,0,30.73
50,0.95,55,bot3,1,success,61,0,42.635
50,0.95,55,bot4,0,caught,62,2,102.885
50,0.95,56,bot1,1,success,52,0,0.686
50,0.95,56,bot2,1,success,52,0,20.048
50,0.95,56,bot3,1,success,52,0,31.771
50,0.95,56,bot4,1,success,52,0,74.987
50,0.95,57,bot1,0,button_burned,15,0,0.319
50,0.95,57,bot2,0,button_burned,15,0,3.345
50,0.95,57,bot3,0,button_burned,15,0,4.797
50,0.95,57,bot4,0,button_burned,15,0,21.576
50,0.95,58,bot1,1,success,25,0,0.235
50,0.95,58,bot2,1,success,25,0,4.513
50,0.95,58,bot3,1,success,25,0,5.293
50,0.95,58,bot4,1,success,25,0,32.937
50,0.95,59,bot1,1,success,31,0,0.362
50,0.95,59,bot2,1,success,31,0,6.686
50,0.95,59,bot3,1,success,31,0,10.34
50,0.95,59,bot4,1,success,31,0,45.719
50,0.95,60,bot1,1,success,12,0,0.169
50,0.95,60,bot2,1,success,12,0,1.53
50,0.95,60,bot3,1,success,12,0,1.611
50,0.95,60,bot4,1,success,12,0,14.19
50,0.95,61,bot1,0,button_burned,33,0,0.549
50,0.95,61,bot2,0,button_burned,33,0,10.25
50,0.95,61,bot3,0,button_burned,33,0,15.719
50,0.95,61,bot4,0,button_burned,33,0,52.712
50,0.95,62,bot1,1,success,19,0,0.348
50,0.95,62,bot2,1,success,19,0,3.136
50,0.95,62,bot3,1,success,19,0,3.624
50,0.95,62,bot4,1,success,19,0,23.422
50,0.95,63,bot1,1,success,26,0,0.387
50,0.95,63,bot2,1,success,26,0,4.916
50,0.95,63,bot3,1,success,26,0,6.12
50,0.95,63,bot4,1,success,26,0,34.326
50,0.95,64,bot1,1,success,19,0,0.202
50,0.95,64,bot2,1,success,19,0,2.766
50,0.95,64,bot3,1,success,19,0,3.246
50,0.95,64,bot4,1,success,19,0,25.278
50,0.95,65,bot1,1,success,36,0,0.338
50,0.95,65,bot2,1,success,36,0,7.825
50,0.95,65,bot3,1,success,36,0,12.107
50,0.95,65,bot4,1,success,36,0,45.927
50,0.95,66,bot1,0,button_burned,4,0,0.334
50,0.95,66,bot2,0,button_burned,4,0,1.256
50,0.95,66,bot3,0,button_burned,4,0,2.09
50,0.95,66,bot4,0,button_burned,4,0,8.907
50,0.95,67,bot1,0,entered_fire,21,1,0.495
50,0.95,67,bot2,0,button_burned,22,0,9.606
50,0.95,67,bot3,0,button_burned,22,1,10.816
50,0.95,67,bot4,0,button_burned,22,4,54.705
50,0.95,68,bot1,1,success,41,0,0.881
50,0.95,68,bot2,1,success,41,0,14.336
50,0.95,68,bot3,1,success,41,0,19.398
50,0.95,68,bot4,1,success,41,0,57.412
50,0.95,69,bot1,1,success,40,0,0.375
50,0.95,69,bot2,1,success,40,0,11.739
50,0.95,69,bot3,1,success,40,0,17.145
50,0.95,69,bot4,1,success,40,0,54.3
50,0.95,70,bot1,0,caught,1,0,0.912
50,0.95,70,bot2,0,caught,1,0,0.59
50,0.95,70,bot3,0,trapped,6,1,3.758
50,0.95,70,bot4,0,caught,1,0,2.255
50,0.95,71,bot1,0,caught,25,0,0.851
50,0.95,71,bot2,0,trapped,24,0,17.129
50,0.95,71,bot3,0,trapped,24,0,18.82
50,0.95,71,bot4,0,trapped,24,0,47.265
50,0.95,72,bot1,0,button_burned,11,0,0.692
50,0.95,72,bot2,0,button_burned,11,0,6.758
50,0.95,72,bot3,0,button_burned,11,0,8.021
50,0.95,72,bot4,0,button_burned,11,0,30.079
50,0.95,73,bot1,0,caught,7,0,0.838
50,0.95,73,bot2,0,trapped,6,0,5.286
50,0.95,73,bot3,0,trapped,6,0,6.117
50,0.95,73,bot4,0,trapped,6,0,15.679
50,0.95,74,bot1,0,entered_fire,10,1,0.631
50,0.95,74,bot2,0,caught,15,0,9.318
50,0.95,74,bot3,0,caught,15,0,10.799
50,0.95,74,bot4,0,caught,15,0,38.989
50,0.95,75,bot1,1,success,23,0,0.255
50,0.95,75,bot2,1,success,23,0,4.143
50,0.95,75,bot3,1,success,23,0,5.485
50,0.95,75,bot4,1,success,23,0,31.119
50,0.95,76,bot1,1,success,28,0,0.477
50,0.95,76,bot2,1,success,28,0,6.165
50,0.95,76,bot3,1,success,28,0,8.253
50,0.95,76,bot4,1,success,28,0,40.631
50,0.95,77,bot1,0,caught,26,1,0.739
50,0.95,77,bot2,0,trapped,25,0,16.736
50,0.95,77,bot3,0,trapped,25,1,20.476
50,0.95,77,bot4,0,trapped,42,7,81.268
50,0.95,78,bot1,1,success,55,0,0.914
50,0.95,78,bot2,1,success,55,0,27.925
50,0.95,78,bot3,1,success,55,0,34.712
50,0.95,78,bot4,1,success,55,0,90.58
50,0.95,79,bot1,0,entered_fire,26,1,0.913
50,0.95,79,bot2,0,trapped,44,0,30.07
50,0.95,79,bot3,0,trapped,44,2,36.942
50,0.95,79,bot4,0,trapped,44,4,110.212
50,0.95,80,bot1,1,success,52,0,0.636
50,0.95,80,bot2,1,success,52,0,16.955
50,0.95,80,bot3,1,success,52,0,32.301
50,0.95,80,bot4,1,success,52,0,73.032
50,0.95,81,bot1,1,success,53,0,1.651
50,0.95,81,bot2,1,success,53,0,29.217
50,0.95,81,bot3,1,success,53,0,38.358
50,0.95,81,bot4,1,success,53,0,130.971
50,0.95,82,bot1,0,button_burned,18,0,0.827
50,0.95,82,bot2,0,trapped,11,0,9.391
50,0.95,82,bot3,0,trapped,11,0,11.088
50,0.95,82,bot4,0,trapped,11,0,46.914
50,0.95,83,bot1,0,button_burned,3,0,1.355
50,0.95,83,bot2,0,button_burned,3,0,3.445
50,0.95,83,bot3,0,button_burned,3,0,4.568
50,0.95,83,bot4,0,button_burned,3,0,14.916
50,0.95,84,bot1,1,success,47,0,0.547
50,0.95,84,bot2,1,success,47,0,13.944
50,0.95,84,bot3,1,success,47,0,23.508
50,0.95,84,bot4,1,success,47,0,67.384
50,0.95,85,bot1,0,entered_fire,13,0,1.233
50,0.95,85,bot2,0,button_burned,18,0,12.142
50,0.95,85,bot3,0,button_burned,18,1,13.792
50,0.95,85,bot4,0,button_burned,18,1,47.063
50,0.95,86,bot1,1,success,14,0,0.182
50,0.95,86,bot2,1,success,14,0,1.952
50,0.95,86,bot3,1,success,14,0,2.455
50,0.95,86,bot4,1,success,14,0,26.016
50,0.95,87,bot1,0,button_burned,6,0,0.951
50,0.95,87,bot2,0,trapped,5,0,5.576
50,0.95,87,bot3,0,trapped,5,0,6.791
50,0.95,87,bot4,0,trapped,5,0,18.29
50,0.95,88,bot1,1,success,53,0,0.641
50,0.95,88,bot2,1,success,53,0,20.441
50,0.95,88,bot3,1,success,53,0,28.134
50,0.95,88,bot4,1,success,53,0,79.046
50,0.95,89,bot1,1,success,15,0,0.195
50,0.95,89,bot2,1,success,15,0,2.092
50,0.95,89,bot3,1,success,15,0,2.205
50,0.95,89,bot4,1,success,15,0,18.274
50,0.95,90,bot1,1,success,26,0,0.32
50,0.95,90,bot2,1,success,26,0,4.698
50,0.95,90,bot3,1,success,26,0,6.165
50,0.95,90,bot4,1,success,26,0,35.278
50,0.95,91,bot1,1,success,6,0,0.13
50,0.95,91,bot2,1,success,6,0,0.673
50,0.95,91,bot3,1,success,6,0,0.685
50,0.95,91,bot4,1,success,6,0,8.18
50,0.95,92,bot1,0,button_burned,29,0,0.771
50,0.95,92,bot2,0,trapped,26,0,17.044
50,0.95,92,bot3,0,trapped,26,0,19.311
50,0.95,92,bot4,0,trapped,26,0,64.159
50,0.95,93,bot1,1,success,5,0,0.122
50,0.95,93,bot2,1,success,5,0,0.521
50,0.95,93,bot3,1,success,5,0,0.615
50,0.95,93,bot4,1,success,5,0,6.519
50,0.95,94,bot1,0,button_burned,26,0,0.646
50,0.95,94,bot2,0,trapped,25,0,15.056
50,0.95,94,bot3,0,trapped,25,0,18.589
50,0.95,94,bot4,0,trapped,25,0,58.023
50,0.95,95,bot1,0,entered_fire,31,5,0.844
50,0.95,95,bot2,0,button_burned,44,0,27.093
50,0.95,95,bot3,0,button_burned,44,1,29.757
50,0.95,95,bot4,0,button_burned,44,1,79.707
50,0.95,96,bot1,0,button_burned,20,0,0.435
50,0.95,96,bot2,0,trapped,19,0,7.162
50,0.95,96,bot3,0,trapped,19,0,9.266
50,0.95,96,bot4,0,trapped,19,0,39.666
50,0.95,97,bot1,1,success,43,0,0.621
50,0.95,97,bot2,1,success,43,0,15.12
50,0.95,97,bot3,1,success,43,0,20.113
50,0.95,97,bot4,1,success,43,0,63.52
50,0.95,98,bot1,0,caught,7,0,0.415
50,0.95,98,bot2,0,caught,7,0,2.832
50,0.95,98,bot3,0,caught,9,1,3.2
50,0.95,98,bot4,0,caught,8,0,16.6
50,0.95,99,bot1,1,success,49,0,0.878
50,0.95,99,bot2,1,success,49,0,20.747
50,0.95,99,bot3,1,success,49,0,29.252
50,0.95,99,bot4,1,success,49,0,66.148
50,0.95,100,bot1,1,success,36,0,0.355
50,0.95,100,bot2,1,success,36,0,7.465
50,0.95,100,bot3,1,success,36,0,9.011
50,0.95,100,bot4,1,success,36,0,50.511
50,0.95,101,bot1,1,success,54,0,0.645
50,0.95,101,bot2,1,success,54,0,21.545
50,0.95,101,bot3,1,success,54,0,37.469
50,0.95,101,bot4,1,success,56,1,83.464
50,0.95,102,bot1,1,success,25,0,0.329
50,0.95,102,bot2,1,success,25,0,4.519
50,0.95,102,bot3,1,success,25,0,5.505
50,0.95,102,bot4,0,button_burned,29,3,44.227
50,0.95,103,bot1,0,caught,29,0,0.572
50,0.95,103,bot2,0,caught,29,0,5.558
50,0.95,103,bot3,0,caught,29,0,7.638
50,0.95,103,bot4,0,caught,29,0,40.431
50,0.95,104,bot1,1,success,44,0,0.568
50,0.95,104,bot2,1,success,44,0,13.1
50,0.95,104,bot3,1,success,44,0,19.438
50,0.95,104,bot4,1,success,48,2,70.227
50,0.95,105,bot1,1,success,35,0,0.435
50,0.95,105,bot2,1,success,35,0,9.381
50,0.95,105,bot3,1,success,35,0,15.138
50,0.95,105,bot4,1,success,35,0,69.054
50,0.95,106,bot1,0,caught,8,1,0.278
50,0.95,106,bot2,0,trapped,9,0,1.901
50,0.95,106,bot3,0,trapped,9,1,2.18
50,0.95,106,bot4,0,trapped,9,0,13.224
50,0.95,107,bot1,0,caught,23,3,0.706
50,0.95,107,bot2,0,trapped,26,0,14.2
50,0.95,107,bot3,0,trapped,26,1,16.535
50,0.95,107,bot4,0,trapped,26,0,77.121
50,0.95,108,bot1,0,entered_fire,33,0,0.289
50,0.95,108,bot2,0,trapped,32,0,8.115
50,0.95,108,bot3,0,trapped,32,0,11.839
50,0.95,108,bot4,0,trapped,32,0,48.473
50,0.95,109,bot1,1,success,21,0,0.304
50,0.95,109,bot2,1,success,21,0,3.38
50,0.95,109,bot3,1,success,21,0,3.864
50,0.95,109,bot4,1,success,21,0,26.827
50,0.95,110,bot1,0,caught,15,2,0.835
50,0.95,110,bot2,0,caught,39,0,24.106
50,0.95,110,bot3,0,trapped,39,2,41.124
50,0.95,110,bot4,0,trapped,39,13,88.929
50,0.95,111,bot1,0,button_burned,20,0,0.263
50,0.95,111,bot2,0,button_burned,20,0,3.847
50,0.95,111,bot3,0,button_burned,20,0,5.451
50,0.95,111,bot4,0,button_burned,20,0,30.431
50,0.95,112,bot1,0,caught,26,0,0.876
50,0.95,112,bot2,0,caught,26,0,19.97
50,0.95,112,bot3,0,caught,26,0,21.363
50,0.95,112,bot4,0,button_burned,59,3,110.517
50,0.95,113,bot1,1,success,52,0,0.587
50,0.95,113,bot2,1,success,52,0,18.828
50,0.95,113,bot3,1,success,52,0,26.132
50,0.95,113,bot4,0,button_burned,58,6,95.424
50,0.95,114,bot1,1,success,9,0,0.16
50,0.95,114,bot2,1,success,9,0,1.015
50,0.95,114,bot3,1,success,9,0,1.083
50,0.95,114,bot4,1,success,9,0,10.54
50,0.95,115,bot1,0,button_burned,8,0,0.636
50,0.95,115,bot2,0,button_burned,8,0,4.934
50,0.95,115,bot3,0,button_burned,8,0,6.561
50,0.95,115,bot4,0,button_burned,8,0,23.183
50,0.95,116,bot1,0,button_burned,17,0,0.349
50,0.95,116,bot2,0,button_burned,17,0,5.792
50,0.95,116,bot3,0,button_burned,17,0,8.21
50,0.95,116,bot4,0,button_burned,17,0,36.155
50,0.95,117,bot1,0,button_burned,30,0,0.626
50,0.95,117,bot2,0,button_burned,30,0,14.642
50,0.95,117,bot3,0,button_burned,30,0,17.487
50,0.95,117,bot4,0,button_burned,30,0,65.15
50,0.95,118,bot1,1,success,28,0,0.234
50,0.95,118,bot2,1,success,28,0,4.838
50,0.95,118,bot3,1,success,28,0,7.156
50,0.95,118,bot4,1,success,30,1,38.837
50,0.95,119,bot1,1,success,46,0,0.556
50,0.95,119,bot2,1,success,46,0,14.509
50,0.95,119,bot3,1,success,46,0,20.842
50,0.95,119,bot4,0,caught,45,2,71.632
50,0.95,120,bot1,1,success,70,0,0.886
50,0.95,120,bot2,1,success,70,0,37.681
50,0.95,120,bot3,1,success,70,0,69.101
50,0.95,120,bot4,1,success,70,0,107.809
50,0.95,121,bot1,1,success,38,0,0.503
50,0.95,121,bot2,1,success,38,0,10.753
50,0.95,121,bot3,1,success,38,0,14.872
50,0.95,121,bot4,1,success,38,0,51.217
50,0.95,122,bot1,1,success,29,0,0.516
50,0.95,122,bot2,1,success,29,0,6.423
50,0.95,122,bot3,1,success,29,0,9.578
50,0.95,122,bot4,1,success,29,0,43.832
50,0.95,123,bot1,0,caught,37,1,0.946
50,0.95,123,bot2,0,caught,35,0,36.103
50,0.95,123,bot3,0,caught,35,1,48.189
50,0.95,123,bot4,0,trapped,46,2,122.692
50,0.95,124,bot1,0,button_burned,29,0,0.426
50,0.95,124,bot2,0,button_burned,29,0,6.721
50,0.95,124,bot3,0,button_burned,29,0,9.974
50,0.95,124,bot4,0,button_burned,29,0,44.992
50,0.95,125,bot1,0,caught,8,2,0.309
50,0.95,125,bot2,0,button_burned,27,0,10.352
50,0.95,125,bot3,0,button_burned,27,2,12.603
50,0.95,125,bot4,0,button_burned,27,0,50.786
50,0.95,126,bot1,0,button_burned,9,2,0.663
50,0.95,126,bot2,0,trapped,8,0,5.97
50,0.95,126,bot3,0,trapped,8,0,7.628
50,0.95,126,bot4,0,trapped,8,0,25.185
50,0.95,127,bot1,0,entered_fire,23,1,0.892
50,0.95,127,bot2,0,trapped,16,0,13.716
50,0.95,127,bot3,0,trapped,16,0,15.656
50,0.95,127,bot4,0,trapped,16,3,44.348
50,0.95,128,bot1,0,entered_fire,18,6,0.339
50,0.95,128,bot2,0,button_burned,27,0,7.531
50,0.95,128,bot3,0,button_burned,27,1,10.17
50,0.95,128,bot4,0,button_burned,27,2,40.242
50,0.95,129,bot1,1,success,24,0,0.49
50,0.95,129,bot2,1,success,24,0,6.381
50,0.95,129,bot3,1,success,24,0,6.789
50,0.95,129,bot4,1,success,26,1,33.474
50,0.95,130,bot1,1,success,27,0,0.426
50,0.95,130,bot2,1,success,27,0,5.845
50,0.95,130,bot3,1,success,27,0,7.064
50,0.95,130,bot4,1,success,27,0,39.169
50,0.95,131,bot1,0,entered_fire,5,2,0.617
50,0.95,131,bot2,0,caught,16,0,8.148
50,0.95,131,bot3,0,trapped,32,2,16.667
50,0.95,131,bot4,0,caught,19,1,32.815
50,0.95,132,bot1,1,success,30,0,0.385
50,0.95,132,bot2,1,success,30,0,7.084
50,0.95,132,bot3,1,success,30,0,10.048
50,0.95,132,bot4,1,success,30,0,66.692
50,0.95,133,bot1,1,success,16,0,0.225
50,0.95,133,bot2,1,success,16,0,2.334
50,0.95,133,bot3,1,success,16,0,2.861
50,0.95,133,bot4,1,success,16,0,19.324
50,0.95,134,bot1,1,success,18,0,0.261
50,0.95,134,bot2,1,success,18,0,2.799
50,0.95,134,bot3,1,success,18,0,3.094
50,0.95,134,bot4,1,success,18,0,22.663
50,0.95,135,bot1,1,success,41,0,0.855
50,0.95,135,bot2,1,success,41,0,22.644
50,0.95,135,bot3,1,success,41,0,21.492
50,0.95,135,bot4,1,success,41,0,61.359
50,0.95,136,bot1,1,success,41,0,0.402
50,0.95,136,bot2,1,success,41,0,11.342
50,0.95,136,bot3,1,success,41,0,13.747
50,0.95,136,bot4,1,success,41,0,53.993
50,0.95,137,bot1,1,success,65,0,1.81
50,0.95,137,bot2,1,success,65,0,42.641
50,0.95,137,bot3,1,success,65,0,47.211
50,0.95,137,bot4,1,success,69,2,111.903
50,0.95,138,bot1,0,caught,14,1,0.343
50,0.95,138,bot2,0,button_burned,19,0,6.678
50,0.95,138,bot3,0,button_burned,19,0,8.835
50,0.95,138,bot4,0,button_burned,19,0,40.264
50,0.95,139,bot1,1,success,32,0,0.445
50,0.95,139,bot2,1,success,32,0,7.351
50,0.95,139,bot3,1,success,32,0,8.354
50,0.95,139,bot4,1,success,34,1,72.099
50,0.95,140,bot1,1,success,9,0,0.146
50,0.95,140,bot2,1,success,9,0,1.06
50,0.95,140,bot3,1,success,9,0,1.191
50,0.95,140,bot4,1,success,9,0,11.156
50,0.95,141,bot1,1,success,64,0,0.858
50,0.95,141,bot2,1,success,64,0,29.563
50,0.95,141,bot3,1,success,64,0,58.683
50,0.95,141,bot4,1,success,64,0,91.222
50,0.95,142,bot1,1,success,22,0,0.207
50,0.95,142,bot2,1,success,22,0,3.585
50,0.95,142,bot3,1,success,22,0,4.591
50,0.95,142,bot4,1,success,22,0,28.51
50,0.95,143,bot1,0,caught,10,0,0.853
50,0.95,143,bot2,0,caught,10,0,8.871
50,0.95,143,bot3,0,caught,13,0,10.742
50,0.95,143,bot4,0,trapped,20,4,39.078
50,0.95,144,bot1,1,success,27,0,0.54
50,0.95,144,bot2,1,success,27,0,6.58
50,0.95,144,bot3,1,success,27,0,8.667
50,0.95,144,bot4,1,success,27,0,36.921
50,0.95,145,bot1,0,caught,8,1,0.493
50,0.95,145,bot2,0,button_burned,30,0,8.246
50,0.95,145,bot3,0,button_burned,30,1,11.518
50,0.95,145,bot4,0,button_burned,30,2,42.942
50,0.95,146,bot1,1,success,14,0,0.157
50,0.95,146,bot2,1,success,14,0,1.792
50,0.95,146,bot3,1,success,14,0,1.995
50,0.95,146,bot4,1,success,14,0,16.5
50,0.95,147,bot1,1,success,35,0,0.629
50,0.95,147,bot2,1,success,35,0,15.909
50,0.95,147,bot3,1,success,35,0,22.253
50,0.95,147,bot4,1,success,35,0,47.578
50,0.95,148,bot1,1,success,28,0,0.348
50,0.95,148,bot2,1,success,28,0,5.756
50,0.95,148,bot3,1,success,28,0,8.278
50,0.95,148,bot4,1,success,28,0,39.772
50,0.95,149,bot1,0,caught,15,0,1.001
50,0.95,149,bot2,0,caught,15,0,13.378
50,0.95,149,bot3,0,trapped,35,1,31.49
50,0.95,149,bot4,0,trapped,35,11,90.023
50,0.95,150,bot1,1,success,24,0,0.281
50,0.95,150,bot2,1,success,24,0,4.541
50,0.95,150,bot3,1,success,24,0,13.233
50,0.95,150,bot4,1,success,26,1,42.101
50,0.95,151,bot1,1,success,51,0,0.904
50,0.95,151,bot2,1,success,51,0,21.124
50,0.95,151,bot3,1,success,51,0,33.372
50,0.95,151,bot4,1,success,55,2,88.195
50,0.95,152,bot1,0,caught,9,1,0.684
50,0.95,152,bot2,0,trapped,16,0,10.58
50,0.95,152,bot3,0,trapped,30,1,19.985
50,0.95,152,bot4,0,trapped,16,3,44.515
50,0.95,153,bot1,1,success,30,0,0.525
50,0.95,153,bot2,1,success,30,0,7.959
50,0.95,153,bot3,1,success,30,0,15.574
50,0.95,153,bot4,1,success,30,0,50.431
50,0.95,154,bot1,0,entered_fire,30,5,0.74
50,0.95,154,bot2,0,trapped,37,0,20.211
50,0.95,154,bot3,0,trapped,37,0,25.801
50,0.95,154,bot4,0,trapped,37,1,64.3
50,0.95,155,bot1,1,success,13,0,0.363
50,0.95,155,bot2,1,success,13,0,1.8
50,0.95,155,bot3,1,success,13,0,1.99
50,0.95,155,bot4,1,success,13,0,17.074
50,0.95,156,bot1,0,entered_fire,31,1,0.581
50,0.95,156,bot2,0,caught,38,0,16.956
50,0.95,156,bot3,0,caught,45,1,28.942
50,0.95,156,bot4,0,caught,38,0,69.444
50,0.95,157,bot1,1,success,26,0,0.324
50,0.95,157,bot2,1,success,26,0,4.755
50,0.95,157,bot3,1,success,26,0,6.877
50,0.95,157,bot4,1,success,26,0,33.765
50,0.95,158,bot1,0,caught,25,4,0.634
50,0.95,158,bot2,0,trapped,25,0,13.404
50,0.95,158,bot3,0,trapped,25,0,16.592
50,0.95,158,bot4,0,trapped,25,2,49.318
50,0.95,159,bot1,1,success,28,0,0.404
50,0.95,159,bot2,1,success,28,0,5.729
50,0.95,159,bot3,1,success,28,0,8.451
50,0.95,159,bot4,1,success,28,0,35.744
50,0.95,160,bot1,1,success,23,0,0.306
50,0.95,160,bot2,1,success,23,0,4.296
50,0.95,160,bot3,1,success,23,0,5.96
50,0.95,160,bot4,1,success,23,0,40.674
50,0.95,161,bot1,0,caught,23,3,1.083
50,0.95,161,bot2,0,trapped,26,0,15.604
50,0.95,161,bot3,0,trapped,26,0,18.847
50,0.95,161,bot4,0,trapped,26,5,73.014
50,0.95,162,bot1,0,caught,30,0,0.869
50,0.95,162,bot2,0,trapped,29,0,18.775
50,0.95,162,bot3,0,trapped,29,0,20.32
50,0.95,162,bot4,0,button_burned,39,2,74.565
50,0.95,163,bot1,1,success,28,0,0.323
50,0.95,163,bot2,1,success,28,0,5.068
50,0.95,163,bot3,1,success,28,0,7.327
50,0.95,163,bot4,1,success,28,0,34.978
50,0.95,164,bot1,1,success,15,0,0.174
50,0.95,164,bot2,1,success,15,0,1.937
50,0.95,164,bot3,1,success,15,0,2.296
50,0.95,164,bot4,1,success,15,0,19.695
50,0.95,165,bot1,0,caught,19,4,0.87
50,0.95,165,bot2,0,trapped,22,0,17.442
50,0.95,165,bot3,0,trapped,22,0,19.69
50,0.95,165,bot4,0,trapped,22,2,56.215
50,0.95,166,bot1,0,button_burned,13,0,0.884
50,0.95,166,bot2,0,trapped,12,0,11.308
50,0.95,166,bot3,0,trapped,12,0,12.761
50,0.95,166,bot4,0,trapped,12,0,38.576
50,0.95,167,bot1,1,success,36,0,0.364
50,0.95,167,bot2,1,success,36,0,8.676
50,0.95,167,bot3,1,success,36,0,11.857
50,0.95,167,bot4,1,success,36,0,48.377
50,0.95,168,bot1,1,success,32,0,0.494
50,0.95,168,bot2,1,success,32,0,7.545
50,0.95,168,bot3,1,success,32,0,9.419
50,0.95,168,bot4,1,success,34,1,47.529
50,0.95,169,bot1,1,success,43,0,0.62
50,0.95,169,bot2,1,success,43,0,14.683
50,0.95,169,bot3,1,success,43,0,18.955
50,0.95,169,bot4,1,success,43,0,58.599
50,0.95,170,bot1,0,caught,34,2,0.365
50,0.95,170,bot2,0,trapped,36,0,11.736
50,0.95,170,bot3,0,trapped,36,1,17.39
50,0.95,170,bot4,0,trapped,36,3,57.017
50,0.95,171,bot1,1,success,72,0,1.069
50,0.95,171,bot2,1,success,72,0,39.067
50,0.95,171,bot3,1,success,72,0,53.773
50,0.95,171,bot4,0,trapped,60,7,105.64
50,0.95,172,bot1,0,caught,18,1,0.508
50,0.95,172,bot2,0,trapped,19,0,9.298
50,0.95,172,bot3,0,trapped,19,1,11.906
50,0.95,172,bot4,0,trapped,19,1,40.309
50,0.95,173,bot1,0,entered_fire,56,1,0.973
50,0.95,173,bot2,0,trapped,60,0,34.721
50,0.95,173,bot3,0,trapped,60,1,44.546
50,0.95,173,bot4,0,trapped,60,0,105.472
50,0.95,174,bot1,1,success,21,0,0.236
50,0.95,174,bot2,1,success,21,0,3.195
50,0.95,174,bot3,1,success,21,0,4.096
50,0.95,174,bot4,1,success,21,0,27.691
50,0.95,175,bot1,1,success,19,0,0.202
50,0.95,175,bot2,1,success,19,0,2.798
50,0.95,175,bot3,1,success,19,0,3.648
50,0.95,175,bot4,1,success,21,1,28.129
50,0.95,176,bot1,0,entered_fire,27,0,0.968
50,0.95,176,bot2,0,trapped,26,0,20.502
50,0.95,176,bot3,0,trapped,40,2,36.129
50,0.95,176,bot4,0,trapped,40,8,84.115
50,0.95,177,bot1,1,success,40,0,0.582
50,0.95,177,bot2,1,success,40,0,10.897
50,0.95,177,bot3,1,success,40,0,15.721
50,0.95,177,bot4,1,success,40,0,52.408
50,0.95,178,bot1,1,success,39,0,0.473
50,0.95,178,bot2,1,success,39,0,10.871
50,0.95,178,bot3,1,success,39,0,14.195
50,0.95,178,bot4,1,success,39,0,56.447
50,0.95,179,bot1,0,caught,21,0,0.594
50,0.95,179,bot2,0,trapped,18,0,14.08
50,0.95,179,bot3,0,trapped,18,0,15.231
50,0.95,179,bot4,0,caught,47,5,77.162
50,0.95,180,bot1,0,caught,17,1,0.764
50,0.95,180,bot2,0,trapped,24,0,14.095
50,0.95,180,bot3,0,trapped,24,2,16.955
50,0.95,180,bot4,0,trapped,24,2,66.112
50,0.95,181,bot1,1,success,29,0,0.237
50,0.95,181,bot2,1,success,29,0,5.319
50,0.95,181,bot3,1,success,29,0,7.544
50,0.95,181,bot4,1,success,29,0,36.967
50,0.95,182,bot1,1,success,54,0,0.426
50,0.95,182,bot2,1,success,54,0,17.27
50,0.95,182,bot3,1,success,54,0,27.922
50,0.95,182,bot4,1,success,54,0,75.965
50,0.95,183,bot1,1,success,37,0,0.465
50,0.95,183,bot2,1,success,37,0,8.554
50,0.95,183,bot3,1,success,37,0,12.603
50,0.95,183,bot4,1,success,37,0,48.043
50,0.95,184,bot1,1,success,67,0,1.061
50,0.95,184,bot2,1,success,67,0,35.235
50,0.95,184,bot3,1,success,67,0,45.238
50,0.95,184,bot4,1,success,69,1,107.802
50,0.95,185,bot1,0,entered_fire,26,1,0.838
50,0.95,185,bot2,0,caught,64,0,35.22
50,0.95,185,bot3,0,trapped,64,1,49.143
50,0.95,185,bot4,0,button_burned,73,3,124.706
50,0.95,186,bot1,1,success,64,0,0.847
50,0.95,186,bot2,1,success,64,0,28.821
50,0.95,186,bot3,1,success,64,0,71.386
50,0.95,186,bot4,1,success,64,0,110.44
50,0.95,187,bot1,1,success,21,0,0.257
50,0.95,187,bot2,1,success,21,0,3.566
50,0.95,187,bot3,1,success,21,0,4.322
50,0.95,187,bot4,1,success,21,0,27.12
50,0.95,188,bot1,1,success,27,0,0.414
50,0.95,188,bot2,1,success,27,0,6.178
50,0.95,188,bot3,1,success,27,0,5.668
50,0.95,188,bot4,1,success,27,0,33.368
50,0.95,189,bot1,0,button_burned,30,0,0.466
50,0.95,189,bot2,0,button_burned,30,0,9.174
50,0.95,189,bot3,0,button_burned,30,0,12.041
50,0.95,189,bot4,0,button_burned,30,0,44.459
50,0.95,190,bot1,1,success,29,0,0.366
50,0.95,190,bot2,1,success,29,0,6.333
50,0.95,190,bot3,1,success,29,0,9.654
50,0.95,190,bot4,1,success,29,0,42.289
50,0.95,191,bot1,0,button_burned,18,0,0.62
50,0.95,191,bot2,0,trapped,8,0,5.366
50,0.95,191,bot3,0,trapped,8,0,6.881
50,0.95,191,bot4,0,trapped,8,0,25.577
50,0.95,192,bot1,1,success,24,0,0.209
50,0.95,192,bot2,1,success,24,0,3.904
50,0.95,192,bot3,1,success,24,0,5.27
50,0.95,192,bot4,1,success,24,0,31.269
50,0.95,193,bot1,1,success,21,0,0.314
50,0.95,193,bot2,1,success,21,0,3.207
50,0.95,193,bot3,1,success,21,0,4.052
50,0.95,193,bot4,1,success,21,0,26.801
50,0.95,194,bot1,0,button_burned,40,1,0.836
50,0.95,194,bot2,0,trapped,39,0,29.574
50,0.95,194,bot3,0,trapped,39,0,28.824
50,0.95,194,bot4,0,trapped,39,1,83.771
50,0.95,195,bot1,1,success,36,0,0.571
50,0.95,195,bot2,1,success,36,0,10.605
50,0.95,195,bot3,1,success,36,0,14.86
50,0.95,195,bot4,1,success,36,0,49.453
50,0.95,196,bot1,0,entered_fire,15,1,0.539
50,0.95,196,bot2,0,button_burned,32,0,10.059
50,0.95,196,bot3,0,button_burned,32,1,11.676
50,0.95,196,bot4,0,button_burned,32,1,49.897
50,0.95,197,bot1,1,success,67,0,0.899
50,0.95,197,bot2,1,success,67,0,32.194
50,0.95,197,bot3,1,success,67,0,49.691
50,0.95,197,bot4,1,success,69,1,115.695
50,0.95,198,bot1,0,button_burned,29,1,0.894
50,0.95,198,bot2,0,trapped,28,0,34.679
50,0.95,198,bot3,0,trapped,28,0,47.207
50,0.95,198,bot4,0,trapped,28,0,107.68
50,0.95,199,bot1,0,button_burned,28,0,0.436
50,0.95,199,bot2,0,button_burned,28,0,8.011
50,0.95,199,bot3,0,button_burned,28,0,10.664
50,0.95,199,bot4,0,button_burned,28,0,42.273
50,1.0,0,bot1,0,entered_fire,16,3,0.993
50,1.0,0,bot2,0,trapped,27,0,22.677
50,1.0,0,bot3,0,trapped,27,0,23.424
50,1.0,0,bot4,0,trapped,27,0,73.062
50,1.0,1,bot1,0,entered_fire,20,1,0.513
50,1.0,1,bot2,0,trapped,31,0,9.501
50,1.0,1,bot3,0,trapped,31,1,13.464
50,1.0,1,bot4,0,trapped,31,0,52.311
50,1.0,2,bot1,0,caught,4,3,0.479
50,1.0,2,bot2,0,trapped,14,0,5.537
50,1.0,2,bot3,0,caught,14,1,5.377
50,1.0,2,bot4,0,trapped,14,0,25.411
50,1.0,3,bot1,1,success,43,0,0.704
50,1.0,3,bot2,1,success,43,0,17.755
50,1.0,3,bot3,1,success,43,0,30.35
50,1.0,3,bot4,1,success,43,0,84.642
50,1.0,4,bot1,0,caught,13,2,0.46
50,1.0,4,bot2,0,button_burned,19,0,7.556
50,1.0,4,bot3,0,button_burned,19,1,9.234
50,1.0,4,bot4,0,button_burned,19,0,33.299
50,1.0,5,bot1,1,success,41,0,0.871
50,1.0,5,bot2,1,success,41,0,14.769
50,1.0,5,bot3,1,success,41,0,21.336
50,1.0,5,bot4,1,success,41,0,68.16
50,1.0,6,bot1,0,caught,1,0,0.779
50,1.0,6,bot2,0,caught,1,0,1.483
50,1.0,6,bot3,0,caught,1,0,0.755
50,1.0,6,bot4,0,caught,1,0,2.616
50,1.0,7,bot1,1,success,43,0,0.886
50,1.0,7,bot2,1,success,43,0,13.91
50,1.0,7,bot3,1,success,43,0,18.078
50,1.0,7,bot4,1,success,43,0,70.233
50,1.0,8,bot1,0,button_burned,18,0,0.809
50,1.0,8,bot2,0,trapped,17,0,13.18
50,1.0,8,bot3,0,trapped,17,0,15.658
50,1.0,8,bot4,0,trapped,17,0,44.011
50,1.0,9,bot1,1,success,6,0,0.112
50,1.0,9,bot2,1,success,6,0,0.598
50,1.0,9,bot3,1,success,6,0,0.669
50,1.0,9,bot4,1,success,6,0,6.938
50,1.0,10,bot1,0,button_burned,25,0,0.392
50,1.0,10,bot2,0,button_burned,25,0,6.576
50,1.0,10,bot3,0,button_burned,25,0,9.702
50,1.0,10,bot4,0,button_burned,25,0,38.167
50,1.0,11,bot1,1,success,40,0,1.292
50,1.0,11,bot2,1,success,40,0,13.85
50,1.0,11,bot3,1,success,40,0,18.733
50,1.0,11,bot4,1,success,40,0,77.253
50,1.0,12,bot1,0,entered_fire,15,1,0.465
50,1.0,12,bot2,0,trapped,15,0,6.578
50,1.0,12,bot3,0,button_burned,39,1,19.277
50,1.0,12,bot4,0,trapped,15,0,27.95
50,1.0,13,bot1,0,button_burned,9,0,0.796
50,1.0,13,bot2,0,button_burned,9,0,7.385
50,1.0,13,bot3,0,button_burned,9,0,8.455
50,1.0,13,bot4,0,button_burned,9,0,24.491
50,1.0,14,bot1,0,button_burned,22,2,0.436
50,1.0,14,bot2,0,trapped,21,0,8.462
50,1.0,14,bot3,0,trapped,21,1,11.268
50,1.0,14,bot4,0,trapped,21,0,38.585
50,1.0,15,bot1,0,entered_fire,21,6,0.849
50,1.0,15,bot2,0,trapped,29,0,22.884
50,1.0,15,bot3,0,trapped,29,0,25.983
50,1.0,15,bot4,0,trapped,29,0,75.88
50,1.0,16,bot1,0,button_burned,12,0,0.726
50,1.0,16,bot2,0,button_burned,12,0,9.413
50,1.0,16,bot3,0,button_burned,12,0,10.212
50,1.0,16,bot4,0,button_burned,12,0,29.014
50,1.0,17,bot1,1,success,43,0,0.848
50,1.0,17,bot2,1,success,43,0,15.03
50,1.0,17,bot3,1,success,43,0,23.573
50,1.0,17,bot4,1,success,43,0,68.651
50,1.0,18,bot1,1,success,15,0,0.211
50,1.0,18,bot2,1,success,15,0,2.238
50,1.0,18,bot3,1,success,15,0,2.478
50,1.0,18,bot4,1,success,15,0,18.773
50,1.0,19,bot1,0,button_burned,32,0,0.575
50,1.0,19,bot2,0,button_burned,32,0,13.381
50,1.0,19,bot3,0,button_burned,32,0,17.381
50,1.0,19,bot4,0,button_burned,32,0,60.273
50,1.0,20,bot1,0,entered_fire,18,2,0.919
50,1.0,20,bot2,0,trapped,27,0,18.873
50,1.0,20,bot3,0,trapped,30,1,23.032
50,1.0,20,bot4,0,trapped,27,0,66.15
50,1.0,21,bot1,1,success,39,0,0.433
50,1.0,21,bot2,1,success,39,0,9.588
50,1.0,21,bot3,1,success,39,0,12.859
50,1.0,21,bot4,1,success,39,0,55.097
50,1.0,22,bot1,1,success,18,0,0.221
50,1.0,22,bot2,1,success,18,0,2.615
50,1.0,22,bot3,1,success,18,0,3.058
50,1.0,22,bot4,1,success,18,0,23.091
50,1.0,23,bot1,0,button_burned,8,0,0.861
50,1.0,23,bot2,0,button_burned,8,0,7.35
50,1.0,23,bot3,0,button_burned,8,0,7.892
50,1.0,23,bot4,0,button_burned,8,0,21.182
50,1.0,24,bot1,0,entered_fire,17,2,0.474
50,1.0,24,bot2,0,trapped,20,0,10.68
50,1.0,24,bot3,0,trapped,20,2,12.694
50,1.0,24,bot4,0,trapped,20,0,38.701
50,1.0,25,bot1,1,success,10,0,0.154
50,1.0,25,bot2,1,success,10,0,1.244
50,1.0,25,bot3,1,success,10,0,1.338
50,1.0,25,bot4,1,success,10,0,12.165
50,1.0,26,bot1,0,entered_fire,17,2,0.812
50,1.0,26,bot2,0,trapped,30,0,16.389
50,1.0,26,bot3,0,trapped,30,1,18.434
50,1.0,26,bot4,0,trapped,30,0,64.904
50,1.0,27,bot1,0,caught,11,1,0.924
50,1.0,27,bot2,0,caught,16,0,14.281
50,1.0,27,bot3,0,trapped,18,1,18.525
50,1.0,27,bot4,0,caught,16,0,45.476
50,1.0,28,bot1,0,entered_fire,13,7,0.438
50,1.0,28,bot2,0,button_burned,20,0,13.552
50,1.0,28,bot3,0,button_burned,20,1,14.966
50,1.0,28,bot4,0,button_burned,20,0,43.941
50,1.0,29,bot1,1,success,18,0,0.24
50,1.0,29,bot2,1,success,18,0,2.84
50,1.0,29,bot3,1,success,18,0,3.182
50,1.0,29,bot4,1,success,18,0,22.611
50,1.0,30,bot1,0,button_burned,10,0,0.251
50,1.0,30,bot2,0,button_burned,10,0,2.42
50,1.0,30,bot3,0,button_burned,10,0,3.354
50,1.0,30,bot4,0,button_burned,10,0,14.764
50,1.0,31,bot1,1,success,41,0,0.552
50,1.0,31,bot2,1,success,41,0,12.098
50,1.0,31,bot3,1,success,41,0,20.637
50,1.0,31,bot4,1,success,41,0,63.931
50,1.0,32,bot1,0,entered_fire,29,2,0.618
50,1.0,32,bot2,0,trapped,35,0,13.42
50,1.0,32,bot3,0,trapped,35,1,18.282
50,1.0,32,bot4,0,trapped,35,0,60.431
50,1.0,33,bot1,1,success,14,0,0.184
50,1.0,33,bot2,1,success,14,0,2.027
50,1.0,33,bot3,1,success,14,0,2.367
50,1.0,33,bot4,1,success,14,0,17.695
50,1.0,34,bot1,1,success,6,0,0.123
50,1.0,34,bot2,1,success,6,0,0.644
50,1.0,34,bot3,1,success,6,0,0.699
50,1.0,34,bot4,1,success,6,0,7.379
50,1.0,35,bot1,1,success,43,0,0.696
50,1.0,35,bot2,1,success,43,0,16.26
50,1.0,35,bot3,1,success,43,0,21.653
50,1.0,35,bot4,1,success,43,0,73.89
50,1.0,36,bot1,0,caught,29,0,0.742
50,1.0,36,bot2,0,trapped,27,0,14.933
50,1.0,36,bot3,0,trapped,27,0,18.232
50,1.0,36,bot4,0,trapped,27,0,55.281
50,1.0,37,bot1,0,button_burned,18,1,0.441
50,1.0,37,bot2,0,button_burned,18,0,3.803
50,1.0,37,bot3,0,button_burned,18,1,5.322
50,1.0,37,bot4,0,button_burned,18,0,29.136
50,1.0,38,bot1,1,success,12,0,0.155
50,1.0,38,bot2,1,success,12,0,1.614
50,1.0,38,bot3,1,success,12,0,1.639
50,1.0,38,bot4,1,success,12,0,14.888
50,1.0,39,bot1,1,success,21,0,0.23
50,1.0,39,bot2,1,success,21,0,3.037
50,1.0,39,bot3,1,success,21,0,4.208
50,1.0,39,bot4,1,success,21,0,26.136
50,1.0,40,bot1,1,success,19,0,0.232
50,1.0,40,bot2,1,success,19,0,2.806
50,1.0,40,bot3,1,success,19,0,3.429
50,1.0,40,bot4,1,success,19,0,24.049
50,1.0,41,bot1,0,button_burned,2,0,0.836
50,1.0,41,bot2,0,button_burned,2,0,1.739
50,1.0,41,bot3,0,button_burned,2,0,2.666
50,1.0,41,bot4,0,button_burned,2,0,5.17
50,1.0,42,bot1,1,success,21,0,0.226
50,1.0,42,bot2,1,success,21,0,3.267
50,1.0,42,bot3,1,success,21,0,4.342
50,1.0,42,bot4,1,success,21,0,25.882
50,1.0,43,bot1,0,button_burned,26,0,0.374
50,1.0,43,bot2,0,button_burned,26,0,7.658
50,1.0,43,bot3,0,button_burned,26,0,9.537
50,1.0,43,bot4,0,button_burned,26,0,41.526
50,1.0,44,bot1,1,success,14,0,0.172
50,1.0,44,bot2,1,success,14,0,2.396
50,1.0,44,bot3,1,success,14,0,2.276
50,1.0,44,bot4,1,success,14,0,16.336
50,1.0,45,bot1,1,success,15,0,0.167
50,1.0,45,bot2,1,success,15,0,1.892
50,1.0,45,bot3,1,success,15,0,2.329
50,1.0,45,bot4,1,success,15,0,18.444
50,1.0,46,bot1,0,entered_fire,61,0,0.931
50,1.0,46,bot2,0,trapped,56,0,33.921
50,1.0,46,bot3,0,trapped,56,0,48.806
50,1.0,46,bot4,0,trapped,50,0,111.053
50,1.0,47,bot1,0,button_burned,38,0,0.683
50,1.0,47,bot2,0,button_burned,38,0,14.782
50,1.0,47,bot3,0,button_burned,38,0,17.717
50,1.0,47,bot4,0,button_burned,38,0,63.411
50,1.0,48,bot1,1,success,22,0,0.353
50,1.0,48,bot2,1,success,22,0,5.76
50,1.0,48,bot3,1,success,22,0,5.283
50,1.0,48,bot4,1,success,22,0,29.587
50,1.0,49,bot1,0,button_burned,17,0,0.525
50,1.0,49,bot2,0,trapped,16,0,7.169
50,1.0,49,bot3,0,trapped,16,0,8.785
50,1.0,49,bot4,0,trapped,16,0,30.061
50,1.0,50,bot1,1,success,27,0,0.389
50,1.0,50,bot2,1,success,27,0,5.808
50,1.0,50,bot3,1,success,27,0,7.513
50,1.0,50,bot4,1,success,27,0,36.945
50,1.0,51,bot1,1,success,12,0,0.15
50,1.0,51,bot2,1,success,12,0,1.538
50,1.0,51,bot3,1,success,12,0,1.708
50,1.0,51,bot4,1,success,12,0,14.397
50,1.0,52,bot1,1,success,11,0,0.147
50,1.0,52,bot2,1,success,11,0,1.338
50,1.0,52,bot3,1,success,11,0,1.676
50,1.0,52,bot4,1,success,11,0,15.957
50,1.0,53,bot1,0,caught,8,1,0.814
50,1.0,53,bot2,0,trapped,17,0,14.954
50,1.0,53,bot3,0,trapped,17,1,14.023
50,1.0,53,bot4,0,trapped,17,0,44.849
50,1.0,54,bot1,1,success,40,0,0.594
50,1.0,54,bot2,1,success,40,0,12.007
50,1.0,54,bot3,1,success,40,0,18.123
50,1.0,54,bot4,1,success,40,0,63.956
50,1.0,55,bot1,1,success,61,0,0.853
50,1.0,55,bot2,1,success,61,0,30.065
50,1.0,55,bot3,1,success,61,0,43.156
50,1.0,55,bot4,1,success,61,0,117.342
50,1.0,56,bot1,1,success,52,0,0.665
50,1.0,56,bot2,1,success,52,0,20.209
50,1.0,56,bot3,1,success,52,0,32.706
50,1.0,56,bot4,1,success,52,0,85.172
50,1.0,57,bot1,0,button_burned,15,0,0.308
50,1.0,57,bot2,0,button_burned,15,0,3.438
50,1.0,57,bot3,0,button_burned,15,0,4.707
50,1.0,57,bot4,0,button_burned,15,0,20.54
50,1.0,58,bot1,1,success,25,0,0.267
50,1.0,58,bot2,1,success,25,0,4.967
50,1.0,58,bot3,1,success,25,0,5.52
50,1.0,58,bot4,1,success,25,0,33.447
50,1.0,59,bot1,1,success,31,0,0.314
50,1.0,59,bot2,1,success,31,0,6.827
50,1.0,59,bot3,1,success,31,0,10.328
50,1.0,59,bot4,1,success,31,0,44.211
50,1.0,60,bot1,1,success,12,0,0.166
50,1.0,60,bot2,1,success,12,0,1.517
50,1.0,60,bot3,1,success,12,0,1.653
50,1.0,60,bot4,1,success,12,0,14.367
50,1.0,61,bot1,0,button_burned,30,0,1.0
50,1.0,61,bot2,0,button_burned,30,0,10.561
50,1.0,61,bot3,0,button_burned,30,0,13.819
50,1.0,61,bot4,0,button_burned,30,0,47.036
50,1.0,62,bot1,1,success,19,0,0.276
50,1.0,62,bot2,1,success,19,0,3.078
50,1.0,62,bot3,1,success,19,0,3.596
50,1.0,62,bot4,1,success,19,0,23.985
50,1.0,63,bot1,1,success,26,0,0.382
50,1.0,63,bot2,1,success,26,0,5.317
50,1.0,63,bot3,1,success,26,0,6.313
50,1.0,63,bot4,1,success,26,0,36.808
50,1.0,64,bot1,1,success,19,0,0.363
50,1.0,64,bot2,1,success,19,0,2.607
50,1.0,64,bot3,1,success,19,0,3.287
50,1.0,64,bot4,1,success,19,0,22.78
50,1.0,65,bot1,1,success,36,0,0.392
50,1.0,65,bot2,1,success,36,0,7.5
50,1.0,65,bot3,1,success,36,0,13.449
50,1.0,65,bot4,1,success,36,0,49.388
50,1.0,66,bot1,0,button_burned,4,0,0.338
50,1.0,66,bot2,0,button_burned,4,0,1.436
50,1.0,66,bot3,0,button_burned,4,0,2.284
50,1.0,66,bot4,0,button_burned,4,0,7.473
50,1.0,67,bot1,0,entered_fire,21,2,0.764
50,1.0,67,bot2,0,button_burned,21,0,14.73
50,1.0,67,bot3,0,button_burned,21,0,11.74
50,1.0,67,bot4,0,button_burned,21,0,42.972
50,1.0,68,bot1,1,success,41,0,0.767
50,1.0,68,bot2,1,success,41,0,16.095
50,1.0,68,bot3,1,success,41,0,24.515
50,1.0,68,bot4,1,success,41,0,65.935
50,1.0,69,bot1,1,success,40,0,0.424
50,1.0,69,bot2,1,success,40,0,9.659
50,1.0,69,bot3,1,success,40,0,13.201
50,1.0,69,bot4,1,success,40,0,66.436
50,1.0,70,bot1,0,caught,1,0,0.599
50,1.0,70,bot2,0,caught,1,0,0.599
50,1.0,70,bot3,0,trapped,6,1,3.747
50,1.0,70,bot4,0,caught,1,0,2.173
50,1.0,71,bot1,0,entered_fire,25,0,0.876
50,1.0,71,bot2,0,trapped,23,0,17.015
50,1.0,71,bot3,0,trapped,23,0,17.854
50,1.0,71,bot4,0,trapped,23,0,55.413
50,1.0,72,bot1,0,button_burned,11,0,0.729
50,1.0,72,bot2,0,button_burned,11,0,7.547
50,1.0,72,bot3,0,button_burned,11,0,9.823
50,1.0,72,bot4,0,button_burned,11,0,27.087
50,1.0,73,bot1,0,caught,7,0,0.881
50,1.0,73,bot2,0,trapped,6,0,4.886
50,1.0,73,bot3,0,trapped,6,0,5.026
50,1.0,73,bot4,0,trapped,6,0,18.869
50,1.0,74,bot1,0,entered_fire,10,1,0.625
50,1.0,74,bot2,0,trapped,14,0,8.684
50,1.0,74,bot3,0,trapped,14,0,9.729
50,1.0,74,bot4,0,trapped,14,0,33.572
50,1.0,75,bot1,1,success,23,0,0.249
50,1.0,75,bot2,1,success,23,0,4.215
50,1.0,75,bot3,1,success,23,0,5.521
50,1.0,75,bot4,1,success,23,0,30.981
50,1.0,76,bot1,0,button_burned,27,0,0.42
50,1.0,76,bot2,0,button_burned,27,0,5.826
50,1.0,76,bot3,0,button_burned,27,0,7.777
50,1.0,76,bot4,0,button_burned,27,0,35.917
50,1.0,77,bot1,0,entered_fire,26,0,0.741
50,1.0,77,bot2,0,trapped,23,0,13.649
50,1.0,77,bot3,0,trapped,23,0,15.47
50,1.0,77,bot4,0,trapped,23,0,50.53
50,1.0,78,bot1,1,success,55,0,0.767
50,1.0,78,bot2,1,success,55,0,25.59
50,1.0,78,bot3,1,success,55,0,35.201
50,1.0,78,bot4,1,success,55,0,103.216
50,1.0,79,bot1,0,caught,25,1,0.898
50,1.0,79,bot2,0,trapped,43,0,30.766
50,1.0,79,bot3,0,trapped,43,0,37.443
50,1.0,79,bot4,0,trapped,33,0,83.468
50,1.0,80,bot1,1,success,52,0,0.701
50,1.0,80,bot2,1,success,52,0,16.239
50,1.0,80,bot3,1,success,52,0,30.176
50,1.0,80,bot4,1,success,52,0,78.517
50,1.0,81,bot1,1,success,53,0,0.848
50,1.0,81,bot2,1,success,53,0,24.967
50,1.0,81,bot3,1,success,53,0,35.443
50,1.0,81,bot4,1,success,53,0,98.245
50,1.0,82,bot1,0,button_burned,17,0,0.967
50,1.0,82,bot2,0,trapped,10,0,9.598
50,1.0,82,bot3,0,trapped,10,0,11.447
50,1.0,82,bot4,0,trapped,10,0,29.801
50,1.0,83,bot1,0,button_burned,3,0,0.84
50,1.0,83,bot2,0,button_burned,3,0,2.407
50,1.0,83,bot3,0,button_burned,3,0,3.523
50,1.0,83,bot4,0,button_burned,3,0,7.626
50,1.0,84,bot1,1,success,47,0,0.575
50,1.0,84,bot2,1,success,47,0,15.44
50,1.0,84,bot3,1,success,47,0,25.75
50,1.0,84,bot4,1,success,47,0,74.368
50,1.0,85,bot1,0,entered_fire,13,1,0.722
50,1.0,85,bot2,0,button_burned,18,0,11.726
50,1.0,85,bot3,0,button_burned,18,1,13.216
50,1.0,85,bot4,0,button_burned,18,0,38.422
50,1.0,86,bot1,1,success,14,0,0.179
50,1.0,86,bot2,1,success,14,0,1.838
50,1.0,86,bot3,1,success,14,0,2.231
50,1.0,86,bot4,1,success,14,0,16.76
50,1.0,87,bot1,0,button_burned,6,0,0.949
50,1.0,87,bot2,0,trapped,5,0,4.88
50,1.0,87,bot3,0,trapped,5,0,6.991
50,1.0,87,bot4,0,trapped,5,0,16.203
50,1.0,88,bot1,1,success,53,0,0.644
50,1.0,88,bot2,1,success,53,0,20.37
50,1.0,88,bot3,1,success,53,0,29.809
50,1.0,88,bot4,1,success,53,0,93.54
50,1.0,89,bot1,1,success,15,0,0.176
50,1.0,89,bot2,1,success,15,0,2.009
50,1.0,89,bot3,1,success,15,0,2.197
50,1.0,89,bot4,1,success,15,0,19.194
50,1.0,90,bot1,1,success,26,0,0.286
50,1.0,90,bot2,1,success,26,0,4.984
50,1.0,90,bot3,1,success,26,0,6.818
50,1.0,90,bot4,1,success,26,0,34.797
50,1.0,91,bot1,1,success,6,0,0.123
50,1.0,91,bot2,1,success,6,0,0.629
50,1.0,91,bot3,1,success,6,0,0.669
50,1.0,91,bot4,1,success,6,0,9.016
50,1.0,92,bot1,0,button_burned,28,0,0.718
50,1.0,92,bot2,0,trapped,25,0,15.995
50,1.0,92,bot3,0,trapped,25,0,19.643
50,1.0,92,bot4,0,trapped,25,0,59.483
50,1.0,93,bot1,1,success,5,0,0.111
50,1.0,93,bot2,1,success,5,0,0.517
50,1.0,93,bot3,1,success,5,0,0.525
50,1.0,93,bot4,1,success,5,0,6.309
50,1.0,94,bot1,0,button_burned,25,0,0.785
50,1.0,94,bot2,0,trapped,24,0,28.182
50,1.0,94,bot3,0,trapped,24,0,17.596
50,1.0,94,bot4,0,trapped,24,0,57.587
50,1.0,95,bot1,0,entered_fire,31,5,0.801
50,1.0,95,bot2,0,button_burned,44,0,25.902
50,1.0,95,bot3,0,button_burned,44,1,30.89
50,1.0,95,bot4,0,button_burned,44,0,93.743
50,1.0,96,bot1,0,button_burned,20,0,0.43
50,1.0,96,bot2,0,trapped,19,0,7.225
50,1.0,96,bot3,0,trapped,19,0,10.183
50,1.0,96,bot4,0,trapped,19,0,34.022
50,1.0,97,bot1,1,success,43,0,0.718
50,1.0,97,bot2,1,success,43,0,16.429
50,1.0,97,bot3,1,success,43,0,22.863
50,1.0,97,bot4,1,success,43,0,75.58
50,1.0,98,bot1,0,caught,7,0,0.461
50,1.0,98,bot2,0,caught,7,0,2.571
50,1.0,98,bot3,0,caught,9,1,3.717
50,1.0,98,bot4,0,caught,8,0,13.982
50,1.0,99,bot1,1,success,49,0,1.047
50,1.0,99,bot2,1,success,49,0,22.272
50,1.0,99,bot3,1,success,49,0,32.386
50,1.0,99,bot4,1,success,49,0,93.917
50,1.0,100,bot1,1,success,36,0,0.345
50,1.0,100,bot2,1,success,36,0,8.274
50,1.0,100,bot3,1,success,36,0,10.029
50,1.0,100,bot4,1,success,36,0,48.927
50,1.0,101,bot1,1,success,54,0,0.746
50,1.0,101,bot2,1,success,54,0,22.599
50,1.0,101,bot3,1,success,54,0,32.682
50,1.0,101,bot4,1,success,54,0,99.914
50,1.0,102,bot1,1,success,25,0,0.381
50,1.0,102,bot2,1,success,25,0,4.819
50,1.0,102,bot3,1,success,25,0,5.755
50,1.0,102,bot4,1,success,25,0,35.027
50,1.0,103,bot1,0,caught,14,0,0.355
50,1.0,103,bot2,0,caught,14,0,3.518
50,1.0,103,bot3,0,trapped,16,1,6.317
50,1.0,103,bot4,0,caught,13,0,18.733
50,1.0,104,bot1,1,success,44,0,0.568
50,1.0,104,bot2,1,success,44,0,13.405
50,1.0,104,bot3,1,success,44,0,18.672
50,1.0,104,bot4,1,success,44,0,64.39
50,1.0,105,bot1,1,success,35,0,0.397
50,1.0,105,bot2,1,success,35,0,9.404
50,1.0,105,bot3,1,success,35,0,13.653
50,1.0,105,bot4,1,success,35,0,48.459
50,1.0,106,bot1,0,caught,8,1,0.29
50,1.0,106,bot2,0,trapped,9,0,2.048
50,1.0,106,bot3,0,trapped,9,1,2.088
50,1.0,106,bot4,0,trapped,9,0,14.588
50,1.0,107,bot1,0,entered_fire,23,4,0.762
50,1.0,107,bot2,0,trapped,25,0,15.796
50,1.0,107,bot3,0,trapped,25,1,19.704
50,1.0,107,bot4,0,trapped,25,0,76.321
50,1.0,108,bot1,0,caught,32,0,0.342
50,1.0,108,bot2,0,trapped,31,0,7.927
50,1.0,108,bot3,0,trapped,31,0,12.555
50,1.0,108,bot4,0,trapped,31,0,47.625
50,1.0,109,bot1,1,success,21,0,0.278
50,1.0,109,bot2,1,success,21,0,4.094
50,1.0,109,bot3,1,success,21,0,4.294
50,1.0,109,bot4,1,success,21,0,31.493
50,1.0,110,bot1,0,caught,14,2,0.924
50,1.0,110,bot2,0,caught,33,0,22.165
50,1.0,110,bot3,0,caught,37,1,30.747
50,1.0,110,bot4,0,caught,35,0,75.473
50,1.0,111,bot1,0,button_burned,20,0,0.26
50,1.0,111,bot2,0,button_burned,20,0,4.352
50,1.0,111,bot3,0,button_burned,20,0,5.963
50,1.0,111,bot4,0,button_burned,20,0,32.532
50,1.0,112,bot1,0,caught,25,0,1.033
50,1.0,112,bot2,0,trapped,24,0,26.886
50,1.0,112,bot3,0,trapped,24,0,20.61
50,1.0,112,bot4,0,trapped,24,0,76.282
50,1.0,113,bot1,1,success,52,0,0.634
50,1.0,113,bot2,1,success,52,0,22.469
50,1.0,113,bot3,1,success,52,0,38.984
50,1.0,113,bot4,1,success,52,0,88.788
50,1.0,114,bot1,1,success,9,0,0.146
50,1.0,114,bot2,1,success,9,0,1.02
50,1.0,114,bot3,1,success,9,0,1.111
50,1.0,114,bot4,1,success,9,0,10.904
50,1.0,115,bot1,0,button_burned,8,0,0.893
50,1.0,115,bot2,0,button_burned,8,0,5.012
50,1.0,115,bot3,0,button_burned,8,0,6.8
50,1.0,115,bot4,0,button_burned,8,0,18.18
50,1.0,116,bot1,0,button_burned,16,0,0.367
50,1.0,116,bot2,0,button_burned,16,0,5.274
50,1.0,116,bot3,0,button_burned,16,0,6.627
50,1.0,116,bot4,0,button_burned,16,0,25.444
50,1.0,117,bot1,0,button_burned,29,0,0.716
50,1.0,117,bot2,0,button_burned,29,0,15.003
50,1.0,117,bot3,0,button_burned,29,0,17.779
50,1.0,117,bot4,0,button_burned,29,0,56.932
50,1.0,118,bot1,1,success,28,0,0.246
50,1.0,118,bot2,1,success,28,0,4.943
50,1.0,118,bot3,1,success,28,0,7.71
50,1.0,118,bot4,1,success,28,0,41.541
50,1.0,119,bot1,0,caught,37,0,0.571
50,1.0,119,bot2,0,caught,37,0,16.105
50,1.0,119,bot3,0,caught,38,1,18.711
50,1.0,119,bot4,0,caught,37,0,61.548
50,1.0,120,bot1,1,success,70,0,0.955
50,1.0,120,bot2,1,success,70,0,36.424
50,1.0,120,bot3,1,success,70,0,53.354
50,1.0,120,bot4,1,success,70,0,133.535
50,1.0,121,bot1,1,success,38,0,0.498
50,1.0,121,bot2,1,success,38,0,11.832
50,1.0,121,bot3,1,success,38,0,14.634
50,1.0,121,bot4,1,success,38,0,57.217
50,1.0,122,bot1,1,success,29,0,0.489
50,1.0,122,bot2,1,success,29,0,6.38
50,1.0,122,bot3,1,success,29,0,9.974
50,1.0,122,bot4,1,success,29,0,42.977
50,1.0,123,bot1,0,caught,33,0,0.862
50,1.0,123,bot2,0,caught,33,0,23.046
50,1.0,123,bot3,0,caught,33,0,26.387
50,1.0,123,bot4,0,caught,31,0,75.157
50,1.0,124,bot1,0,button_burned,29,0,0.398
50,1.0,124,bot2,0,button_burned,29,0,7.021
50,1.0,124,bot3,0,button_burned,29,0,9.327
50,1.0,124,bot4,0,button_burned,29,0,41.514
50,1.0,125,bot1,0,caught,8,2,0.324
50,1.0,125,bot2,0,button_burned,25,0,8.606
50,1.0,125,bot3,0,button_burned,25,2,11.257
50,1.0,125,bot4,0,caught,21,0,32.923
50,1.0,126,bot1,0,button_burned,9,2,0.679
50,1.0,126,bot2,0,trapped,8,0,5.905
50,1.0,126,bot3,0,trapped,8,0,7.536
50,1.0,126,bot4,0,trapped,8,0,20.796
50,1.0,127,bot1,0,entered_fire,23,0,0.856
50,1.0,127,bot2,0,trapped,15,0,13.784
50,1.0,127,bot3,0,trapped,15,0,15.259
50,1.0,127,bot4,0,trapped,15,0,42.928
50,1.0,128,bot1,0,caught,17,5,0.352
50,1.0,128,bot2,0,button_burned,26,0,7.325
50,1.0,128,bot3,0,button_burned,26,1,9.823
50,1.0,128,bot4,0,button_burned,26,0,43.089
50,1.0,129,bot1,1,success,24,0,0.601
50,1.0,129,bot2,1,success,24,0,6.021
50,1.0,129,bot3,1,success,24,0,6.423
50,1.0,129,bot4,1,success,24,0,33.084
50,1.0,130,bot1,1,success,27,0,0.43
50,1.0,130,bot2,1,success,27,0,5.983
50,1.0,130,bot3,1,success,27,0,7.22
50,1.0,130,bot4,1,success,27,0,37.392
50,1.0,131,bot1,0,entered_fire,5,2,0.634
50,1.0,131,bot2,0,trapped,31,0,12.274
50,1.0,131,bot3,0,trapped,31,1,16.362
50,1.0,131,bot4,0,trapped,31,0,57.643
50,1.0,132,bot1,0,entered_fire,15,1,0.404
50,1.0,132,bot2,0,button_burned,29,0,9.38
50,1.0,132,bot3,0,button_burned,29,3,12.813
50,1.0,132,bot4,0,button_burned,29,0,54.772
50,1.0,133,bot1,1,success,16,0,0.216
50,1.0,133,bot2,1,success,16,0,2.148
50,1.0,133,bot3,1,success,16,0,2.728
50,1.0,133,bot4,1,success,16,0,19.866
50,1.0,134,bot1,1,success,18,0,0.293
50,1.0,134,bot2,1,success,18,0,3.02
50,1.0,134,bot3,1,success,18,0,2.992
50,1.0,134,bot4,1,success,18,0,22.599
50,1.0,135,bot1,1,success,41,0,0.773
50,1.0,135,bot2,1,success,41,0,14.788
50,1.0,135,bot3,1,success,41,0,16.388
50,1.0,135,bot4,1,success,41,0,66.348
50,1.0,136,bot1,1,success,41,0,0.603
50,1.0,136,bot2,1,success,41,0,10.195
50,1.0,136,bot3,1,success,41,0,13.661
50,1.0,136,bot4,1,success,41,0,57.197
50,1.0,137,bot1,1,success,65,0,0.977
50,1.0,137,bot2,1,success,65,0,34.407
50,1.0,137,bot3,1,success,65,0,48.433
50,1.0,137,bot4,1,success,65,0,131.178
50,1.0,138,bot1,0,caught,14,1,0.307
50,1.0,138,bot2,0,button_burned,19,0,7.299
50,1.0,138,bot3,0,button_burned,19,0,9.602
50,1.0,138,bot4,0,button_burned,19,0,33.93
50,1.0,139,bot1,1,success,32,0,0.454
50,1.0,139,bot2,1,success,32,0,7.693
50,1.0,139,bot3,1,success,32,0,7.766
50,1.0,139,bot4,1,success,32,0,44.144
50,1.0,140,bot1,1,success,9,0,0.14
50,1.0,140,bot2,1,success,9,0,1.032
50,1.0,140,bot3,1,success,9,0,1.183
50,1.0,140,bot4,1,success,9,0,11.313
50,1.0,141,bot1,1,success,64,0,0.867
50,1.0,141,bot2,1,success,64,0,30.158
50,1.0,141,bot3,1,success,64,0,41.632
50,1.0,141,bot4,1,success,64,0,130.379
50,1.0,142,bot1,1,success,22,0,0.198
50,1.0,142,bot2,1,success,22,0,3.348
50,1.0,142,bot3,1,success,22,0,4.366
50,1.0,142,bot4,1,success,22,0,28.072
50,1.0,143,bot1,0,caught,10,0,0.924
50,1.0,143,bot2,0,caught,10,0,8.518
50,1.0,143,bot3,0,caught,13,0,15.349
50,1.0,143,bot4,0,caught,13,0,32.899
50,1.0,144,bot1,1,success,27,0,0.512
50,1.0,144,bot2,1,success,27,0,6.668
50,1.0,144,bot3,1,success,27,0,8.815
50,1.0,144,bot4,1,success,27,0,38.013
50,1.0,145,bot1,0,caught,8,1,0.507
50,1.0,145,bot2,0,caught,11,0,3.818
50,1.0,145,bot3,0,button_burned,30,1,11.42
50,1.0,145,bot4,0,button_burned,30,0,45.414
50,1.0,146,bot1,1,success,14,0,0.164
50,1.0,146,bot2,1,success,14,0,1.78
50,1.0,146,bot3,1,success,14,0,2.168
50,1.0,146,bot4,1,success,14,0,16.588
50,1.0,147,bot1,1,success,35,0,0.557
50,1.0,147,bot2,1,success,35,0,10.495
50,1.0,147,bot3,1,success,35,0,14.978
50,1.0,147,bot4,1,success,35,0,50.899
50,1.0,148,bot1,1,success,28,0,0.377
50,1.0,148,bot2,1,success,28,0,5.637
50,1.0,148,bot3,1,success,28,0,6.751
50,1.0,148,bot4,1,success,28,0,81.859
50,1.0,149,bot1,0,caught,15,0,0.943
50,1.0,149,bot2,0,caught,15,0,13.49
50,1.0,149,bot3,0,trapped,33,1,34.021
50,1.0,149,bot4,0,caught,15,0,39.092
50,1.0,150,bot1,1,success,24,0,0.279
50,1.0,150,bot2,1,success,24,0,5.19
50,1.0,150,bot3,1,success,24,0,5.239
50,1.0,150,bot4,1,success,24,0,32.75
50,1.0,151,bot1,1,success,51,0,0.803
50,1.0,151,bot2,1,success,51,0,21.035
50,1.0,151,bot3,1,success,51,0,29.631
50,1.0,151,bot4,1,success,51,0,88.816
50,1.0,152,bot1,0,caught,9,1,0.688
50,1.0,152,bot2,0,caught,13,0,8.886
50,1.0,152,bot3,0,caught,16,1,11.303
50,1.0,152,bot4,0,trapped,20,0,50.805
50,1.0,153,bot1,1,success,30,0,0.498
50,1.0,153,bot2,1,success,30,0,8.207
50,1.0,153,bot3,1,success,30,0,11.197
50,1.0,153,bot4,1,success,30,0,46.788
50,1.0,154,bot1,0,entered_fire,29,4,0.673
50,1.0,154,bot2,0,trapped,35,0,18.773
50,1.0,154,bot3,0,trapped,35,0,24.276
50,1.0,154,bot4,0,trapped,35,0,71.183
50,1.0,155,bot1,1,success,13,0,0.204
50,1.0,155,bot2,1,success,13,0,1.829
50,1.0,155,bot3,1,success,13,0,1.925
50,1.0,155,bot4,1,success,13,0,17.66
50,1.0,156,bot1,0,entered_fire,31,1,0.664
50,1.0,156,bot2,0,trapped,37,0,14.774
50,1.0,156,bot3,0,trapped,44,1,22.182
50,1.0,156,bot4,0,trapped,37,0,66.106
50,1.0,157,bot1,1,success,26,0,0.326
50,1.0,157,bot2,1,success,26,0,5.481
50,1.0,157,bot3,1,success,26,0,7.413
50,1.0,157,bot4,1,success,26,0,34.856
50,1.0,158,bot1,0,entered_fire,25,3,0.678
50,1.0,158,bot2,0,trapped,24,0,13.965
50,1.0,158,bot3,0,trapped,24,0,17.014
50,1.0,158,bot4,0,trapped,24,0,52.994
50,1.0,159,bot1,1,success,28,0,0.376
50,1.0,159,bot2,1,success,28,0,6.228
50,1.0,159,bot3,1,success,28,0,8.587
50,1.0,159,bot4,1,success,28,0,39.396
50,1.0,160,bot1,1,success,23,0,0.321
50,1.0,160,bot2,1,success,23,0,4.102
50,1.0,160,bot3,1,success,23,0,5.545
50,1.0,160,bot4,1,success,23,0,32.242
50,1.0,161,bot1,0,entered_fire,22,2,0.709
50,1.0,161,bot2,0,trapped,25,0,16.656
50,1.0,161,bot3,0,trapped,25,0,24.722
50,1.0,161,bot4,0,trapped,25,0,68.871
50,1.0,162,bot1,0,entered_fire,30,0,0.924
50,1.0,162,bot2,0,trapped,28,0,19.476
50,1.0,162,bot3,0,trapped,28,0,20.96
50,1.0,162,bot4,0,trapped,28,0,67.565
50,1.0,163,bot1,1,success,28,0,0.352
50,1.0,163,bot2,1,success,28,0,5.607
50,1.0,163,bot3,1,success,28,0,7.502
50,1.0,163,bot4,1,success,28,0,36.965
50,1.0,164,bot1,1,success,15,0,0.177
50,1.0,164,bot2,1,success,15,0,2.129
50,1.0,164,bot3,1,success,15,0,2.634
50,1.0,164,bot4,1,success,15,0,18.89
50,1.0,165,bot1,0,entered_fire,19,4,0.924
50,1.0,165,bot2,0,trapped,20,0,16.105
50,1.0,165,bot3,0,trapped,20,0,19.694
50,1.0,165,bot4,0,trapped,20,0,56.864
50,1.0,166,bot1,0,button_burned,13,0,0.861
50,1.0,166,bot2,0,trapped,11,0,10.76
50,1.0,166,bot3,0,trapped,11,0,12.966
50,1.0,166,bot4,0,trapped,11,0,36.053
50,1.0,167,bot1,1,success,36,0,0.402
50,1.0,167,bot2,1,success,36,0,9.36
50,1.0,167,bot3,1,success,36,0,12.094
50,1.0,167,bot4,1,success,36,0,51.308
50,1.0,168,bot1,1,success,32,0,0.478
50,1.0,168,bot2,1,success,32,0,7.701
50,1.0,168,bot3,1,success,32,0,9.871
50,1.0,168,bot4,1,success,32,0,48.434
50,1.0,169,bot1,1,success,43,0,0.58
50,1.0,169,bot2,1,success,43,0,14.475
50,1.0,169,bot3,1,success,43,0,17.989
50,1.0,169,bot4,1,success,43,0,65.884
50,1.0,170,bot1,0,caught,31,0,0.374
50,1.0,170,bot2,0,caught,31,0,10.641
50,1.0,170,bot3,0,caught,35,1,15.497
50,1.0,170,bot4,0,caught,31,0,61.77
50,1.0,171,bot1,1,success,72,0,1.005
50,1.0,171,bot2,1,success,72,0,38.082
50,1.0,171,bot3,1,success,72,0,55.992
50,1.0,171,bot4,1,success,72,0,142.669
50,1.0,172,bot1,0,caught,18,1,0.583
50,1.0,172,bot2,0,trapped,19,0,9.094
50,1.0,172,bot3,0,trapped,19,1,11.099
50,1.0,172,bot4,0,trapped,19,0,37.266
50,1.0,173,bot1,0,entered_fire,56,1,0.908
50,1.0,173,bot2,0,trapped,60,0,33.839
50,1.0,173,bot3,0,trapped,60,1,44.948
50,1.0,173,bot4,0,trapped,60,0,125.967
50,1.0,174,bot1,1,success,21,0,0.256
50,1.0,174,bot2,1,success,21,0,3.137
50,1.0,174,bot3,1,success,21,0,3.759
50,1.0,174,bot4,1,success,21,0,25.906
50,1.0,175,bot1,1,success,19,0,0.208
50,1.0,175,bot2,1,success,19,0,3.601
50,1.0,175,bot3,1,success,19,0,3.716
50,1.0,175,bot4,1,success,19,0,23.556
50,1.0,176,bot1,0,caught,24,2,0.954
50,1.0,176,bot2,0,trapped,36,0,26.178
50,1.0,176,bot3,0,trapped,36,1,32.328
50,1.0,176,bot4,0,trapped,36,0,86.017
50,1.0,177,bot1,1,success,40,0,0.554
50,1.0,177,bot2,1,success,40,0,11.279
50,1.0,177,bot3,1,success,40,0,17.009
50,1.0,177,bot4,1,success,40,0,59.078
50,1.0,178,bot1,1,success,39,0,0.474
50,1.0,178,bot2,1,success,39,0,11.106
50,1.0,178,bot3,1,success,39,0,14.182
50,1.0,178,bot4,1,success,39,0,60.138
50,1.0,179,bot1,0,caught,12,0,0.646
50,1.0,179,bot2,0,caught,12,0,6.544
50,1.0,179,bot3,0,trapped,24,1,12.379
50,1.0,179,bot4,0,caught,12,0,24.083
50,1.0,180,bot1,0,caught,16,1,0.689
50,1.0,180,bot2,0,trapped,23,0,14.083
50,1.0,180,bot3,0,trapped,23,2,15.971
50,1.0,180,bot4,0,trapped,23,0,49.607
50,1.0,181,bot1,1,success,29,0,0.273
50,1.0,181,bot2,1,success,29,0,5.327
50,1.0,181,bot3,1,success,29,0,7.417
50,1.0,181,bot4,1,success,29,0,37.583
50,1.0,182,bot1,1,success,54,0,0.436
50,1.0,182,bot2,1,success,54,0,17.631
50,1.0,182,bot3,1,success,54,0,28.424
50,1.0,182,bot4,1,success,54,0,81.073
50,1.0,183,bot1,1,success,37,0,0.43
50,1.0,183,bot2,1,success,37,0,11.907
50,1.0,183,bot3,1,success,37,0,13.794
50,1.0,183,bot4,1,success,37,0,50.594
50,1.0,184,bot1,1,success,67,0,0.964
50,1.0,184,bot2,1,success,67,0,34.754
50,1.0,184,bot3,1,success,67,0,58.465
50,1.0,184,bot4,1,success,67,0,135.072
50,1.0,185,bot1,0,entered_fire,25,3,0.803
50,1.0,185,bot2,0,trapped,59,0,32.499
50,1.0,185,bot3,0,trapped,59,0,44.029
50,1.0,185,bot4,0,trapped,59,0,122.309
50,1.0,186,bot1,1,success,64,0,0.769
50,1.0,186,bot2,1,success,64,0,30.732
50,1.0,186,bot3,1,success,64,0,45.361
50,1.0,186,bot4,1,success,64,0,112.287
50,1.0,187,bot1,1,success,21,0,0.251
50,1.0,187,bot2,1,success,21,0,5.245
50,1.0,187,bot3,1,success,21,0,6.84
50,1.0,187,bot4,1,success,21,0,44.22
50,1.0,188,bot1,1,success,27,0,0.222
50,1.0,188,bot2,1,success,27,0,4.414
50,1.0,188,bot3,1,success,27,0,5.541
50,1.0,188,bot4,1,success,27,0,44.797
50,1.0,189,bot1,0,button_burned,28,0,0.536
50,1.0,189,bot2,0,button_burned,28,0,9.285
50,1.0,189,bot3,0,button_burned,28,0,13.152
50,1.0,189,bot4,0,button_burned,28,0,46.008
50,1.0,190,bot1,1,success,29,0,0.339
50,1.0,190,bot2,1,success,29,0,6.448
50,1.0,190,bot3,1,success,29,0,9.358
50,1.0,190,bot4,1,success,29,0,41.732
50,1.0,191,bot1,0,button_burned,18,0,0.667
50,1.0,191,bot2,0,trapped,8,0,5.593
50,1.0,191,bot3,0,trapped,8,0,7.089
50,1.0,191,bot4,0,trapped,8,0,18.344
50,1.0,192,bot1,1,success,24,0,0.222
50,1.0,192,bot2,1,success,24,0,4.362
50,1.0,192,bot3,1,success,24,0,5.86
50,1.0,192,bot4,1,success,24,0,33.911
50,1.0,193,bot1,1,success,21,0,0.255
50,1.0,193,bot2,1,success,21,0,3.22
50,1.0,193,bot3,1,success,21,0,4.348
50,1.0,193,bot4,1,success,21,0,32.744
50,1.0,194,bot1,0,button_burned,39,0,0.82
50,1.0,194,bot2,0,trapped,38,0,22.222
50,1.0,194,bot3,0,trapped,38,0,29.351
50,1.0,194,bot4,0,trapped,38,0,76.097
50,1.0,195,bot1,1,success,36,0,0.587
50,1.0,195,bot2,1,success,36,0,11.97
50,1.0,195,bot3,1,success,36,0,17.85
50,1.0,195,bot4,1,success,36,0,59.716
50,1.0,196,bot1,0,entered_fire,15,1,0.463
50,1.0,196,bot2,0,button_burned,31,0,9.354
50,1.0,196,bot3,0,button_burned,31,1,10.899
50,1.0,196,bot4,0,button_burned,31,0,55.83
50,1.0,197,bot1,1,success,67,0,1.206
50,1.0,197,bot2,1,success,67,0,38.784
50,1.0,197,bot3,1,success,67,0,61.639
50,1.0,197,bot4,1,success,67,0,127.034
50,1.0,198,bot1,0,button_burned,28,1,0.955
50,1.0,198,bot2,0,trapped,27,0,25.991
50,1.0,198,bot3,0,trapped,27,0,28.129
50,1.0,198,bot4,0,trapped,27,0,79.65
50,1.0,199,bot1,0,button_burned,27,0,0.443
50,1.0,199,bot2,0,button_burned,27,0,7.6
50,1.0,199,bot3,0,button_burned,27,0,10.574
50,1.0,199,bot4,0,button_burned,27,0,39.961
