D,q,trial,bot,success,reason,steps,deviations,ms,fireproof
25,0.1,0,bot4,1,success,19,0,6.193,1
25,0.1,1,bot4,1,success,19,0,6.631,1
25,0.1,2,bot4,1,success,18,0,5.747,1
25,0.1,3,bot4,1,success,7,0,2.906,1
25,0.1,4,bot4,1,success,7,0,2.632,1
25,0.1,5,bot4,1,success,11,0,3.629,1
25,0.1,6,bot4,1,success,43,0,34.321,0
25,0.1,7,bot4,1,success,11,0,9.923,1
25,0.1,8,bot4,1,success,12,0,6.535,1
25,0.1,9,bot4,1,success,22,0,12.156,1
25,0.1,10,bot4,1,success,32,0,11.246,0
25,0.1,11,bot4,1,success,4,0,1.31,1
25,0.1,12,bot4,1,success,5,0,1.519,1
25,0.1,13,bot4,0,trapped,0,0,0.552,0
25,0.1,14,bot4,1,success,17,0,6.169,1
25,0.1,15,bot4,1,success,63,3,68.054,0
25,0.1,16,bot4,1,success,10,0,3.609,1
25,0.1,17,bot4,1,success,2,0,4.726,1
25,0.1,18,bot4,1,success,4,0,1.277,1
25,0.1,19,bot4,1,success,24,0,20.522,0
25,0.1,20,bot4,1,success,14,0,5.161,0
25,0.1,21,bot4,1,success,37,0,14.295,1
25,0.1,22,bot4,1,success,14,0,4.963,1
25,0.1,23,bot4,1,success,33,0,29.587,0
25,0.1,24,bot4,1,success,18,0,7.103,1
25,0.1,25,bot4,1,success,36,1,15.356,0
25,0.1,26,bot4,1,success,20,0,7.597,0
25,0.1,27,bot4,1,success,25,0,9.5,0
25,0.1,28,bot4,1,success,26,0,10.352,1
25,0.1,29,bot4,1,success,35,0,13.397,0
25,0.1,30,bot4,1,success,6,0,3.023,1
25,0.1,31,bot4,1,success,18,0,6.132,1
25,0.1,32,bot4,1,success,23,0,8.516,0
25,0.1,33,bot4,1,success,28,0,10.005,0
25,0.1,34,bot4,1,success,21,0,7.638,1
25,0.1,35,bot4,1,success,15,0,5.213,1
25,0.1,36,bot4,1,success,28,0,10.63,0
25,0.1,37,bot4,1,success,18,0,6.579,0
25,0.1,38,bot4,1,success,35,0,13.992,0
25,0.1,39,bot4,1,success,8,0,3.033,1
25,0.1,40,bot4,1,success,13,0,8.641,1
25,0.1,41,bot4,1,success,17,0,6.629,0
25,0.1,42,bot4,1,success,13,0,4.723,1
25,0.1,43,bot4,1,success,46,0,22.939,0
25,0.1,44,bot4,1,success,36,0,16.474,0
25,0.1,45,bot4,1,success,22,0,16.345,1
25,0.1,46,bot4,1,success,4,0,5.414,1
25,0.1,47,bot4,1,success,11,0,11.841,1
25,0.1,48,bot4,1,success,23,0,20.415,0
25,0.1,49,bot4,1,success,37,0,23.947,0
25,0.1,50,bot4,1,success,15,0,5.326,1
25,0.1,51,bot4,1,success,31,0,20.087,0
25,0.1,52,bot4,1,success,3,0,1.034,1
25,0.1,53,bot4,1,success,69,1,72.357,0
25,0.1,54,bot4,1,success,27,0,16.93,1
25,0.1,55,bot4,1,success,36,0,16.686,1
25,0.1,56,bot4,1,success,17,0,6.174,1
25,0.1,57,bot4,1,success,16,0,5.982,1
25,0.1,58,bot4,1,success,19,0,6.668,1
25,0.1,59,bot4,1,success,25,0,9.499,0
25,0.1,60,bot4,1,success,8,0,2.576,0
25,0.1,61,bot4,1,success,36,0,14.223,0
25,0.1,62,bot4,1,success,25,0,8.652,0
25,0.1,63,bot4,1,success,29,0,10.854,0
25,0.1,64,bot4,1,success,14,0,4.872,0
25,0.1,65,bot4,1,success,12,0,4.23,1
25,0.1,66,bot4,1,success,31,0,11.589,0
25,0.1,67,bot4,1,success,28,0,10.866,0
25,0.1,68,bot4,1,success,29,0,14.149,0
25,0.1,69,bot4,1,success,20,0,10.366,0
25,0.1,70,bot4,1,success,2,0,4.722,1
25,0.1,71,bot4,1,success,33,0,17.125,0
25,0.1,72,bot4,1,success,14,0,14.122,1
25,0.1,73,bot4,1,success,29,0,31.215,1
25,0.1,74,bot4,1,success,8,0,6.767,0
25,0.1,75,bot4,1,success,22,0,8.724,1
25,0.1,76,bot4,1,success,23,0,13.501,0
25,0.1,77,bot4,1,success,9,0,4.772,1
25,0.1,78,bot4,1,success,12,0,6.059,1
25,0.1,79,bot4,0,trapped,0,0,0.977,0
25,0.1,80,bot4,1,success,21,0,10.464,1
25,0.1,81,bot4,1,success,34,0,14.928,0
25,0.1,82,bot4,1,success,18,0,8.199,1
25,0.1,83,bot4,1,success,26,2,11.984,0
25,0.1,84,bot4,1,success,31,0,14.096,0
25,0.1,85,bot4,1,success,26,0,18.303,0
25,0.1,86,bot4,1,success,31,0,30.622,0
25,0.1,87,bot4,1,success,29,0,28.48,1
25,0.1,88,bot4,1,success,25,0,9.55,0
25,0.1,89,bot4,1,success,23,0,9.1,0
25,0.1,90,bot4,1,success,13,0,4.585,0
25,0.1,91,bot4,1,success,12,0,4.373,1
25,0.1,92,bot4,1,success,17,1,7.443,0
25,0.1,93,bot4,1,success,32,0,16.453,0
25,0.1,94,bot4,1,success,29,0,13.935,0
25,0.1,95,bot4,1,success,33,0,35.013,0
25,0.1,96,bot4,1,success,4,0,1.793,1
25,0.1,97,bot4,1,success,13,0,9.179,1
25,0.1,98,bot4,1,success,33,0,25.59,0
25,0.1,99,bot4,1,success,20,0,24.23,0
25,0.1,100,bot4,1,success,28,0,11.68,0
25,0.1,101,bot4,1,success,18,0,8.043,1
25,0.1,102,bot4,1,success,30,1,12.015,0
25,0.1,103,bot4,1,success,18,0,6.712,0
25,0.1,104,bot4,1,success,27,0,10.545,0
25,0.1,105,bot4,1,success,23,0,17.62,0
25,0.1,106,bot4,1,success,23,0,16.803,1
25,0.1,107,bot4,1,success,40,0,32.58,0
25,0.1,108,bot4,1,success,22,0,16.974,0
25,0.1,109,bot4,1,success,10,0,11.73,1
25,0.1,110,bot4,1,success,20,0,7.962,0
25,0.1,111,bot4,1,success,14,0,7.346,1
25,0.1,112,bot4,1,success,19,0,9.618,0
25,0.1,113,bot4,1,success,10,0,5.002,1
25,0.1,114,bot4,1,success,12,0,4.508,1
25,0.1,115,bot4,1,success,23,0,9.8,1
25,0.1,116,bot4,1,success,46,0,30.039,0
25,0.1,117,bot4,1,success,23,0,9.149,1
25,0.1,118,bot4,1,success,23,0,20.646,1
25,0.1,119,bot4,1,success,8,0,2.774,1
25,0.1,120,bot4,1,success,24,0,13.1,1
25,0.1,121,bot4,1,success,8,0,7.045,1
25,0.1,122,bot4,1,success,9,0,3.149,1
25,0.1,123,bot4,1,success,8,0,2.669,1
25,0.1,124,bot4,1,success,37,0,14.722,0
25,0.1,125,bot4,1,success,6,0,2.261,1
25,0.1,126,bot4,1,success,25,0,19.038,1
25,0.1,127,bot4,1,success,16,0,5.623,1
25,0.1,128,bot4,1,success,17,0,6.849,1
25,0.1,129,bot4,0,button_burned,18,0,9.759,0
25,0.1,130,bot4,1,success,2,0,0.683,1
25,0.1,131,bot4,1,success,24,0,21.135,0
25,0.1,132,bot4,1,success,30,0,16.149,0
25,0.1,133,bot4,1,success,28,0,11.308,1
25,0.1,134,bot4,1,success,28,0,10.691,0
25,0.1,135,bot4,1,success,24,0,8.652,0
25,0.1,136,bot4,1,success,9,0,3.073,0
25,0.1,137,bot4,1,success,19,0,7.042,0
25,0.1,138,bot4,1,success,28,0,10.902,1
25,0.1,139,bot4,1,success,6,0,5.963,1
25,0.1,140,bot4,1,success,17,0,14.347,1
25,0.1,141,bot4,1,success,26,0,22.374,0
25,0.1,142,bot4,1,success,29,0,15.054,0
25,0.1,143,bot4,1,success,7,0,2.314,1
25,0.1,144,bot4,1,success,44,2,20.22,0
25,0.1,145,bot4,1,success,13,0,5.013,1
25,0.1,146,bot4,1,success,19,0,7.264,1
25,0.1,147,bot4,1,success,15,0,5.91,1
25,0.1,148,bot4,1,success,23,0,13.464,1
25,0.1,149,bot4,1,success,31,0,16.246,0
25,0.1,150,bot4,1,success,25,0,19.941,0
25,0.1,151,bot4,1,success,39,2,26.18,0
25,0.1,152,bot4,1,success,11,0,4.007,1
25,0.1,153,bot4,1,success,27,0,9.547,1
25,0.1,154,bot4,1,success,39,0,17.129,0
25,0.1,155,bot4,1,success,20,0,7.358,1
25,0.1,156,bot4,1,success,38,0,16.939,0
25,0.1,157,bot4,1,success,24,0,8.839,0
25,0.1,158,bot4,1,success,20,0,19.331,1
25,0.1,159,bot4,1,success,17,0,6.198,1
25,0.1,160,bot4,1,success,12,0,4.217,1
25,0.1,161,bot4,1,success,20,0,7.039,0
25,0.1,162,bot4,1,success,18,0,6.557,1
25,0.1,163,bot4,1,success,27,0,10.368,1
25,0.1,164,bot4,1,success,13,0,8.509,1
25,0.1,165,bot4,1,success,27,0,14.466,1
25,0.1,166,bot4,1,success,11,0,3.658,1
25,0.1,167,bot4,1,success,27,0,10.118,0
25,0.1,168,bot4,1,success,31,0,11.261,0
25,0.1,169,bot4,1,success,23,0,8.619,0
25,0.1,170,bot4,1,success,17,0,10.288,1
25,0.1,171,bot4,1,success,28,0,23.827,0
25,0.1,172,bot4,1,success,35,1,21.935,0
25,0.1,173,bot4,1,success,41,0,29.788,0
25,0.1,174,bot4,1,success,25,0,25.591,0
25,0.1,175,bot4,1,success,6,0,2.115,1
25,0.1,176,bot4,1,success,16,0,5.674,0
25,0.1,177,bot4,1,success,23,0,20.685,0
25,0.1,178,bot4,1,success,19,0,7.114,0
25,0.1,179,bot4,1,success,27,0,10.275,0
25,0.1,180,bot4,1,success,23,0,9.958,1
25,0.1,181,bot4,1,success,32,0,12.608,0
25,0.1,182,bot4,1,success,7,0,2.501,1
25,0.1,183,bot4,1,success,36,0,14.985,1
25,0.1,184,bot4,1,success,40,0,19.595,0
25,0.1,185,bot4,1,success,30,0,11.541,1
25,0.1,186,bot4,1,success,25,0,9.068,0
25,0.1,187,bot4,1,success,31,0,12.983,0
25,0.1,188,bot4,1,success,17,0,6.421,1
25,0.1,189,bot4,0,button_burned,21,1,19.806,0
25,0.1,190,bot4,1,success,11,0,4.384,1
25,0.1,191,bot4,1,success,36,0,15.24,0
25,0.1,192,bot4,1,success,34,0,13.383,0
25,0.1,193,bot4,1,success,25,0,8.875,0
25,0.1,194,bot4,1,success,16,0,5.638,1
25,0.1,195,bot4,1,success,4,0,1.494,1
25,0.1,196,bot4,1,success,16,0,15.396,0
25,0.1,197,bot4,1,success,31,0,27.254,0
25,0.1,198,bot4,1,success,21,0,15.914,1
25,0.1,199,bot4,1,success,30,0,29.174,0
25,0.2,0,bot4,1,success,19,0,7.167,1
25,0.2,1,bot4,1,success,19,0,7.457,1
25,0.2,2,bot4,1,success,18,0,6.336,1
25,0.2,3,bot4,1,success,7,0,2.425,1
25,0.2,4,bot4,1,success,7,0,2.284,1
25,0.2,5,bot4,1,success,11,0,4.026,1
25,0.2,6,bot4,1,success,43,0,17.082,0
25,0.2,7,bot4,1,success,11,0,3.881,1
25,0.2,8,bot4,1,success,12,0,4.166,1
25,0.2,9,bot4,1,success,22,0,8.408,1
25,0.2,10,bot4,1,success,32,0,20.869,0
25,0.2,11,bot4,1,success,4,0,1.413,1
25,0.2,12,bot4,1,success,5,0,5.871,1
25,0.2,13,bot4,0,trapped,0,0,0.457,0
25,0.2,14,bot4,1,success,17,0,9.365,1
25,0.2,15,bot4,0,trapped,31,0,23.52,0
25,0.2,16,bot4,1,success,10,0,3.583,1
25,0.2,17,bot4,1,success,2,0,0.688,1
25,0.2,18,bot4,1,success,4,0,1.445,1
25,0.2,19,bot4,1,success,24,0,9.093,0
25,0.2,20,bot4,1,success,14,0,5.022,0
25,0.2,21,bot4,1,success,37,0,12.958,1
25,0.2,22,bot4,1,success,14,0,4.49,1
25,0.2,23,bot4,0,trapped,44,1,22.623,0
25,0.2,24,bot4,1,success,18,0,6.315,1
25,0.2,25,bot4,1,success,36,1,12.735,0
25,0.2,26,bot4,1,success,20,0,6.868,0
25,0.2,27,bot4,1,success,25,0,11.903,0
25,0.2,28,bot4,1,success,26,0,10.683,1
25,0.2,29,bot4,1,success,35,0,12.554,0
25,0.2,30,bot4,1,success,6,0,5.822,1
25,0.2,31,bot4,1,success,18,0,6.102,1
25,0.2,32,bot4,0,button_burned,18,0,15.239,0
25,0.2,33,bot4,1,success,28,0,13.129,0
25,0.2,34,bot4,1,success,21,0,10.614,1
25,0.2,35,bot4,1,success,15,0,9.889,1
25,0.2,36,bot4,1,success,28,0,19.139,0
25,0.2,37,bot4,1,success,18,0,11.79,0
25,0.2,38,bot4,1,success,35,0,26.163,0
25,0.2,39,bot4,1,success,8,0,2.637,1
25,0.2,40,bot4,1,success,13,0,3.894,1
25,0.2,41,bot4,1,success,17,0,10.165,0
25,0.2,42,bot4,1,success,13,0,13.717,1
25,0.2,43,bot4,1,success,46,0,48.107,0
25,0.2,44,bot4,1,success,36,0,31.818,0
25,0.2,45,bot4,1,success,22,0,7.637,1
25,0.2,46,bot4,1,success,4,0,1.449,1
25,0.2,47,bot4,1,success,11,0,4.973,1
25,0.2,48,bot4,1,success,23,0,12.83,0
25,0.2,49,bot4,0,button_burned,9,0,10.807,0
25,0.2,50,bot4,1,success,15,0,7.543,1
25,0.2,51,bot4,1,success,51,0,29.489,0
25,0.2,52,bot4,1,success,3,0,1.407,1
25,0.2,53,bot4,0,trapped,17,0,11.895,0
25,0.2,54,bot4,1,success,27,0,11.225,1
25,0.2,55,bot4,1,success,36,0,23.409,1
25,0.2,56,bot4,1,success,17,0,9.629,1
25,0.2,57,bot4,1,success,16,0,12.121,1
25,0.2,58,bot4,1,success,19,0,7.095,1
25,0.2,59,bot4,1,success,25,0,8.929,0
25,0.2,60,bot4,1,success,8,0,14.826,0
25,0.2,61,bot4,1,success,36,0,17.985,0
25,0.2,62,bot4,1,success,25,0,8.989,0
25,0.2,63,bot4,1,success,29,0,10.611,0
25,0.2,64,bot4,1,success,14,0,4.652,0
25,0.2,65,bot4,1,success,12,0,4.352,1
25,0.2,66,bot4,1,success,31,0,23.345,0
25,0.2,67,bot4,1,success,28,0,13.938,0
25,0.2,68,bot4,1,success,29,0,14.952,0
25,0.2,69,bot4,1,success,20,0,7.289,0
25,0.2,70,bot4,1,success,2,0,0.679,1
25,0.2,71,bot4,1,success,33,0,24.488,0
25,0.2,72,bot4,1,success,14,0,4.603,1
25,0.2,73,bot4,1,success,29,0,14.062,1
25,0.2,74,bot4,1,success,8,0,2.947,0
25,0.2,75,bot4,1,success,22,0,7.391,1
25,0.2,76,bot4,1,success,23,0,7.914,0
25,0.2,77,bot4,1,success,9,0,2.843,1
25,0.2,78,bot4,1,success,12,0,3.645,1
25,0.2,79,bot4,0,trapped,0,0,0.858,0
25,0.2,80,bot4,1,success,21,0,7.166,1
25,0.2,81,bot4,0,caught,32,0,12.862,0
25,0.2,82,bot4,1,success,18,0,14.441,1
25,0.2,83,bot4,0,trapped,31,0,33.917,0
25,0.2,84,bot4,1,success,31,0,24.407,0
25,0.2,85,bot4,1,success,26,0,14.172,0
25,0.2,86,bot4,1,success,31,0,15.958,0
25,0.2,87,bot4,1,success,29,0,18.832,1
25,0.2,88,bot4,1,success,25,0,8.398,0
25,0.2,89,bot4,0,button_burned,5,0,2.18,0
25,0.2,90,bot4,0,caught,1,0,0.445,0
25,0.2,91,bot4,1,success,12,0,4.235,1
25,0.2,92,bot4,1,success,17,0,6.931,0
25,0.2,93,bot4,1,success,32,0,12.986,0
25,0.2,94,bot4,1,success,29,0,15.036,0
25,0.2,95,bot4,1,success,33,0,13.172,0
25,0.2,96,bot4,1,success,4,0,1.468,1
25,0.2,97,bot4,1,success,13,0,6.061,1
25,0.2,98,bot4,1,success,33,0,13.552,0
25,0.2,99,bot4,1,success,20,0,15.357,0
25,0.2,100,bot4,1,success,28,0,14.781,0
25,0.2,101,bot4,1,success,18,0,6.102,1
25,0.2,102,bot4,1,success,30,1,10.801,0
25,0.2,103,bot4,1,success,18,0,5.824,0
25,0.2,104,bot4,1,success,27,0,10.219,0
25,0.2,105,bot4,1,success,23,0,16.163,0
25,0.2,106,bot4,1,success,23,0,7.662,1
25,0.2,107,bot4,1,success,42,1,32.778,0
25,0.2,108,bot4,1,success,22,0,12.834,0
25,0.2,109,bot4,1,success,10,0,3.381,1
25,0.2,110,bot4,1,success,20,0,6.726,0
25,0.2,111,bot4,1,success,14,0,4.362,1
25,0.2,112,bot4,1,success,19,0,6.674,0
25,0.2,113,bot4,1,success,10,0,3.019,1
25,0.2,114,bot4,1,success,12,0,3.752,1
25,0.2,115,bot4,1,success,23,0,24.67,1
25,0.2,116,bot4,1,success,46,0,47.568,0
25,0.2,117,bot4,1,success,23,0,12.554,1
25,0.2,118,bot4,1,success,23,0,68.633,1
25,0.2,119,bot4,1,success,8,0,2.775,1
25,0.2,120,bot4,1,success,24,0,7.767,1
25,0.2,121,bot4,1,success,8,0,2.441,1
25,0.2,122,bot4,1,success,9,0,2.885,1
25,0.2,123,bot4,1,success,8,0,2.78,1
25,0.2,124,bot4,1,success,37,0,13.537,0
25,0.2,125,bot4,1,success,6,0,2.034,1
25,0.2,126,bot4,1,success,25,0,10.39,1
25,0.2,127,bot4,1,success,16,0,5.667,1
25,0.2,128,bot4,1,success,17,0,5.728,1
25,0.2,129,bot4,0,button_burned,26,0,10.943,0
25,0.2,130,bot4,1,success,2,0,0.696,1
25,0.2,131,bot4,1,success,24,0,8.851,0
25,0.2,132,bot4,1,success,30,0,11.252,0
25,0.2,133,bot4,1,success,28,0,10.448,1
25,0.2,134,bot4,0,trapped,33,5,15.154,0
25,0.2,135,bot4,1,success,24,0,8.235,0
25,0.2,136,bot4,1,success,9,0,3.058,0
25,0.2,137,bot4,1,success,19,0,6.962,0
25,0.2,138,bot4,1,success,28,0,10.565,1
25,0.2,139,bot4,1,success,6,0,2.465,1
25,0.2,140,bot4,1,success,17,0,6.124,1
25,0.2,141,bot4,1,success,26,0,9.913,0
25,0.2,142,bot4,1,success,29,0,27.775,0
25,0.2,143,bot4,1,success,7,0,6.469,1
25,0.2,144,bot4,1,success,44,2,20.386,0
25,0.2,145,bot4,1,success,13,0,4.66,1
25,0.2,146,bot4,1,success,19,0,6.723,1
25,0.2,147,bot4,1,success,15,0,13.305,1
25,0.2,148,bot4,1,success,23,0,16.241,1
25,0.2,149,bot4,1,success,31,0,27.598,0
25,0.2,150,bot4,1,success,39,6,17.243,0
25,0.2,151,bot4,0,trapped,19,0,10.215,0
25,0.2,152,bot4,1,success,11,0,4.363,1
25,0.2,153,bot4,1,success,27,0,9.5,1
25,0.2,154,bot4,1,success,39,0,18.143,0
25,0.2,155,bot4,1,success,20,0,19.073,1
25,0.2,156,bot4,1,success,38,0,34.504,0
25,0.2,157,bot4,0,button_burned,18,0,14.854,0
25,0.2,158,bot4,1,success,20,0,11.029,1
25,0.2,159,bot4,1,success,17,0,18.272,1
25,0.2,160,bot4,1,success,12,0,4.285,1
25,0.2,161,bot4,1,success,20,0,6.673,0
25,0.2,162,bot4,1,success,18,0,6.251,1
25,0.2,163,bot4,1,success,27,0,10.007,1
25,0.2,164,bot4,1,success,13,0,4.754,1
25,0.2,165,bot4,1,success,27,0,10.418,1
25,0.2,166,bot4,1,success,11,0,4.023,1
25,0.2,167,bot4,1,success,27,0,17.487,0
25,0.2,168,bot4,1,success,31,0,19.486,0
25,0.2,169,bot4,1,success,23,0,16.149,0
25,0.2,170,bot4,1,success,17,0,6.306,1
25,0.2,171,bot4,1,success,28,0,11.238,0
25,0.2,172,bot4,1,success,35,0,12.454,0
25,0.2,173,bot4,1,success,39,1,15.035,0
25,0.2,174,bot4,1,success,25,0,8.868,0
25,0.2,175,bot4,1,success,6,0,2.078,1
25,0.2,176,bot4,1,success,16,0,6.127,0
25,0.2,177,bot4,1,success,23,0,8.827,0
25,0.2,178,bot4,1,success,19,0,6.699,0
25,0.2,179,bot4,1,success,27,0,10.137,0
25,0.2,180,bot4,1,success,23,0,19.664,1
25,0.2,181,bot4,1,success,32,0,27.453,0
25,0.2,182,bot4,1,success,7,0,2.363,1
25,0.2,183,bot4,1,success,36,0,21.85,1
25,0.2,184,bot4,1,success,40,0,30.823,0
25,0.2,185,bot4,1,success,30,0,10.799,1
25,0.2,186,bot4,1,success,25,0,8.754,0
25,0.2,187,bot4,1,success,31,0,12.569,0
25,0.2,188,bot4,1,success,17,0,5.678,1
25,0.2,189,bot4,0,button_burned,11,0,8.616,0
25,0.2,190,bot4,1,success,11,0,3.62,1
25,0.2,191,bot4,1,success,36,0,13.956,0
25,0.2,192,bot4,1,success,34,0,11.917,0
25,0.2,193,bot4,1,success,25,0,8.464,0
25,0.2,194,bot4,1,success,16,0,5.393,1
25,0.2,195,bot4,1,success,4,0,1.349,1
25,0.2,196,bot4,1,success,16,0,5.769,0
25,0.2,197,bot4,1,success,31,0,23.929,0
25,0.2,198,bot4,1,success,21,0,7.326,1
25,0.2,199,bot4,1,success,30,0,10.229,0
25,0.3,0,bot4,1,success,19,0,6.218,1
25,0.3,1,bot4,1,success,19,0,10.604,1
25,0.3,2,bot4,1,success,18,0,7.396,1
25,0.3,3,bot4,1,success,7,0,3.397,1
25,0.3,4,bot4,1,success,7,0,2.219,1
25,0.3,5,bot4,1,success,11,0,3.792,1
25,0.3,6,bot4,0,caught,5,0,2.356,0
25,0.3,7,bot4,1,success,11,0,3.798,1
25,0.3,8,bot4,1,success,12,0,7.811,1
25,0.3,9,bot4,1,success,22,0,15.622,1
25,0.3,10,bot4,1,success,32,0,27.243,0
25,0.3,11,bot4,1,success,4,0,1.342,1
25,0.3,12,bot4,1,success,5,0,1.531,1
25,0.3,13,bot4,0,trapped,0,0,0.446,0
25,0.3,14,bot4,1,success,17,0,9.708,1
25,0.3,15,bot4,0,trapped,17,0,13.733,0
25,0.3,16,bot4,1,success,10,0,3.104,1
25,0.3,17,bot4,1,success,2,0,0.682,1
25,0.3,18,bot4,1,success,4,0,1.35,1
25,0.3,19,bot4,1,success,24,0,8.801,0
25,0.3,20,bot4,1,success,14,0,4.845,0
25,0.3,21,bot4,1,success,37,0,13.5,1
25,0.3,22,bot4,1,success,14,0,4.342,1
25,0.3,23,bot4,0,trapped,22,2,10.172,0
25,0.3,24,bot4,1,success,18,0,6.883,1
25,0.3,25,bot4,1,success,36,0,17.054,0
25,0.3,26,bot4,0,button_burned,8,0,3.966,0
25,0.3,27,bot4,1,success,25,0,10.06,0
25,0.3,28,bot4,1,success,26,0,11.65,1
25,0.3,29,bot4,1,success,35,0,13.65,0
25,0.3,30,bot4,1,success,6,0,1.851,1
25,0.3,31,bot4,1,success,18,0,5.969,1
25,0.3,32,bot4,0,button_burned,13,0,5.718,0
25,0.3,33,bot4,1,success,28,0,15.21,0
25,0.3,34,bot4,1,success,21,0,23.967,1
25,0.3,35,bot4,1,success,15,0,5.059,1
25,0.3,36,bot4,1,success,28,0,9.649,0
25,0.3,37,bot4,1,success,18,0,5.746,0
25,0.3,38,bot4,1,success,35,0,12.385,0
25,0.3,39,bot4,1,success,8,0,2.749,1
25,0.3,40,bot4,1,success,13,0,12.22,1
25,0.3,41,bot4,1,success,17,0,13.916,0
25,0.3,42,bot4,1,success,13,0,6.792,1
25,0.3,43,bot4,1,success,46,0,29.754,0
25,0.3,44,bot4,1,success,36,0,25.285,0
25,0.3,45,bot4,1,success,22,0,8.62,1
25,0.3,46,bot4,1,success,4,0,1.496,1
25,0.3,47,bot4,1,success,11,0,3.702,1
25,0.3,48,bot4,1,success,23,0,8.386,0
25,0.3,49,bot4,0,button_burned,9,0,5.488,0
25,0.3,50,bot4,1,success,15,0,9.368,1
25,0.3,51,bot4,1,success,49,1,30.949,0
25,0.3,52,bot4,1,success,3,0,1.004,1
25,0.3,53,bot4,0,trapped,9,0,17.667,0
25,0.3,54,bot4,1,success,27,0,9.62,1
25,0.3,55,bot4,1,success,36,0,22.656,1
25,0.3,56,bot4,1,success,17,0,9.62,1
25,0.3,57,bot4,1,success,16,0,17.573,1
25,0.3,58,bot4,1,success,19,0,6.345,1
25,0.3,59,bot4,1,success,25,0,12.228,0
25,0.3,60,bot4,1,success,8,0,2.489,0
25,0.3,61,bot4,0,trapped,25,0,11.368,0
25,0.3,62,bot4,1,success,25,0,9.401,0
25,0.3,63,bot4,1,success,29,0,10.752,0
25,0.3,64,bot4,1,success,14,0,4.96,0
25,0.3,65,bot4,1,success,12,0,6.126,1
25,0.3,66,bot4,1,success,31,0,14.019,0
25,0.3,67,bot4,1,success,28,0,9.396,0
25,0.3,68,bot4,1,success,29,0,10.814,0
25,0.3,69,bot4,1,success,20,0,6.506,0
25,0.3,70,bot4,1,success,2,0,0.611,1
25,0.3,71,bot4,1,success,33,0,12.311,0
25,0.3,72,bot4,1,success,14,0,4.64,1
25,0.3,73,bot4,1,success,29,0,10.197,1
25,0.3,74,bot4,1,success,8,0,2.675,0
25,0.3,75,bot4,1,success,22,0,7.259,1
25,0.3,76,bot4,1,success,23,0,16.063,0
25,0.3,77,bot4,1,success,9,0,6.815,1
25,0.3,78,bot4,1,success,12,0,3.873,1
25,0.3,79,bot4,0,trapped,0,0,0.893,0
25,0.3,80,bot4,1,success,21,0,15.066,1
25,0.3,81,bot4,0,caught,29,1,30.921,0
25,0.3,82,bot4,1,success,18,0,9.959,1
25,0.3,83,bot4,0,trapped,17,0,24.519,0
25,0.3,84,bot4,1,success,31,0,20.276,0
25,0.3,85,bot4,1,success,26,0,9.751,0
25,0.3,86,bot4,0,button_burned,23,0,9.078,0
25,0.3,87,bot4,1,success,29,0,10.371,1
25,0.3,88,bot4,1,success,25,0,8.21,0
25,0.3,89,bot4,0,button_burned,5,0,2.656,0
25,0.3,90,bot4,0,caught,1,0,0.331,0
25,0.3,91,bot4,1,success,12,0,4.196,1
25,0.3,92,bot4,1,success,17,0,5.819,0
25,0.3,93,bot4,0,button_burned,30,0,11.091,0
25,0.3,94,bot4,1,success,29,0,11.47,0
25,0.3,95,bot4,1,success,33,0,10.911,0
25,0.3,96,bot4,1,success,4,0,1.348,1
25,0.3,97,bot4,1,success,13,0,4.101,1
25,0.3,98,bot4,1,success,33,0,12.183,0
25,0.3,99,bot4,1,success,20,0,7.506,0
25,0.3,100,bot4,0,button_burned,19,0,7.399,0
25,0.3,101,bot4,1,success,18,0,5.789,1
25,0.3,102,bot4,1,success,30,1,10.394,0
25,0.3,103,bot4,1,success,18,0,5.969,0
25,0.3,104,bot4,0,caught,21,0,7.525,0
25,0.3,105,bot4,0,button_burned,33,0,28.504,0
25,0.3,106,bot4,1,success,23,0,16.682,1
25,0.3,107,bot4,1,success,40,0,29.029,0
25,0.3,108,bot4,1,success,22,0,7.909,0
25,0.3,109,bot4,1,success,10,0,3.397,1
25,0.3,110,bot4,1,success,20,0,11.44,0
25,0.3,111,bot4,1,success,14,0,13.331,1
25,0.3,112,bot4,0,trapped,10,2,12.768,0
25,0.3,113,bot4,1,success,10,0,3.524,1
25,0.3,114,bot4,1,success,12,0,8.588,1
25,0.3,115,bot4,1,success,23,0,8.25,1
25,0.3,116,bot4,1,success,46,0,28.446,0
25,0.3,117,bot4,1,success,23,0,8.493,1
25,0.3,118,bot4,1,success,23,0,12.971,1
25,0.3,119,bot4,1,success,8,0,4.582,1
25,0.3,120,bot4,1,success,24,0,8.012,1
25,0.3,121,bot4,1,success,8,0,2.61,1
25,0.3,122,bot4,1,success,9,0,2.829,1
25,0.3,123,bot4,1,success,8,0,2.851,1
25,0.3,124,bot4,1,success,37,0,13.306,0
25,0.3,125,bot4,1,success,6,0,1.807,1
25,0.3,126,bot4,1,success,25,0,13.525,1
25,0.3,127,bot4,1,success,16,0,10.288,1
25,0.3,128,bot4,1,success,17,0,10.454,1
25,0.3,129,bot4,0,button_burned,20,0,20.919,0
25,0.3,130,bot4,1,success,2,0,0.763,1
25,0.3,131,bot4,1,success,24,0,9.28,0
25,0.3,132,bot4,1,success,30,0,12.284,0
25,0.3,133,bot4,1,success,28,0,10.855,1
25,0.3,134,bot4,0,trapped,26,6,15.789,0
25,0.3,135,bot4,1,success,24,0,21.603,0
25,0.3,136,bot4,1,success,9,0,3.71,0
25,0.3,137,bot4,1,success,19,0,9.143,0
25,0.3,138,bot4,1,success,28,0,10.745,1
25,0.3,139,bot4,1,success,6,0,2.076,1
25,0.3,140,bot4,1,success,17,0,6.748,1
25,0.3,141,bot4,1,success,26,0,11.338,0
25,0.3,142,bot4,0,trapped,25,0,11.813,0
25,0.3,143,bot4,1,success,7,0,2.564,1
25,0.3,144,bot4,0,trapped,34,2,19.665,0
25,0.3,145,bot4,1,success,13,0,4.788,1
25,0.3,146,bot4,1,success,19,0,7.05,1
25,0.3,147,bot4,1,success,15,0,5.453,1
25,0.3,148,bot4,1,success,23,0,16.443,1
25,0.3,149,bot4,1,success,31,0,24.493,0
25,0.3,150,bot4,1,success,25,0,21.349,0
25,0.3,151,bot4,0,button_burned,26,0,29.342,0
25,0.3,152,bot4,1,success,11,0,7.673,1
25,0.3,153,bot4,1,success,27,0,25.768,1
25,0.3,154,bot4,1,success,39,0,24.142,0
25,0.3,155,bot4,1,success,20,0,7.348,1
25,0.3,156,bot4,0,trapped,34,4,16.91,0
25,0.3,157,bot4,0,button_burned,12,0,6.009,0
25,0.3,158,bot4,1,success,20,0,7.983,1
25,0.3,159,bot4,1,success,17,0,6.32,1
25,0.3,160,bot4,1,success,12,0,4.107,1
25,0.3,161,bot4,1,success,20,0,6.5,0
25,0.3,162,bot4,1,success,18,0,6.017,1
25,0.3,163,bot4,1,success,27,0,9.893,1
25,0.3,164,bot4,1,success,13,0,4.497,1
25,0.3,165,bot4,1,success,27,0,14.137,1
25,0.3,166,bot4,1,success,11,0,3.559,1
25,0.3,167,bot4,1,success,27,0,9.853,0
25,0.3,168,bot4,1,success,31,0,11.766,0
25,0.3,169,bot4,1,success,31,2,11.377,0
25,0.3,170,bot4,1,success,17,0,9.997,1
25,0.3,171,bot4,1,success,28,0,18.912,0
25,0.3,172,bot4,1,success,43,1,29.064,0
25,0.3,173,bot4,1,success,39,1,14.821,0
25,0.3,174,bot4,1,success,29,2,10.478,0
25,0.3,175,bot4,1,success,6,0,1.968,1
25,0.3,176,bot4,1,success,16,0,6.277,0
25,0.3,177,bot4,1,success,23,0,8.397,0
25,0.3,178,bot4,1,success,19,0,7.116,0
25,0.3,179,bot4,1,success,27,0,10.253,0
25,0.3,180,bot4,1,success,23,0,19.856,1
25,0.3,181,bot4,1,success,32,0,31.891,0
25,0.3,182,bot4,1,success,7,0,2.442,1
25,0.3,183,bot4,1,success,36,0,38.915,1
25,0.3,184,bot4,1,success,40,0,36.014,0
25,0.3,185,bot4,1,success,30,0,10.937,1
25,0.3,186,bot4,1,success,25,0,8.807,0
25,0.3,187,bot4,1,success,31,0,12.206,0
25,0.3,188,bot4,1,success,17,0,6.915,1
25,0.3,189,bot4,0,button_burned,6,0,4.255,0
25,0.3,190,bot4,1,success,11,0,9.021,1
25,0.3,191,bot4,0,trapped,18,3,17.836,0
25,0.3,192,bot4,1,success,34,0,25.017,0
25,0.3,193,bot4,1,success,25,0,21.337,0
25,0.3,194,bot4,1,success,16,0,16.088,1
25,0.3,195,bot4,1,success,4,0,1.336,1
25,0.3,196,bot4,1,success,16,0,5.581,0
25,0.3,197,bot4,1,success,31,0,11.685,0
25,0.3,198,bot4,1,success,21,0,7.673,1
25,0.3,199,bot4,1,success,30,0,12.043,0
25,0.4,0,bot4,1,success,19,0,7.325,1
25,0.4,1,bot4,1,success,19,0,7.152,1
25,0.4,2,bot4,1,success,18,0,6.502,1
25,0.4,3,bot4,1,success,7,0,3.894,1
25,0.4,4,bot4,1,success,7,0,3.752,1
25,0.4,5,bot4,1,success,11,0,3.834,1
25,0.4,6,bot4,0,trapped,3,0,1.835,0
25,0.4,7,bot4,1,success,11,0,3.965,1
25,0.4,8,bot4,1,success,12,0,4.268,1
25,0.4,9,bot4,1,success,22,0,8.028,1
25,0.4,10,bot4,0,caught,30,0,17.718,0
25,0.4,11,bot4,1,success,4,0,1.899,1
25,0.4,12,bot4,1,success,5,0,1.814,1
25,0.4,13,bot4,0,trapped,0,0,0.564,0
25,0.4,14,bot4,1,success,17,0,6.005,1
25,0.4,15,bot4,0,trapped,14,0,12.421,0
25,0.4,16,bot4,1,success,10,0,3.605,1
25,0.4,17,bot4,1,success,2,0,0.708,1
25,0.4,18,bot4,1,success,4,0,1.499,1
25,0.4,19,bot4,1,success,24,0,9.017,0
25,0.4,20,bot4,1,success,14,0,5.255,0
25,0.4,21,bot4,1,success,37,0,18.125,1
25,0.4,22,bot4,1,success,14,0,12.622,1
25,0.4,23,bot4,0,trapped,19,2,19.035,0
25,0.4,24,bot4,1,success,18,0,6.481,1
25,0.4,25,bot4,0,button_burned,34,0,28.045,0
25,0.4,26,bot4,0,button_burned,10,0,5.158,0
25,0.4,27,bot4,0,trapped,20,0,11.85,0
25,0.4,28,bot4,1,success,26,0,10.319,1
25,0.4,29,bot4,0,trapped,32,0,15.75,0
25,0.4,30,bot4,1,success,6,0,2.099,1
25,0.4,31,bot4,1,success,18,0,6.47,1
25,0.4,32,bot4,0,trapped,17,0,7.646,0
25,0.4,33,bot4,1,success,28,0,25.587,0
25,0.4,34,bot4,1,success,21,0,15.701,1
25,0.4,35,bot4,1,success,15,0,5.372,1
25,0.4,36,bot4,0,trapped,21,0,11.891,0
25,0.4,37,bot4,1,success,18,0,6.085,0
25,0.4,38,bot4,1,success,35,0,13.658,0
25,0.4,39,bot4,1,success,8,0,2.754,1
25,0.4,40,bot4,1,success,13,0,13.299,1
25,0.4,41,bot4,1,success,17,0,18.367,0
25,0.4,42,bot4,1,success,13,0,12.477,1
25,0.4,43,bot4,1,success,46,0,27.904,0
25,0.4,44,bot4,1,success,36,0,14.237,0
25,0.4,45,bot4,1,success,22,0,12.875,1
25,0.4,46,bot4,1,success,4,0,5.412,1
25,0.4,47,bot4,1,success,11,0,7.78,1
25,0.4,48,bot4,1,success,23,0,12.563,0
25,0.4,49,bot4,0,trapped,15,0,30.687,0
25,0.4,50,bot4,1,success,15,0,6.167,1
25,0.4,51,bot4,1,success,49,1,22.998,0
25,0.4,52,bot4,1,success,3,0,1.128,1
25,0.4,53,bot4,0,trapped,9,0,5.713,0
25,0.4,54,bot4,1,success,27,0,14.673,1
25,0.4,55,bot4,1,success,36,0,16.12,1
25,0.4,56,bot4,1,success,17,0,6.045,1
25,0.4,57,bot4,1,success,16,0,5.801,1
25,0.4,58,bot4,1,success,19,0,6.819,1
25,0.4,59,bot4,1,success,25,0,9.378,0
25,0.4,60,bot4,1,success,8,0,2.773,0
25,0.4,61,bot4,0,trapped,27,0,12.577,0
25,0.4,62,bot4,1,success,25,0,13.216,0
25,0.4,63,bot4,1,success,29,0,23.164,0
25,0.4,64,bot4,1,success,14,0,8.784,0
25,0.4,65,bot4,1,success,12,0,6.048,1
25,0.4,66,bot4,1,success,31,0,11.376,0
25,0.4,67,bot4,1,success,28,0,10.329,0
25,0.4,68,bot4,0,trapped,28,1,11.513,0
25,0.4,69,bot4,1,success,20,0,7.574,0
25,0.4,70,bot4,1,success,2,0,0.612,1
25,0.4,71,bot4,1,success,33,0,16.142,0
25,0.4,72,bot4,1,success,14,0,4.979,1
25,0.4,73,bot4,1,success,29,0,10.766,1
25,0.4,74,bot4,1,success,8,0,2.774,0
25,0.4,75,bot4,1,success,22,0,7.948,1
25,0.4,76,bot4,1,success,23,0,13.008,0
25,0.4,77,bot4,1,success,9,0,7.132,1
25,0.4,78,bot4,1,success,12,0,4.487,1
25,0.4,79,bot4,0,trapped,0,0,0.848,0
25,0.4,80,bot4,1,success,21,0,7.676,1
25,0.4,81,bot4,0,trapped,29,1,17.401,0
25,0.4,82,bot4,1,success,18,0,11.215,1
25,0.4,83,bot4,0,trapped,16,0,10.422,0
25,0.4,84,bot4,1,success,31,0,14.771,0
25,0.4,85,bot4,0,trapped,23,0,9.899,0
25,0.4,86,bot4,0,button_burned,22,0,9.452,0
25,0.4,87,bot4,1,success,29,0,30.976,1
25,0.4,88,bot4,1,success,25,0,21.466,0
25,0.4,89,bot4,0,button_burned,4,0,2.201,0
25,0.4,90,bot4,0,caught,1,0,0.373,0
25,0.4,91,bot4,1,success,12,0,3.983,1
25,0.4,92,bot4,0,button_burned,20,0,10.875,0
25,0.4,93,bot4,0,button_burned,21,0,9.001,0
25,0.4,94,bot4,1,success,29,0,10.822,0
25,0.4,95,bot4,1,success,33,0,24.443,0
25,0.4,96,bot4,1,success,4,0,1.389,1
25,0.4,97,bot4,1,success,13,0,12.367,1
25,0.4,98,bot4,0,trapped,20,1,24.798,0
25,0.4,99,bot4,1,success,20,0,20.561,0
25,0.4,100,bot4,0,button_burned,17,0,7.864,0
25,0.4,101,bot4,1,success,18,0,6.592,1
25,0.4,102,bot4,0,trapped,21,1,9.781,0
25,0.4,103,bot4,1,success,18,0,6.211,0
25,0.4,104,bot4,0,trapped,16,0,7.812,0
25,0.4,105,bot4,0,button_burned,25,1,10.501,0
25,0.4,106,bot4,1,success,23,0,7.815,1
25,0.4,107,bot4,1,success,42,1,17.033,0
25,0.4,108,bot4,1,success,22,0,8.022,0
25,0.4,109,bot4,1,success,10,0,3.625,1
25,0.4,110,bot4,1,success,20,0,11.529,0
25,0.4,111,bot4,1,success,14,0,9.287,1
25,0.4,112,bot4,0,trapped,9,1,12.551,0
25,0.4,113,bot4,1,success,10,0,7.744,1
25,0.4,114,bot4,1,success,12,0,12.495,1
25,0.4,115,bot4,1,success,23,0,8.905,1
25,0.4,116,bot4,1,success,46,0,21.571,0
25,0.4,117,bot4,1,success,23,0,8.524,1
25,0.4,118,bot4,1,success,23,0,8.724,1
25,0.4,119,bot4,1,success,8,0,2.867,1
25,0.4,120,bot4,1,success,24,0,9.533,1
25,0.4,121,bot4,1,success,8,0,3.081,1
25,0.4,122,bot4,1,success,9,0,3.2,1
25,0.4,123,bot4,1,success,8,0,3.311,1
25,0.4,124,bot4,1,success,37,0,15.304,0
25,0.4,125,bot4,1,success,6,0,2.132,1
25,0.4,126,bot4,1,success,25,0,26.138,1
25,0.4,127,bot4,1,success,16,0,17.794,1
25,0.4,128,bot4,1,success,17,0,6.144,1
25,0.4,129,bot4,0,button_burned,15,0,7.525,0
25,0.4,130,bot4,1,success,2,0,0.692,1
25,0.4,131,bot4,1,success,24,0,9.209,0
25,0.4,132,bot4,1,success,30,0,20.579,0
25,0.4,133,bot4,1,success,28,0,19.023,1
25,0.4,134,bot4,1,success,36,4,30.654,0
25,0.4,135,bot4,1,success,24,0,9.222,0
25,0.4,136,bot4,1,success,9,0,3.216,0
25,0.4,137,bot4,1,success,21,1,7.431,0
25,0.4,138,bot4,1,success,28,0,10.15,1
25,0.4,139,bot4,1,success,6,0,1.957,1
25,0.4,140,bot4,1,success,17,0,6.555,1
25,0.4,141,bot4,1,success,26,0,15.62,0
25,0.4,142,bot4,0,trapped,21,0,21.873,0
25,0.4,143,bot4,1,success,7,0,6.301,1
25,0.4,144,bot4,0,trapped,31,2,17.076,0
25,0.4,145,bot4,1,success,13,0,4.401,1
25,0.4,146,bot4,1,success,19,0,6.654,1
25,0.4,147,bot4,1,success,15,0,7.887,1
25,0.4,148,bot4,1,success,23,0,8.177,1
25,0.4,149,bot4,1,success,31,0,11.993,0
25,0.4,150,bot4,1,success,25,0,8.809,0
25,0.4,151,bot4,0,button_burned,24,1,11.815,0
25,0.4,152,bot4,1,success,11,0,12.518,1
25,0.4,153,bot4,1,success,27,0,14.788,1
25,0.4,154,bot4,1,success,39,0,32.801,0
25,0.4,155,bot4,1,success,20,0,7.303,1
25,0.4,156,bot4,0,trapped,28,0,39.168,0
25,0.4,157,bot4,0,button_burned,13,0,9.488,0
25,0.4,158,bot4,1,success,20,0,15.305,1
25,0.4,159,bot4,1,success,17,0,10.788,1
25,0.4,160,bot4,1,success,12,0,4.289,1
25,0.4,161,bot4,1,success,20,0,7.28,0
25,0.4,162,bot4,1,success,18,0,6.562,1
25,0.4,163,bot4,1,success,27,0,10.628,1
25,0.4,164,bot4,1,success,13,0,5.302,1
25,0.4,165,bot4,1,success,27,0,10.503,1
25,0.4,166,bot4,1,success,11,0,4.286,1
25,0.4,167,bot4,1,success,27,0,10.566,0
25,0.4,168,bot4,1,success,31,0,11.845,0
25,0.4,169,bot4,1,success,29,3,11.468,0
25,0.4,170,bot4,1,success,17,0,6.343,1
25,0.4,171,bot4,0,trapped,16,0,8.1,0
25,0.4,172,bot4,1,success,35,0,13.422,0
25,0.4,173,bot4,0,trapped,26,1,11.549,0
25,0.4,174,bot4,1,success,29,2,10.95,0
25,0.4,175,bot4,1,success,6,0,2.121,1
25,0.4,176,bot4,1,success,16,0,5.529,0
25,0.4,177,bot4,1,success,23,0,8.035,0
25,0.4,178,bot4,1,success,19,0,6.775,0
25,0.4,179,bot4,0,button_burned,17,0,7.683,0
25,0.4,180,bot4,1,success,23,0,12.137,1
25,0.4,181,bot4,1,success,32,0,20.77,0
25,0.4,182,bot4,1,success,7,0,2.445,1
25,0.4,183,bot4,1,success,36,0,33.291,1
25,0.4,184,bot4,1,success,40,0,15.664,0
25,0.4,185,bot4,1,success,30,0,19.431,1
25,0.4,186,bot4,1,success,25,0,17.424,0
25,0.4,187,bot4,1,success,31,0,28.78,0
25,0.4,188,bot4,1,success,17,0,10.791,1
25,0.4,189,bot4,0,button_burned,4,0,4.161,0
25,0.4,190,bot4,1,success,11,0,3.929,1
25,0.4,191,bot4,0,trapped,10,1,6.297,0
25,0.4,192,bot4,1,success,34,0,12.774,0
25,0.4,193,bot4,1,success,25,0,9.466,0
25,0.4,194,bot4,1,success,16,0,17.727,1
25,0.4,195,bot4,1,success,4,0,1.446,1
25,0.4,196,bot4,1,success,20,2,7.279,0
25,0.4,197,bot4,1,success,31,0,13.04,0
25,0.4,198,bot4,1,success,21,0,7.438,1
25,0.4,199,bot4,1,success,30,0,11.87,0
25,0.5,0,bot4,1,success,19,0,10.908,1
25,0.5,1,bot4,1,success,19,0,15.453,1
25,0.5,2,bot4,1,success,18,0,6.698,1
25,0.5,3,bot4,1,success,7,0,3.28,1
25,0.5,4,bot4,1,success,7,0,2.452,1
25,0.5,5,bot4,1,success,11,0,3.986,1
25,0.5,6,bot4,0,trapped,3,0,2.06,0
25,0.5,7,bot4,1,success,11,0,4.13,1
25,0.5,8,bot4,1,success,12,0,4.874,1
25,0.5,9,bot4,1,success,22,0,8.85,1
25,0.5,10,bot4,0,button_burned,30,2,12.908,0
25,0.5,11,bot4,1,success,4,0,1.581,1
25,0.5,12,bot4,1,success,5,0,2.149,1
25,0.5,13,bot4,0,trapped,0,0,0.594,0
25,0.5,14,bot4,1,success,17,0,6.886,1
25,0.5,15,bot4,0,trapped,10,0,26.007,0
25,0.5,16,bot4,1,success,10,0,3.627,1
25,0.5,17,bot4,1,success,2,0,0.733,1
25,0.5,18,bot4,1,success,4,0,5.461,1
25,0.5,19,bot4,0,button_burned,23,0,21.549,0
25,0.5,20,bot4,1,success,14,0,5.711,0
25,0.5,21,bot4,1,success,37,0,15.381,1
25,0.5,22,bot4,1,success,14,0,5.616,1
25,0.5,23,bot4,0,trapped,14,1,9.335,0
25,0.5,24,bot4,1,success,18,0,7.836,1
25,0.5,25,bot4,0,trapped,32,2,31.787,0
25,0.5,26,bot4,0,button_burned,10,0,14.147,0
25,0.5,27,bot4,0,trapped,16,4,21.893,0
25,0.5,28,bot4,1,success,26,0,18.418,1
25,0.5,29,bot4,0,trapped,28,0,21.556,0
25,0.5,30,bot4,1,success,6,0,2.045,1
25,0.5,31,bot4,1,success,18,0,7.332,1
25,0.5,32,bot4,0,button_burned,14,0,6.104,0
25,0.5,33,bot4,1,success,28,0,10.402,0
25,0.5,34,bot4,1,success,21,0,8.2,1
25,0.5,35,bot4,1,success,15,0,5.733,1
25,0.5,36,bot4,0,trapped,21,2,15.443,0
25,0.5,37,bot4,1,success,18,0,7.368,0
25,0.5,38,bot4,1,success,35,0,13.765,0
25,0.5,39,bot4,1,success,8,0,3.171,1
25,0.5,40,bot4,1,success,13,0,5.853,1
25,0.5,41,bot4,1,success,17,0,6.832,0
25,0.5,42,bot4,1,success,13,0,6.108,1
25,0.5,43,bot4,1,success,46,0,42.07,0
25,0.5,44,bot4,1,success,36,0,26.62,0
25,0.5,45,bot4,1,success,22,0,20.436,1
25,0.5,46,bot4,1,success,4,0,1.499,1
25,0.5,47,bot4,1,success,11,0,3.975,1
25,0.5,48,bot4,1,success,23,0,8.499,0
25,0.5,49,bot4,0,button_burned,5,0,4.906,0
25,0.5,50,bot4,1,success,15,0,17.618,1
25,0.5,51,bot4,1,success,45,2,38.154,0
25,0.5,52,bot4,1,success,3,0,1.081,1
25,0.5,53,bot4,0,trapped,8,0,5.151,0
25,0.5,54,bot4,1,success,27,0,10.344,1
25,0.5,55,bot4,1,success,36,0,15.285,1
25,0.5,56,bot4,1,success,17,0,5.769,1
25,0.5,57,bot4,1,success,16,0,5.547,1
25,0.5,58,bot4,1,success,19,0,6.141,1
25,0.5,59,bot4,0,button_burned,24,0,8.768,0
25,0.5,60,bot4,1,success,8,0,2.715,0
25,0.5,61,bot4,0,trapped,16,0,9.15,0
25,0.5,62,bot4,1,success,25,0,9.192,0
25,0.5,63,bot4,1,success,29,0,13.358,0
25,0.5,64,bot4,1,success,14,0,11.959,0
25,0.5,65,bot4,1,success,12,0,7.887,1
25,0.5,66,bot4,1,success,31,0,28.417,0
25,0.5,67,bot4,1,success,32,2,27.426,0
25,0.5,68,bot4,0,trapped,24,1,15.103,0
25,0.5,69,bot4,0,button_burned,22,3,16.306,0
25,0.5,70,bot4,1,success,2,0,0.761,1
25,0.5,71,bot4,1,success,33,0,12.73,0
25,0.5,72,bot4,1,success,14,0,5.289,1
25,0.5,73,bot4,1,success,29,0,12.038,1
25,0.5,74,bot4,1,success,8,0,3.18,0
25,0.5,75,bot4,1,success,22,0,12.323,1
25,0.5,76,bot4,0,trapped,9,1,13.309,0
25,0.5,77,bot4,1,success,9,0,7.763,1
25,0.5,78,bot4,1,success,12,0,8.612,1
25,0.5,79,bot4,0,trapped,0,0,1.098,0
25,0.5,80,bot4,1,success,21,0,7.705,1
25,0.5,81,bot4,0,trapped,31,0,18.25,0
25,0.5,82,bot4,1,success,18,0,6.452,1
25,0.5,83,bot4,0,trapped,13,0,8.091,0
25,0.5,84,bot4,1,success,31,0,12.794,0
25,0.5,85,bot4,0,trapped,18,0,9.732,0
25,0.5,86,bot4,0,button_burned,15,0,6.866,0
25,0.5,87,bot4,1,success,29,0,11.196,1
25,0.5,88,bot4,1,success,25,0,8.479,0
25,0.5,89,bot4,0,button_burned,4,0,2.275,0
25,0.5,90,bot4,0,caught,1,0,0.376,0
25,0.5,91,bot4,1,success,12,0,8.091,1
25,0.5,92,bot4,0,button_burned,23,3,8.72,0
25,0.5,93,bot4,0,button_burned,21,0,8.947,0
25,0.5,94,bot4,1,success,29,0,11.54,0
25,0.5,95,bot4,1,success,33,0,16.673,0
25,0.5,96,bot4,1,success,4,0,1.438,1
25,0.5,97,bot4,1,success,13,0,4.559,1
25,0.5,98,bot4,0,trapped,13,0,6.993,0
25,0.5,99,bot4,1,success,20,0,7.688,0
25,0.5,100,bot4,0,button_burned,13,0,14.533,0
25,0.5,101,bot4,1,success,18,0,6.484,1
25,0.5,102,bot4,0,trapped,21,1,30.071,0
25,0.5,103,bot4,1,success,18,0,13.964,0
25,0.5,104,bot4,0,trapped,15,2,11.594,0
25,0.5,105,bot4,0,button_burned,22,1,17.124,0
25,0.5,106,bot4,1,success,23,0,24.085,1
25,0.5,107,bot4,1,success,42,1,35.991,0
25,0.5,108,bot4,1,success,22,0,7.136,0
25,0.5,109,bot4,1,success,10,0,3.383,1
25,0.5,110,bot4,1,success,20,0,7.47,0
25,0.5,111,bot4,1,success,14,0,4.893,1
25,0.5,112,bot4,0,trapped,8,1,4.06,0
25,0.5,113,bot4,1,success,10,0,3.336,1
25,0.5,114,bot4,1,success,12,0,4.071,1
25,0.5,115,bot4,1,success,23,0,8.691,1
25,0.5,116,bot4,1,success,46,0,20.177,0
25,0.5,117,bot4,1,success,23,0,7.843,1
25,0.5,118,bot4,1,success,23,0,7.445,1
25,0.5,119,bot4,1,success,8,0,6.52,1
25,0.5,120,bot4,1,success,24,0,8.556,1
25,0.5,121,bot4,1,success,8,0,2.525,1
25,0.5,122,bot4,1,success,9,0,2.766,1
25,0.5,123,bot4,1,success,8,0,2.972,1
25,0.5,124,bot4,1,success,37,0,13.151,0
25,0.5,125,bot4,1,success,6,0,1.944,1
25,0.5,126,bot4,1,success,25,0,21.509,1
25,0.5,127,bot4,1,success,16,0,13.285,1
25,0.5,128,bot4,1,success,17,0,13.842,1
25,0.5,129,bot4,0,button_burned,15,0,12.71,0
25,0.5,130,bot4,1,success,2,0,0.605,1
25,0.5,131,bot4,1,success,24,0,12.14,0
25,0.5,132,bot4,1,success,30,0,28.67,0
25,0.5,133,bot4,1,success,28,0,18.059,1
25,0.5,134,bot4,0,trapped,23,6,33.396,0
25,0.5,135,bot4,0,trapped,16,1,6.059,0
25,0.5,136,bot4,1,success,9,0,2.789,0
25,0.5,137,bot4,1,success,21,1,6.981,0
25,0.5,138,bot4,1,success,28,0,10.454,1
25,0.5,139,bot4,1,success,6,0,1.922,1
25,0.5,140,bot4,1,success,17,0,5.746,1
25,0.5,141,bot4,1,success,26,0,9.793,0
25,0.5,142,bot4,0,trapped,14,0,7.408,0
25,0.5,143,bot4,1,success,7,0,2.228,1
25,0.5,144,bot4,0,trapped,24,2,13.49,0
25,0.5,145,bot4,1,success,13,0,4.167,1
25,0.5,146,bot4,1,success,19,0,6.546,1
25,0.5,147,bot4,1,success,15,0,5.329,1
25,0.5,148,bot4,1,success,23,0,8.639,1
25,0.5,149,bot4,0,button_burned,31,1,12.139,0
25,0.5,150,bot4,1,success,25,0,9.992,0
25,0.5,151,bot4,0,button_burned,13,0,7.688,0
25,0.5,152,bot4,1,success,11,0,3.864,1
25,0.5,153,bot4,1,success,27,0,10.54,1
25,0.5,154,bot4,0,trapped,26,5,22.821,0
25,0.5,155,bot4,1,success,20,0,11.656,1
25,0.5,156,bot4,0,trapped,22,2,10.999,0
25,0.5,157,bot4,0,button_burned,11,0,4.974,0
25,0.5,158,bot4,1,success,20,0,7.789,1
25,0.5,159,bot4,1,success,17,0,6.732,1
25,0.5,160,bot4,1,success,12,0,5.539,1
25,0.5,161,bot4,1,success,20,0,7.637,0
25,0.5,162,bot4,1,success,18,0,24.953,1
25,0.5,163,bot4,1,success,27,0,22.71,1
25,0.5,164,bot4,1,success,13,0,8.5,1
25,0.5,165,bot4,1,success,27,0,19.304,1
25,0.5,166,bot4,1,success,11,0,3.834,1
25,0.5,167,bot4,1,success,27,0,10.751,0
25,0.5,168,bot4,1,success,31,0,11.535,0
25,0.5,169,bot4,1,success,27,2,9.943,0
25,0.5,170,bot4,1,success,17,0,10.48,1
25,0.5,171,bot4,0,trapped,16,0,24.698,0
25,0.5,172,bot4,0,trapped,30,5,32.633,0
25,0.5,173,bot4,0,trapped,28,1,30.649,0
25,0.5,174,bot4,0,trapped,26,3,12.245,0
25,0.5,175,bot4,1,success,6,0,2.016,1
25,0.5,176,bot4,0,trapped,13,0,5.656,0
25,0.5,177,bot4,1,success,23,0,8.068,0
25,0.5,178,bot4,1,success,19,0,6.686,0
25,0.5,179,bot4,0,trapped,13,0,6.367,0
25,0.5,180,bot4,1,success,23,0,7.838,1
25,0.5,181,bot4,1,success,32,0,11.407,0
25,0.5,182,bot4,1,success,7,0,3.068,1
25,0.5,183,bot4,1,success,36,0,29.699,1
25,0.5,184,bot4,0,trapped,29,0,33.516,0
25,0.5,185,bot4,1,success,30,0,22.572,1
25,0.5,186,bot4,1,success,25,0,13.293,0
25,0.5,187,bot4,1,success,31,0,12.38,0
25,0.5,188,bot4,1,success,17,0,6.201,1
25,0.5,189,bot4,0,button_burned,4,0,3.262,0
25,0.5,190,bot4,1,success,11,0,4.211,1
25,0.5,191,bot4,0,trapped,9,1,6.67,0
25,0.5,192,bot4,1,success,34,0,13.463,0
25,0.5,193,bot4,1,success,27,1,23.218,0
25,0.5,194,bot4,1,success,16,0,9.631,1
25,0.5,195,bot4,1,success,4,0,1.39,1
25,0.5,196,bot4,0,caught,9,2,3.473,0
25,0.5,197,bot4,1,success,31,0,12.185,0
25,0.5,198,bot4,1,success,21,0,7.319,1
25,0.5,199,bot4,1,success,30,0,11.489,0
25,0.6,0,bot4,1,success,19,0,7.209,1
25,0.6,1,bot4,1,success,19,0,6.714,1
25,0.6,2,bot4,1,success,18,0,6.289,1
25,0.6,3,bot4,1,success,7,0,2.696,1
25,0.6,4,bot4,1,success,7,0,2.677,1
25,0.6,5,bot4,1,success,11,0,3.754,1
25,0.6,6,bot4,0,trapped,3,0,6.035,0
25,0.6,7,bot4,1,success,11,0,13.68,1
25,0.6,8,bot4,1,success,12,0,7.959,1
25,0.6,9,bot4,1,success,22,0,16.233,1
25,0.6,10,bot4,0,button_burned,28,0,22.244,0
25,0.6,11,bot4,1,success,4,0,1.359,1
25,0.6,12,bot4,1,success,5,0,1.628,1
25,0.6,13,bot4,0,trapped,0,0,0.499,0
25,0.6,14,bot4,1,success,17,0,10.299,1
25,0.6,15,bot4,0,trapped,10,0,8.856,0
25,0.6,16,bot4,1,success,10,0,3.365,1
25,0.6,17,bot4,1,success,2,0,0.68,1
25,0.6,18,bot4,1,success,4,0,1.222,1
25,0.6,19,bot4,0,button_burned,18,0,8.232,0
25,0.6,20,bot4,1,success,14,0,5.008,0
25,0.6,21,bot4,1,success,37,0,13.273,1
25,0.6,22,bot4,1,success,14,0,5.686,1
25,0.6,23,bot4,0,trapped,12,1,8.202,0
25,0.6,24,bot4,1,success,18,0,6.967,1
25,0.6,25,bot4,0,trapped,13,1,7.318,0
25,0.6,26,bot4,0,button_burned,8,0,13.379,0
25,0.6,27,bot4,0,trapped,20,6,11.849,0
25,0.6,28,bot4,1,success,26,0,9.848,1
25,0.6,29,bot4,0,trapped,22,1,11.472,0
25,0.6,30,bot4,1,success,6,0,2.127,1
25,0.6,31,bot4,1,success,18,0,24.321,1
25,0.6,32,bot4,0,button_burned,14,0,10.412,0
25,0.6,33,bot4,1,success,28,0,34.501,0
25,0.6,34,bot4,1,success,21,0,19.506,1
25,0.6,35,bot4,1,success,15,0,7.242,1
25,0.6,36,bot4,0,trapped,14,0,14.339,0
25,0.6,37,bot4,1,success,18,0,6.663,0
25,0.6,38,bot4,1,success,35,0,14.429,0
25,0.6,39,bot4,1,success,8,0,7.884,1
25,0.6,40,bot4,1,success,13,0,5.545,1
25,0.6,41,bot4,1,success,17,0,18.311,0
25,0.6,42,bot4,1,success,13,0,8.62,1
25,0.6,43,bot4,0,trapped,30,6,23.747,0
25,0.6,44,bot4,1,success,36,0,14.809,0
25,0.6,45,bot4,1,success,22,0,7.878,1
25,0.6,46,bot4,1,success,4,0,1.376,1
25,0.6,47,bot4,1,success,11,0,3.748,1
25,0.6,48,bot4,1,success,23,0,20.022,0
25,0.6,49,bot4,0,button_burned,5,0,4.202,0
25,0.6,50,bot4,1,success,15,0,5.38,1
25,0.6,51,bot4,1,success,35,2,13.833,0
25,0.6,52,bot4,1,success,3,0,3.066,1
25,0.6,53,bot4,0,trapped,8,0,5.332,0
25,0.6,54,bot4,1,success,27,0,10.519,1
25,0.6,55,bot4,1,success,36,0,35.298,1
25,0.6,56,bot4,1,success,17,0,6.111,1
25,0.6,57,bot4,1,success,16,0,5.658,1
25,0.6,58,bot4,1,success,19,0,6.487,1
25,0.6,59,bot4,0,button_burned,22,0,7.703,0
25,0.6,60,bot4,1,success,8,0,3.222,0
25,0.6,61,bot4,0,trapped,13,0,7.825,0
25,0.6,62,bot4,1,success,25,0,9.366,0
25,0.6,63,bot4,0,button_burned,32,1,14.92,0
25,0.6,64,bot4,0,button_burned,13,0,4.919,0
25,0.6,65,bot4,1,success,12,0,8.247,1
25,0.6,66,bot4,1,success,31,0,23.472,0
25,0.6,67,bot4,0,button_burned,27,2,26.576,0
25,0.6,68,bot4,0,trapped,19,1,17.402,0
25,0.6,69,bot4,0,button_burned,23,5,21.391,0
25,0.6,70,bot4,1,success,2,0,0.698,1
25,0.6,71,bot4,1,success,33,0,24.463,0
25,0.6,72,bot4,1,success,14,0,8.731,1
25,0.6,73,bot4,1,success,29,0,22.823,1
25,0.6,74,bot4,1,success,8,0,10.96,0
25,0.6,75,bot4,1,success,22,0,7.229,1
25,0.6,76,bot4,0,trapped,9,1,3.658,0
25,0.6,77,bot4,1,success,9,0,2.955,1
25,0.6,78,bot4,1,success,12,0,4.493,1
25,0.6,79,bot4,0,trapped,0,0,0.916,0
25,0.6,80,bot4,1,success,21,0,7.466,1
25,0.6,81,bot4,0,trapped,26,3,17.788,0
25,0.6,82,bot4,1,success,18,0,6.494,1
25,0.6,83,bot4,0,trapped,11,0,8.116,0
25,0.6,84,bot4,1,success,31,0,13.738,0
25,0.6,85,bot4,0,trapped,13,0,7.758,0
25,0.6,86,bot4,0,button_burned,9,0,4.722,0
25,0.6,87,bot4,1,success,29,0,11.788,1
25,0.6,88,bot4,1,success,25,0,9.565,0
25,0.6,89,bot4,0,button_burned,4,0,2.713,0
25,0.6,90,bot4,0,caught,1,0,0.374,0
25,0.6,91,bot4,1,success,12,0,12.962,1
25,0.6,92,bot4,0,button_burned,14,3,6.032,0
25,0.6,93,bot4,0,button_burned,17,0,7.831,0
25,0.6,94,bot4,1,success,29,0,10.855,0
25,0.6,95,bot4,1,success,33,0,16.918,0
25,0.6,96,bot4,1,success,4,0,1.359,1
25,0.6,97,bot4,1,success,13,0,8.467,1
25,0.6,98,bot4,0,trapped,13,2,14.911,0
25,0.6,99,bot4,1,success,20,0,16.55,0
25,0.6,100,bot4,0,button_burned,14,0,8.58,0
25,0.6,101,bot4,1,success,18,0,10.465,1
25,0.6,102,bot4,0,trapped,21,1,22.606,0
25,0.6,103,bot4,0,button_burned,15,0,13.469,0
25,0.6,104,bot4,0,trapped,12,3,17.307,0
25,0.6,105,bot4,0,button_burned,18,0,9.309,0
25,0.6,106,bot4,1,success,23,0,7.859,1
25,0.6,107,bot4,0,trapped,21,0,9.278,0
25,0.6,108,bot4,0,button_burned,20,0,7.239,0
25,0.6,109,bot4,1,success,10,0,3.445,1
25,0.6,110,bot4,1,success,20,0,7.128,0
25,0.6,111,bot4,1,success,14,0,4.568,1
25,0.6,112,bot4,0,trapped,7,1,4.257,0
25,0.6,113,bot4,1,success,10,0,3.531,1
25,0.6,114,bot4,1,success,12,0,3.968,1
25,0.6,115,bot4,1,success,23,0,7.955,1
25,0.6,116,bot4,1,success,48,1,38.796,0
25,0.6,117,bot4,1,success,23,0,12.33,1
25,0.6,118,bot4,1,success,23,0,8.885,1
25,0.6,119,bot4,1,success,8,0,2.681,1
25,0.6,120,bot4,1,success,24,0,7.806,1
25,0.6,121,bot4,1,success,8,0,2.804,1
25,0.6,122,bot4,1,success,9,0,3.12,1
25,0.6,123,bot4,1,success,8,0,3.034,1
25,0.6,124,bot4,1,success,37,0,14.181,0
25,0.6,125,bot4,1,success,6,0,2.031,1
25,0.6,126,bot4,1,success,25,0,17.179,1
25,0.6,127,bot4,1,success,16,0,9.527,1
25,0.6,128,bot4,1,success,17,0,9.514,1
25,0.6,129,bot4,0,button_burned,10,0,6.245,0
25,0.6,130,bot4,1,success,2,0,0.991,1
25,0.6,131,bot4,1,success,24,0,10.674,0
25,0.6,132,bot4,1,success,32,1,13.071,0
25,0.6,133,bot4,1,success,28,0,10.782,1
25,0.6,134,bot4,0,trapped,19,3,12.542,0
25,0.6,135,bot4,0,caught,16,1,6.313,0
25,0.6,136,bot4,1,success,9,0,3.047,0
25,0.6,137,bot4,1,success,21,1,8.047,0
25,0.6,138,bot4,1,success,28,0,11.031,1
25,0.6,139,bot4,1,success,6,0,1.905,1
25,0.6,140,bot4,1,success,17,0,6.532,1
25,0.6,141,bot4,1,success,26,0,10.524,0
25,0.6,142,bot4,0,trapped,10,0,5.823,0
25,0.6,143,bot4,1,success,7,0,2.364,1
25,0.6,144,bot4,0,trapped,15,2,11.188,0
25,0.6,145,bot4,1,success,13,0,4.571,1
25,0.6,146,bot4,1,success,19,0,6.498,1
25,0.6,147,bot4,1,success,15,0,5.262,1
25,0.6,148,bot4,1,success,23,0,8.568,1
25,0.6,149,bot4,0,trapped,26,4,14.325,0
25,0.6,150,bot4,0,trapped,19,4,9.465,0
25,0.6,151,bot4,0,button_burned,10,0,6.9,0
25,0.6,152,bot4,1,success,11,0,4.422,1
25,0.6,153,bot4,1,success,27,0,11.071,1
25,0.6,154,bot4,0,caught,28,4,15.8,0
25,0.6,155,bot4,1,success,20,0,7.059,1
25,0.6,156,bot4,0,trapped,13,1,6.666,0
25,0.6,157,bot4,0,button_burned,5,0,2.312,0
25,0.6,158,bot4,1,success,20,0,7.511,1
25,0.6,159,bot4,1,success,17,0,6.317,1
25,0.6,160,bot4,1,success,12,0,4.393,1
25,0.6,161,bot4,1,success,20,0,7.04,0
25,0.6,162,bot4,1,success,18,0,6.44,1
25,0.6,163,bot4,1,success,27,0,10.115,1
25,0.6,164,bot4,1,success,13,0,4.39,1
25,0.6,165,bot4,1,success,27,0,10.019,1
25,0.6,166,bot4,1,success,11,0,4.124,1
25,0.6,167,bot4,1,success,27,0,10.291,0
25,0.6,168,bot4,1,success,31,0,12.31,0
25,0.6,169,bot4,0,button_burned,26,2,10.102,0
25,0.6,170,bot4,1,success,17,0,6.183,1
25,0.6,171,bot4,0,trapped,11,0,6.294,0
25,0.6,172,bot4,0,trapped,28,5,12.857,0
25,0.6,173,bot4,0,trapped,5,0,2.657,0
25,0.6,174,bot4,0,trapped,22,1,13.745,0
25,0.6,175,bot4,1,success,6,0,2.17,1
25,0.6,176,bot4,1,success,16,0,5.639,0
25,0.6,177,bot4,1,success,23,0,8.351,0
25,0.6,178,bot4,1,success,19,0,8.403,0
25,0.6,179,bot4,0,button_burned,11,0,5.24,0
25,0.6,180,bot4,1,success,23,0,8.068,1
25,0.6,181,bot4,1,success,38,3,13.87,0
25,0.6,182,bot4,1,success,7,0,2.22,1
25,0.6,183,bot4,1,success,36,0,14.387,1
25,0.6,184,bot4,0,trapped,27,0,12.471,0
25,0.6,185,bot4,1,success,30,0,10.815,1
25,0.6,186,bot4,1,success,25,0,8.5,0
25,0.6,187,bot4,1,success,31,0,65.016,0
25,0.6,188,bot4,1,success,17,0,8.998,1
25,0.6,189,bot4,0,button_burned,5,0,4.0,0
25,0.6,190,bot4,1,success,11,0,4.069,1
25,0.6,191,bot4,0,trapped,6,1,4.304,0
25,0.6,192,bot4,1,success,34,0,14.056,0
25,0.6,193,bot4,1,success,27,1,11.171,0
25,0.6,194,bot4,1,success,16,0,5.616,1
25,0.6,195,bot4,1,success,4,0,1.608,1
25,0.6,196,bot4,0,trapped,10,2,5.949,0
25,0.6,197,bot4,0,trapped,20,0,12.187,0
25,0.6,198,bot4,1,success,21,0,14.648,1
25,0.6,199,bot4,1,success,30,0,12.09,0
25,0.7,0,bot4,1,success,19,0,7.301,1
25,0.7,1,bot4,1,success,19,0,7.209,1
25,0.7,2,bot4,1,success,18,0,6.373,1
25,0.7,3,bot4,1,success,7,0,2.51,1
25,0.7,4,bot4,1,success,7,0,2.243,1
25,0.7,5,bot4,1,success,11,0,3.87,1
25,0.7,6,bot4,0,trapped,3,0,2.158,0
25,0.7,7,bot4,1,success,11,0,3.668,1
25,0.7,8,bot4,1,success,12,0,4.375,1
25,0.7,9,bot4,1,success,22,0,7.707,1
25,0.7,10,bot4,0,button_burned,29,0,12.144,0
25,0.7,11,bot4,1,success,4,0,1.327,1
25,0.7,12,bot4,1,success,5,0,1.555,1
25,0.7,13,bot4,0,trapped,0,0,0.53,0
25,0.7,14,bot4,1,success,17,0,5.879,1
25,0.7,15,bot4,0,trapped,10,0,8.282,0
25,0.7,16,bot4,1,success,10,0,3.51,1
25,0.7,17,bot4,1,success,2,0,0.68,1
25,0.7,18,bot4,1,success,4,0,1.22,1
25,0.7,19,bot4,0,trapped,18,0,9.864,0
25,0.7,20,bot4,0,button_burned,12,0,4.382,0
25,0.7,21,bot4,1,success,37,0,13.515,1
25,0.7,22,bot4,1,success,14,0,4.924,1
25,0.7,23,bot4,0,trapped,10,1,17.83,0
25,0.7,24,bot4,1,success,18,0,6.285,1
25,0.7,25,bot4,0,caught,17,1,9.286,0
25,0.7,26,bot4,0,button_burned,8,3,5.225,0
25,0.7,27,bot4,0,trapped,17,6,11.274,0
25,0.7,28,bot4,1,success,26,0,9.495,1
25,0.7,29,bot4,0,button_burned,23,6,11.629,0
25,0.7,30,bot4,1,success,6,0,1.807,1
25,0.7,31,bot4,1,success,18,0,6.387,1
25,0.7,32,bot4,0,button_burned,8,0,3.719,0
25,0.7,33,bot4,1,success,28,0,9.553,0
25,0.7,34,bot4,1,success,21,0,7.065,1
25,0.7,35,bot4,1,success,15,0,5.106,1
25,0.7,36,bot4,0,trapped,12,1,9.154,0
25,0.7,37,bot4,1,success,18,0,6.347,0
25,0.7,38,bot4,0,caught,32,0,11.42,0
25,0.7,39,bot4,1,success,8,0,2.739,1
25,0.7,40,bot4,1,success,13,0,4.081,1
25,0.7,41,bot4,0,button_burned,15,0,6.03,0
25,0.7,42,bot4,1,success,13,0,6.895,1
25,0.7,43,bot4,0,trapped,34,4,22.333,0
25,0.7,44,bot4,1,success,36,0,27.888,0
25,0.7,45,bot4,1,success,22,0,7.371,1
25,0.7,46,bot4,1,success,4,0,1.332,1
25,0.7,47,bot4,1,success,11,0,4.695,1
25,0.7,48,bot4,1,success,23,0,8.012,0
25,0.7,49,bot4,0,button_burned,5,0,4.3,0
25,0.7,50,bot4,1,success,15,0,4.878,1
25,0.7,51,bot4,0,trapped,32,2,13.658,0
25,0.7,52,bot4,1,success,3,0,0.927,1
25,0.7,53,bot4,0,trapped,7,0,4.43,0
25,0.7,54,bot4,1,success,27,0,10.098,1
25,0.7,55,bot4,1,success,36,0,13.624,1
25,0.7,56,bot4,1,success,17,0,5.911,1
25,0.7,57,bot4,1,success,16,0,5.814,1
25,0.7,58,bot4,1,success,19,0,6.788,1
25,0.7,59,bot4,0,button_burned,23,4,10.14,0
25,0.7,60,bot4,1,success,8,0,3.304,0
25,0.7,61,bot4,0,trapped,12,0,10.922,0
25,0.7,62,bot4,0,trapped,21,0,12.607,0
25,0.7,63,bot4,0,button_burned,28,3,19.183,0
25,0.7,64,bot4,0,button_burned,11,0,4.248,0
25,0.7,65,bot4,1,success,12,0,4.385,1
25,0.7,66,bot4,1,success,39,4,15.447,0
25,0.7,67,bot4,0,caught,23,3,10.914,0
25,0.7,68,bot4,0,trapped,18,0,8.92,0
25,0.7,69,bot4,0,button_burned,18,2,7.572,0
25,0.7,70,bot4,1,success,2,0,0.714,1
25,0.7,71,bot4,0,button_burned,32,0,12.67,0
25,0.7,72,bot4,1,success,14,0,4.948,1
25,0.7,73,bot4,1,success,29,0,10.829,1
25,0.7,74,bot4,1,success,8,0,3.043,0
25,0.7,75,bot4,1,success,22,0,7.815,1
25,0.7,76,bot4,1,success,23,0,8.427,0
25,0.7,77,bot4,1,success,9,0,2.991,1
25,0.7,78,bot4,1,success,12,0,4.039,1
25,0.7,79,bot4,0,trapped,0,0,0.901,0
25,0.7,80,bot4,1,success,21,0,7.901,1
25,0.7,81,bot4,0,trapped,21,3,14.54,0
25,0.7,82,bot4,1,success,18,0,7.492,1
25,0.7,83,bot4,0,trapped,11,0,7.948,0
25,0.7,84,bot4,1,success,31,0,12.848,0
25,0.7,85,bot4,0,trapped,11,0,6.476,0
25,0.7,86,bot4,0,button_burned,10,0,5.496,0
25,0.7,87,bot4,1,success,29,0,15.085,1
25,0.7,88,bot4,1,success,25,0,15.439,0
25,0.7,89,bot4,0,button_burned,3,0,4.445,0
25,0.7,90,bot4,0,caught,1,0,0.366,0
25,0.7,91,bot4,1,success,12,0,4.502,1
25,0.7,92,bot4,0,button_burned,14,3,6.318,0
25,0.7,93,bot4,0,button_burned,17,0,10.279,0
25,0.7,94,bot4,1,success,29,0,15.975,0
25,0.7,95,bot4,1,success,37,2,16.947,0
25,0.7,96,bot4,1,success,4,0,1.445,1
25,0.7,97,bot4,1,success,13,0,4.494,1
25,0.7,98,bot4,0,trapped,12,2,8.618,0
25,0.7,99,bot4,0,trapped,15,0,7.556,0
25,0.7,100,bot4,0,button_burned,11,0,7.402,0
25,0.7,101,bot4,1,success,18,0,5.957,1
25,0.7,102,bot4,0,trapped,18,1,10.562,0
25,0.7,103,bot4,0,button_burned,14,0,5.959,0
25,0.7,104,bot4,0,trapped,12,3,8.62,0
25,0.7,105,bot4,0,button_burned,13,0,11.27,0
25,0.7,106,bot4,1,success,23,0,10.038,1
25,0.7,107,bot4,0,trapped,22,0,11.644,0
25,0.7,108,bot4,0,button_burned,16,0,6.975,0
25,0.7,109,bot4,1,success,10,0,3.529,1
25,0.7,110,bot4,1,success,20,0,6.645,0
25,0.7,111,bot4,1,success,14,0,4.492,1
25,0.7,112,bot4,0,trapped,7,1,4.699,0
25,0.7,113,bot4,1,success,10,0,3.11,1
25,0.7,114,bot4,1,success,12,0,4.229,1
25,0.7,115,bot4,1,success,25,1,14.013,1
25,0.7,116,bot4,1,success,48,1,29.587,0
25,0.7,117,bot4,1,success,23,0,8.293,1
25,0.7,118,bot4,1,success,23,0,8.079,1
25,0.7,119,bot4,1,success,8,0,2.498,1
25,0.7,120,bot4,1,success,24,0,8.247,1
25,0.7,121,bot4,1,success,8,0,2.786,1
25,0.7,122,bot4,1,success,9,0,2.725,1
25,0.7,123,bot4,1,success,8,0,2.766,1
25,0.7,124,bot4,0,button_burned,34,0,13.43,0
25,0.7,125,bot4,1,success,6,0,2.335,1
25,0.7,126,bot4,1,success,25,0,9.778,1
25,0.7,127,bot4,1,success,16,0,5.55,1
25,0.7,128,bot4,1,success,17,0,6.187,1
25,0.7,129,bot4,0,button_burned,6,0,4.796,0
25,0.7,130,bot4,1,success,2,0,0.63,1
25,0.7,131,bot4,1,success,24,0,8.888,0
25,0.7,132,bot4,1,success,32,1,11.825,0
25,0.7,133,bot4,1,success,28,0,10.433,1
25,0.7,134,bot4,0,trapped,11,1,8.564,0
25,0.7,135,bot4,0,button_burned,14,0,6.778,0
25,0.7,136,bot4,1,success,9,0,3.315,0
25,0.7,137,bot4,0,button_burned,19,1,7.431,0
25,0.7,138,bot4,1,success,28,0,10.87,1
25,0.7,139,bot4,1,success,6,0,2.104,1
25,0.7,140,bot4,1,success,17,0,6.44,1
25,0.7,141,bot4,1,success,26,0,9.973,0
25,0.7,142,bot4,0,trapped,10,0,6.934,0
25,0.7,143,bot4,1,success,7,0,2.443,1
25,0.7,144,bot4,0,trapped,14,2,10.261,0
25,0.7,145,bot4,1,success,13,0,5.137,1
25,0.7,146,bot4,1,success,19,0,10.392,1
25,0.7,147,bot4,1,success,15,0,6.145,1
25,0.7,148,bot4,1,success,23,0,9.348,1
25,0.7,149,bot4,0,button_burned,24,3,10.47,0
25,0.7,150,bot4,0,trapped,23,7,11.635,0
25,0.7,151,bot4,0,button_burned,10,0,6.427,0
25,0.7,152,bot4,1,success,11,0,4.519,1
25,0.7,153,bot4,1,success,27,0,14.498,1
25,0.7,154,bot4,0,trapped,24,5,17.465,0
25,0.7,155,bot4,1,success,20,0,7.31,1
25,0.7,156,bot4,0,trapped,19,2,9.221,0
25,0.7,157,bot4,0,button_burned,5,0,2.438,0
25,0.7,158,bot4,1,success,22,1,8.55,1
25,0.7,159,bot4,1,success,17,0,6.525,1
25,0.7,160,bot4,1,success,12,0,3.977,1
25,0.7,161,bot4,1,success,20,0,7.045,0
25,0.7,162,bot4,1,success,18,0,6.806,1
25,0.7,163,bot4,1,success,27,0,10.444,1
25,0.7,164,bot4,1,success,13,0,4.829,1
25,0.7,165,bot4,1,success,27,0,10.734,1
25,0.7,166,bot4,1,success,11,0,4.062,1
25,0.7,167,bot4,1,success,27,0,10.299,0
25,0.7,168,bot4,1,success,31,0,12.39,0
25,0.7,169,bot4,1,success,27,2,10.285,0
25,0.7,170,bot4,1,success,17,0,6.57,1
25,0.7,171,bot4,0,trapped,13,0,8.767,0
25,0.7,172,bot4,0,trapped,22,5,11.686,0
25,0.7,173,bot4,0,trapped,5,0,2.932,0
25,0.7,174,bot4,0,trapped,13,5,7.683,0
25,0.7,175,bot4,1,success,6,0,3.295,1
25,0.7,176,bot4,0,trapped,12,0,10.854,0
25,0.7,177,bot4,1,success,27,2,11.652,0
25,0.7,178,bot4,0,trapped,18,0,11.459,0
25,0.7,179,bot4,0,button_burned,12,0,8.381,0
25,0.7,180,bot4,1,success,23,0,8.535,1
25,0.7,181,bot4,0,button_burned,35,3,13.338,0
25,0.7,182,bot4,1,success,7,0,2.466,1
25,0.7,183,bot4,1,success,36,0,13.846,1
25,0.7,184,bot4,0,trapped,23,2,11.154,0
25,0.7,185,bot4,1,success,32,1,11.799,1
25,0.7,186,bot4,1,success,25,0,9.198,0
25,0.7,187,bot4,1,success,31,0,12.052,0
25,0.7,188,bot4,1,success,17,0,6.45,1
25,0.7,189,bot4,0,button_burned,5,0,3.994,0
25,0.7,190,bot4,1,success,11,0,3.899,1
25,0.7,191,bot4,0,trapped,8,1,6.289,0
25,0.7,192,bot4,1,success,34,0,12.577,0
25,0.7,193,bot4,1,success,27,1,9.524,0
25,0.7,194,bot4,1,success,16,0,5.755,1
25,0.7,195,bot4,1,success,4,0,1.319,1
25,0.7,196,bot4,0,caught,3,0,1.434,0
25,0.7,197,bot4,0,button_burned,20,0,8.638,0
25,0.7,198,bot4,1,success,21,0,7.362,1
25,0.7,199,bot4,0,button_burned,29,0,10.09,0
25,0.8,0,bot4,1,success,19,0,9.747,1
25,0.8,1,bot4,1,success,19,0,8.464,1
25,0.8,2,bot4,1,success,18,0,6.393,1
25,0.8,3,bot4,1,success,7,0,2.322,1
25,0.8,4,bot4,1,success,7,0,2.402,1
25,0.8,5,bot4,1,success,11,0,3.732,1
25,0.8,6,bot4,0,trapped,3,0,2.065,0
25,0.8,7,bot4,1,success,11,0,3.359,1
25,0.8,8,bot4,1,success,12,0,3.709,1
25,0.8,9,bot4,1,success,22,0,7.595,1
25,0.8,10,bot4,0,button_burned,24,0,11.28,0
25,0.8,11,bot4,1,success,4,0,1.372,1
25,0.8,12,bot4,1,success,5,0,1.706,1
25,0.8,13,bot4,0,trapped,0,0,0.526,0
25,0.8,14,bot4,1,success,17,0,5.827,1
25,0.8,15,bot4,0,trapped,7,0,6.724,0
25,0.8,16,bot4,1,success,10,0,3.332,1
25,0.8,17,bot4,1,success,2,0,0.648,1
25,0.8,18,bot4,1,success,4,0,1.207,1
25,0.8,19,bot4,0,button_burned,12,0,6.898,0
25,0.8,20,bot4,0,button_burned,10,0,4.09,0
25,0.8,21,bot4,1,success,37,0,13.332,1
25,0.8,22,bot4,1,success,14,0,4.7,1
25,0.8,23,bot4,0,trapped,9,1,6.631,0
25,0.8,24,bot4,1,success,18,0,6.607,1
25,0.8,25,bot4,0,trapped,13,3,7.491,0
25,0.8,26,bot4,0,button_burned,7,1,5.007,0
25,0.8,27,bot4,0,trapped,15,6,10.562,0
25,0.8,28,bot4,1,success,26,0,9.681,1
25,0.8,29,bot4,0,button_burned,21,5,13.007,0
25,0.8,30,bot4,1,success,6,0,1.94,1
25,0.8,31,bot4,1,success,18,0,6.185,1
25,0.8,32,bot4,0,button_burned,8,0,4.058,0
25,0.8,33,bot4,1,success,28,0,10.175,0
25,0.8,34,bot4,1,success,21,0,7.173,1
25,0.8,35,bot4,1,success,15,0,5.052,1
25,0.8,36,bot4,0,trapped,13,1,9.199,0
25,0.8,37,bot4,1,success,18,0,6.432,0
25,0.8,38,bot4,0,trapped,26,0,10.633,0
25,0.8,39,bot4,1,success,8,0,2.561,1
25,0.8,40,bot4,1,success,13,0,4.5,1
25,0.8,41,bot4,0,button_burned,14,0,5.108,0
25,0.8,42,bot4,1,success,13,0,4.248,1
25,0.8,43,bot4,0,trapped,24,5,12.049,0
25,0.8,44,bot4,1,success,36,0,13.887,0
25,0.8,45,bot4,1,success,24,1,7.877,1
25,0.8,46,bot4,1,success,4,0,1.23,1
25,0.8,47,bot4,1,success,11,0,3.428,1
25,0.8,48,bot4,0,button_burned,22,0,7.491,0
25,0.8,49,bot4,0,button_burned,3,0,2.461,0
25,0.8,50,bot4,1,success,15,0,5.234,1
25,0.8,51,bot4,0,trapped,27,2,11.241,0
25,0.8,52,bot4,1,success,3,0,0.977,1
25,0.8,53,bot4,0,trapped,7,0,4.777,0
25,0.8,54,bot4,1,success,27,0,11.251,1
25,0.8,55,bot4,1,success,36,0,13.587,1
25,0.8,56,bot4,1,success,17,0,6.008,1
25,0.8,57,bot4,1,success,16,0,5.675,1
25,0.8,58,bot4,1,success,19,0,6.379,1
25,0.8,59,bot4,0,button_burned,17,3,8.381,0
25,0.8,60,bot4,1,success,8,0,2.862,0
25,0.8,61,bot4,0,trapped,12,0,8.654,0
25,0.8,62,bot4,0,trapped,20,0,9.289,0
25,0.8,63,bot4,0,button_burned,28,2,14.066,0
25,0.8,64,bot4,0,button_burned,7,0,3.596,0
25,0.8,65,bot4,1,success,12,0,4.201,1
25,0.8,66,bot4,0,trapped,32,4,12.808,0
25,0.8,67,bot4,0,button_burned,21,5,11.425,0
25,0.8,68,bot4,0,trapped,13,1,8.229,0
25,0.8,69,bot4,0,button_burned,21,2,9.605,0
25,0.8,70,bot4,1,success,2,0,0.684,1
25,0.8,71,bot4,0,button_burned,31,0,11.741,0
25,0.8,72,bot4,1,success,14,0,4.992,1
25,0.8,73,bot4,1,success,29,0,10.249,1
25,0.8,74,bot4,1,success,8,0,3.191,0
25,0.8,75,bot4,1,success,22,0,7.406,1
25,0.8,76,bot4,0,trapped,7,0,3.179,0
25,0.8,77,bot4,1,success,9,0,2.796,1
25,0.8,78,bot4,1,success,12,0,4.081,1
25,0.8,79,bot4,0,trapped,0,0,0.841,0
25,0.8,80,bot4,1,success,21,0,7.363,1
25,0.8,81,bot4,0,trapped,17,5,12.353,0
25,0.8,82,bot4,1,success,18,0,6.467,1
25,0.8,83,bot4,0,trapped,9,0,5.835,0
25,0.8,84,bot4,0,button_burned,28,0,11.035,0
25,0.8,85,bot4,0,trapped,10,0,7.526,0
25,0.8,86,bot4,0,button_burned,10,0,6.633,0
25,0.8,87,bot4,1,success,29,0,13.949,1
25,0.8,88,bot4,0,trapped,23,0,9.779,0
25,0.8,89,bot4,0,button_burned,3,0,2.316,0
25,0.8,90,bot4,0,caught,1,0,0.388,0
25,0.8,91,bot4,1,success,12,0,4.16,1
25,0.8,92,bot4,0,button_burned,11,3,5.239,0
25,0.8,93,bot4,0,button_burned,10,0,6.688,0
25,0.8,94,bot4,0,button_burned,25,0,10.321,0
25,0.8,95,bot4,1,success,37,2,14.618,0
25,0.8,96,bot4,1,success,4,0,1.213,1
25,0.8,97,bot4,1,success,13,0,4.117,1
25,0.8,98,bot4,0,trapped,10,2,8.045,0
25,0.8,99,bot4,0,trapped,16,0,7.575,0
25,0.8,100,bot4,0,button_burned,9,0,6.581,0
25,0.8,101,bot4,1,success,18,0,6.201,1
25,0.8,102,bot4,0,trapped,12,4,9.664,0
25,0.8,103,bot4,0,button_burned,14,0,6.668,0
25,0.8,104,bot4,0,trapped,12,0,13.885,0
25,0.8,105,bot4,0,button_burned,10,0,6.549,0
25,0.8,106,bot4,1,success,23,0,8.219,1
25,0.8,107,bot4,0,trapped,23,0,10.555,0
25,0.8,108,bot4,0,button_burned,17,2,8.184,0
25,0.8,109,bot4,1,success,10,0,3.477,1
25,0.8,110,bot4,0,caught,19,0,7.09,0
25,0.8,111,bot4,1,success,14,0,5.378,1
25,0.8,112,bot4,0,trapped,6,1,4.916,0
25,0.8,113,bot4,1,success,10,0,3.311,1
25,0.8,114,bot4,1,success,12,0,3.831,1
25,0.8,115,bot4,1,success,25,1,9.653,1
25,0.8,116,bot4,0,trapped,35,2,21.046,0
25,0.8,117,bot4,1,success,23,0,7.702,1
25,0.8,118,bot4,1,success,23,0,8.233,1
25,0.8,119,bot4,1,success,8,0,2.549,1
25,0.8,120,bot4,1,success,24,0,9.865,1
25,0.8,121,bot4,1,success,8,0,3.521,1
25,0.8,122,bot4,1,success,9,0,2.733,1
25,0.8,123,bot4,1,success,8,0,2.725,1
25,0.8,124,bot4,0,button_burned,27,0,14.085,0
25,0.8,125,bot4,1,success,6,0,1.914,1
25,0.8,126,bot4,1,success,25,0,8.812,1
25,0.8,127,bot4,1,success,16,0,5.406,1
25,0.8,128,bot4,1,success,17,0,5.609,1
25,0.8,129,bot4,0,button_burned,6,0,5.357,0
25,0.8,130,bot4,1,success,2,0,0.774,1
25,0.8,131,bot4,1,success,24,0,8.806,0
25,0.8,132,bot4,0,trapped,25,1,14.577,0
25,0.8,133,bot4,1,success,28,0,17.697,1
25,0.8,134,bot4,0,trapped,10,1,12.031,0
25,0.8,135,bot4,0,trapped,11,4,7.363,0
25,0.8,136,bot4,1,success,9,0,3.116,0
25,0.8,137,bot4,0,caught,17,2,12.193,0
25,0.8,138,bot4,1,success,28,0,15.085,1
25,0.8,139,bot4,1,success,6,0,2.106,1
25,0.8,140,bot4,1,success,17,0,7.36,1
25,0.8,141,bot4,0,trapped,22,0,11.247,0
25,0.8,142,bot4,0,trapped,8,0,6.421,0
25,0.8,143,bot4,1,success,7,0,2.605,1
25,0.8,144,bot4,0,trapped,13,1,9.531,0
25,0.8,145,bot4,1,success,13,0,4.778,1
25,0.8,146,bot4,1,success,19,0,7.505,1
25,0.8,147,bot4,1,success,15,0,5.964,1
25,0.8,148,bot4,1,success,23,0,8.395,1
25,0.8,149,bot4,0,button_burned,21,1,9.936,0
25,0.8,150,bot4,0,trapped,19,5,14.51,0
25,0.8,151,bot4,0,button_burned,9,0,8.307,0
25,0.8,152,bot4,1,success,11,0,3.893,1
25,0.8,153,bot4,1,success,27,0,9.874,1
25,0.8,154,bot4,0,trapped,20,6,11.538,0
25,0.8,155,bot4,1,success,20,0,7.034,1
25,0.8,156,bot4,0,trapped,13,1,7.162,0
25,0.8,157,bot4,0,button_burned,5,0,2.631,0
25,0.8,158,bot4,1,success,22,1,11.745,1
25,0.8,159,bot4,1,success,17,0,7.95,1
25,0.8,160,bot4,1,success,12,0,6.451,1
25,0.8,161,bot4,1,success,20,0,9.861,0
25,0.8,162,bot4,1,success,18,0,6.475,1
25,0.8,163,bot4,1,success,27,0,10.399,1
25,0.8,164,bot4,1,success,13,0,4.924,1
25,0.8,165,bot4,1,success,27,0,10.629,1
25,0.8,166,bot4,1,success,11,0,3.924,1
25,0.8,167,bot4,1,success,27,0,10.323,0
25,0.8,168,bot4,0,trapped,6,0,3.286,0
25,0.8,169,bot4,0,trapped,20,0,8.606,0
25,0.8,170,bot4,1,success,17,0,6.223,1
25,0.8,171,bot4,0,trapped,12,0,7.743,0
25,0.8,172,bot4,0,trapped,21,5,10.888,0
25,0.8,173,bot4,0,trapped,4,0,2.405,0
25,0.8,174,bot4,0,trapped,16,5,9.292,0
25,0.8,175,bot4,1,success,6,0,2.052,1
25,0.8,176,bot4,0,button_burned,11,0,6.434,0
25,0.8,177,bot4,1,success,27,2,10.508,0
25,0.8,178,bot4,0,trapped,17,0,7.783,0
25,0.8,179,bot4,0,trapped,11,0,7.359,0
25,0.8,180,bot4,1,success,23,0,8.569,1
25,0.8,181,bot4,0,caught,29,5,13.34,0
25,0.8,182,bot4,1,success,7,0,2.428,1
25,0.8,183,bot4,1,success,36,0,13.412,1
25,0.8,184,bot4,0,trapped,19,0,10.708,0
25,0.8,185,bot4,1,success,32,1,12.227,1
25,0.8,186,bot4,1,success,25,0,9.34,0
25,0.8,187,bot4,1,success,33,1,12.983,0
25,0.8,188,bot4,1,success,17,0,5.943,1
25,0.8,189,bot4,0,button_burned,3,0,2.427,0
25,0.8,190,bot4,1,success,11,0,3.762,1
25,0.8,191,bot4,0,trapped,6,1,4.431,0
25,0.8,192,bot4,1,success,34,0,11.749,0
25,0.8,193,bot4,0,button_burned,24,1,8.652,0
25,0.8,194,bot4,1,success,16,0,5.407,1
25,0.8,195,bot4,1,success,4,0,1.231,1
25,0.8,196,bot4,0,caught,3,0,1.415,0
25,0.8,197,bot4,0,button_burned,15,0,7.517,0
25,0.8,198,bot4,1,success,21,0,7.619,1
25,0.8,199,bot4,1,success,30,0,11.031,0
100,0.1,0,bot4,1,success,98,0,580.353,0
100,0.1,1,bot4,1,success,73,0,456.058,1
100,0.1,2,bot4,1,success,28,0,163.789,1
100,0.1,3,bot4,1,success,98,0,621.279,0
100,0.1,4,bot4,1,success,70,0,414.061,1
100,0.1,5,bot4,1,success,108,0,708.261,0
100,0.1,6,bot4,1,success,88,0,569.643,0
100,0.1,7,bot4,1,success,22,0,125.826,1
100,0.1,8,bot4,1,success,154,0,1010.728,0
100,0.1,9,bot4,1,success,67,0,369.881,1
100,0.1,10,bot4,1,success,94,0,558.579,1
100,0.1,11,bot4,1,success,25,0,168.674,1
100,0.1,12,bot4,1,success,63,0,373.156,1
100,0.1,13,bot4,0,button_burned,40,0,219.899,0
100,0.1,14,bot4,1,success,123,0,763.074,0
100,0.1,15,bot4,1,success,136,0,866.487,0
100,0.1,16,bot4,1,success,44,0,264.934,0
100,0.1,17,bot4,1,success,114,0,699.268,0
100,0.1,18,bot4,1,success,75,0,486.081,1
100,0.1,19,bot4,1,success,90,0,514.273,0
100,0.1,20,bot4,1,success,125,0,743.217,0
100,0.1,21,bot4,1,success,57,0,359.859,0
100,0.1,22,bot4,1,success,70,0,421.94,0
100,0.1,23,bot4,1,success,104,0,703.068,0
100,0.1,24,bot4,1,success,125,0,765.847,0
100,0.1,25,bot4,1,success,31,0,168.675,0
100,0.1,26,bot4,1,success,108,0,637.381,1
100,0.1,27,bot4,1,success,164,2,1062.339,0
100,0.1,28,bot4,1,success,44,0,261.235,1
100,0.1,29,bot4,1,success,98,0,602.056,0
100,0.1,30,bot4,1,success,85,0,530.511,1
100,0.1,31,bot4,1,success,53,0,290.009,1
100,0.1,32,bot4,1,success,41,0,224.313,1
100,0.1,33,bot4,1,success,50,0,289.486,0
100,0.1,34,bot4,1,success,25,1,143.231,0
100,0.1,35,bot4,1,success,97,0,568.95,1
100,0.1,36,bot4,1,success,115,0,757.814,0
100,0.1,37,bot4,1,success,32,0,221.626,1
100,0.1,38,bot4,1,success,82,0,514.95,0
100,0.1,39,bot4,1,success,41,0,255.636,1
100,0.1,40,bot4,1,success,73,0,423.01,1
100,0.1,41,bot4,1,success,60,0,355.36,0
100,0.1,42,bot4,1,success,86,0,504.413,1
100,0.1,43,bot4,1,success,121,0,773.892,1
100,0.1,44,bot4,1,success,43,0,326.857,0
100,0.1,45,bot4,1,success,93,0,602.318,1
100,0.1,46,bot4,1,success,116,0,721.177,1
100,0.1,47,bot4,1,success,27,0,141.243,1
100,0.1,48,bot4,1,success,86,0,513.308,0
100,0.1,49,bot4,1,success,70,0,432.691,0
100,0.1,50,bot4,1,success,39,0,209.032,1
100,0.1,51,bot4,1,success,73,0,417.238,0
100,0.1,52,bot4,1,success,40,0,221.326,1
100,0.1,53,bot4,1,success,75,0,433.928,1
100,0.1,54,bot4,1,success,68,0,510.246,1
100,0.1,55,bot4,1,success,78,0,502.592,1
100,0.1,56,bot4,1,success,82,0,527.027,0
100,0.1,57,bot4,1,success,36,0,196.046,1
100,0.1,58,bot4,1,success,158,0,1272.612,0
100,0.1,59,bot4,1,success,35,0,196.928,1
100,0.1,60,bot4,1,success,58,0,323.121,0
100,0.1,61,bot4,1,success,167,0,1150.819,0
100,0.1,62,bot4,1,success,91,0,537.479,0
100,0.1,63,bot4,1,success,72,0,432.906,1
100,0.1,64,bot4,1,success,47,0,284.151,1
100,0.1,65,bot4,1,success,41,0,281.733,1
100,0.1,66,bot4,1,success,20,0,113.662,1
100,0.1,67,bot4,1,success,81,0,490.766,0
100,0.1,68,bot4,1,success,52,0,311.608,1
100,0.1,69,bot4,1,success,20,0,116.339,1
100,0.1,70,bot4,1,success,90,0,543.615,0
100,0.1,71,bot4,1,success,126,0,814.724,0
100,0.1,72,bot4,1,success,137,0,907.034,0
100,0.1,73,bot4,1,success,63,0,380.96,1
100,0.1,74,bot4,1,success,62,0,352.897,1
100,0.1,75,bot4,1,success,70,0,408.598,1
100,0.1,76,bot4,1,success,139,0,1021.53,0
100,0.1,77,bot4,1,success,117,0,713.616,0
100,0.1,78,bot4,1,success,175,0,1145.349,0
100,0.1,79,bot4,1,success,101,0,611.606,0
100,0.1,80,bot4,1,success,86,0,535.645,0
100,0.1,81,bot4,1,success,106,0,671.944,0
100,0.1,82,bot4,1,success,20,0,108.125,1
100,0.1,83,bot4,1,success,158,0,972.129,0
100,0.1,84,bot4,1,success,82,0,518.538,0
100,0.1,85,bot4,1,success,91,0,535.683,0
100,0.1,86,bot4,1,success,170,0,1338.514,0
100,0.1,87,bot4,1,success,62,0,371.941,1
100,0.1,88,bot4,1,success,24,0,139.914,1
100,0.1,89,bot4,1,success,49,0,269.893,1
100,0.1,90,bot4,1,success,63,0,369.465,1
100,0.1,91,bot4,1,success,102,0,640.186,0
100,0.1,92,bot4,1,success,81,0,465.807,0
100,0.1,93,bot4,1,success,95,0,544.281,0
100,0.1,94,bot4,1,success,75,0,442.286,0
100,0.1,95,bot4,1,success,101,0,607.237,0
100,0.1,96,bot4,1,success,80,0,464.66,0
100,0.1,97,bot4,1,success,76,0,440.381,1
100,0.1,98,bot4,1,success,79,0,463.452,1
100,0.1,99,bot4,1,success,67,0,392.498,0
100,0.1,100,bot4,1,success,91,0,539.366,0
100,0.1,101,bot4,1,success,66,0,445.155,1
100,0.1,102,bot4,1,success,102,0,698.939,0
100,0.1,103,bot4,1,success,152,0,948.246,0
100,0.1,104,bot4,1,success,100,0,619.306,0
100,0.1,105,bot4,1,success,66,0,383.201,1
100,0.1,106,bot4,1,success,86,0,561.072,1
100,0.1,107,bot4,1,success,105,0,619.544,0
100,0.1,108,bot4,1,success,96,0,585.044,0
100,0.1,109,bot4,1,success,71,0,411.79,1
100,0.1,110,bot4,1,success,73,0,425.043,1
100,0.1,111,bot4,1,success,116,0,734.16,0
100,0.1,112,bot4,1,success,118,0,703.996,1
100,0.1,113,bot4,1,success,58,0,340.734,1
100,0.1,114,bot4,1,success,76,0,478.973,0
100,0.1,115,bot4,1,success,61,0,359.696,1
100,0.1,116,bot4,1,success,139,0,880.038,0
100,0.1,117,bot4,1,success,92,0,547.699,0
100,0.1,118,bot4,1,success,21,0,119.52,1
100,0.1,119,bot4,1,success,98,0,617.413,0
100,0.1,120,bot4,1,success,86,0,532.934,0
100,0.1,121,bot4,1,success,136,0,920.864,0
100,0.1,122,bot4,1,success,87,0,547.207,0
100,0.1,123,bot4,1,success,54,0,358.443,1
100,0.1,124,bot4,1,success,35,0,218.561,1
100,0.1,125,bot4,1,success,99,0,653.434,0
100,0.1,126,bot4,1,success,105,0,662.202,0
100,0.1,127,bot4,1,success,70,0,423.644,1
100,0.1,128,bot4,1,success,78,0,492.388,0
100,0.1,129,bot4,1,success,124,0,819.594,0
100,0.1,130,bot4,1,success,124,0,818.192,0
100,0.1,131,bot4,1,success,91,0,520.386,0
100,0.1,132,bot4,1,success,70,0,403.576,1
100,0.1,133,bot4,1,success,99,0,637.505,0
100,0.1,134,bot4,1,success,130,0,860.08,0
100,0.1,135,bot4,1,success,97,0,598.08,0
100,0.1,136,bot4,1,success,106,0,660.081,0
100,0.1,137,bot4,1,success,79,0,485.129,0
100,0.1,138,bot4,1,success,100,0,626.217,0
100,0.1,139,bot4,1,success,15,0,97.934,1
100,0.1,140,bot4,1,success,76,0,465.746,0
100,0.1,141,bot4,1,success,70,0,452.035,0
100,0.1,142,bot4,1,success,94,0,581.411,1
100,0.1,143,bot4,1,success,77,0,483.741,0
100,0.1,144,bot4,1,success,59,0,344.574,1
100,0.1,145,bot4,1,success,15,0,82.629,1
100,0.1,146,bot4,1,success,124,0,796.981,0
100,0.1,147,bot4,1,success,36,0,196.261,1
100,0.1,148,bot4,1,success,96,0,589.236,0
100,0.1,149,bot4,1,success,111,0,671.921,1
100,0.1,150,bot4,1,success,30,0,176.541,1
100,0.1,151,bot4,1,success,76,0,455.245,1
100,0.1,152,bot4,1,success,26,0,153.884,1
100,0.1,153,bot4,0,button_burned,93,1,562.241,0
100,0.1,154,bot4,1,success,81,0,454.455,1
100,0.1,155,bot4,1,success,90,0,558.207,0
100,0.1,156,bot4,1,success,36,0,204.833,1
100,0.1,157,bot4,1,success,65,0,378.361,1
100,0.1,158,bot4,1,success,112,0,665.568,1
100,0.1,159,bot4,1,success,113,0,666.737,0
100,0.1,160,bot4,1,success,94,0,577.564,1
100,0.1,161,bot4,1,success,89,0,550.013,0
100,0.1,162,bot4,1,success,81,0,498.351,1
100,0.1,163,bot4,1,success,54,0,319.544,1
100,0.1,164,bot4,1,success,57,0,329.025,0
100,0.1,165,bot4,1,success,156,0,1027.783,0
100,0.1,166,bot4,1,success,47,0,282.254,0
100,0.1,167,bot4,1,success,78,0,466.771,1
100,0.1,168,bot4,1,success,36,0,199.069,1
100,0.1,169,bot4,1,success,47,0,285.721,1
100,0.1,170,bot4,1,success,76,0,446.286,0
100,0.1,171,bot4,1,success,106,0,634.355,0
100,0.1,172,bot4,1,success,53,0,304.846,0
100,0.1,173,bot4,1,success,55,0,346.852,1
100,0.1,174,bot4,1,success,33,0,199.574,1
100,0.1,175,bot4,1,success,80,0,514.311,1
100,0.1,176,bot4,1,success,64,1,405.435,0
100,0.1,177,bot4,1,success,80,0,510.378,0
100,0.1,178,bot4,1,success,16,0,91.519,1
100,0.1,179,bot4,1,success,53,0,320.676,1
100,0.1,180,bot4,1,success,37,0,235.688,1
100,0.1,181,bot4,1,success,109,0,663.345,1
100,0.1,182,bot4,1,success,103,0,672.443,0
100,0.1,183,bot4,1,success,44,0,275.957,1
100,0.1,184,bot4,1,success,46,0,268.506,0
100,0.1,185,bot4,1,success,63,0,403.907,1
100,0.1,186,bot4,1,success,95,0,588.804,0
100,0.1,187,bot4,1,success,56,0,315.205,0
100,0.1,188,bot4,1,success,85,0,506.515,0
100,0.1,189,bot4,1,success,36,0,202.015,1
100,0.1,190,bot4,1,success,84,0,531.03,0
100,0.1,191,bot4,1,success,37,0,208.753,1
100,0.1,192,bot4,1,success,97,0,567.793,0
100,0.1,193,bot4,1,success,58,0,371.318,1
100,0.1,194,bot4,1,success,18,0,99.663,1
100,0.1,195,bot4,1,success,87,0,544.09,0
100,0.1,196,bot4,1,success,27,0,151.649,1
100,0.1,197,bot4,1,success,24,0,140.696,1
100,0.1,198,bot4,1,success,15,0,88.001,1
100,0.1,199,bot4,1,success,121,2,720.651,0
100,0.2,0,bot4,1,success,98,0,668.17,0
100,0.2,1,bot4,1,success,73,0,454.611,1
100,0.2,2,bot4,1,success,28,0,163.178,1
100,0.2,3,bot4,1,success,98,0,604.002,0
100,0.2,4,bot4,1,success,70,0,434.851,1
100,0.2,5,bot4,1,success,108,0,654.856,0
100,0.2,6,bot4,1,success,102,4,603.834,0
100,0.2,7,bot4,1,success,22,0,123.184,1
100,0.2,8,bot4,1,success,158,0,1064.704,0
100,0.2,9,bot4,1,success,67,0,396.85,1
100,0.2,10,bot4,1,success,94,0,593.638,1
100,0.2,11,bot4,1,success,25,0,142.323,1
100,0.2,12,bot4,1,success,63,0,400.396,1
100,0.2,13,bot4,0,button_burned,26,0,157.343,0
100,0.2,14,bot4,1,success,125,0,820.027,0
100,0.2,15,bot4,1,success,136,0,890.667,0
100,0.2,16,bot4,1,success,44,0,293.926,0
100,0.2,17,bot4,1,success,114,0,724.222,0
100,0.2,18,bot4,1,success,75,0,430.757,1
100,0.2,19,bot4,1,success,104,1,691.437,0
100,0.2,20,bot4,1,success,125,0,840.293,0
100,0.2,21,bot4,1,success,57,0,351.287,0
100,0.2,22,bot4,1,success,70,0,407.178,0
100,0.2,23,bot4,0,button_burned,91,0,520.656,0
100,0.2,24,bot4,1,success,125,0,789.484,0
100,0.2,25,bot4,1,success,31,0,274.014,0
100,0.2,26,bot4,1,success,108,0,737.855,1
100,0.2,27,bot4,1,success,164,0,1038.42,0
100,0.2,28,bot4,1,success,44,0,240.478,1
100,0.2,29,bot4,1,success,98,0,569.389,0
100,0.2,30,bot4,1,success,85,0,555.254,1
100,0.2,31,bot4,1,success,53,0,333.234,1
100,0.2,32,bot4,1,success,41,0,231.145,1
100,0.2,33,bot4,1,success,50,0,271.24,0
100,0.2,34,bot4,1,success,39,2,211.974,0
100,0.2,35,bot4,1,success,97,0,598.631,1
100,0.2,36,bot4,1,success,115,0,767.747,0
100,0.2,37,bot4,1,success,32,0,173.565,1
100,0.2,38,bot4,1,success,82,0,516.468,0
100,0.2,39,bot4,1,success,41,0,239.717,1
100,0.2,40,bot4,1,success,73,0,431.577,1
100,0.2,41,bot4,1,success,60,0,328.768,0
100,0.2,42,bot4,1,success,86,0,498.133,1
100,0.2,43,bot4,1,success,121,0,783.312,1
100,0.2,44,bot4,1,success,43,0,260.074,0
100,0.2,45,bot4,1,success,93,0,603.58,1
100,0.2,46,bot4,1,success,116,0,712.216,1
100,0.2,47,bot4,1,success,27,0,152.1,1
100,0.2,48,bot4,1,success,86,0,559.71,0
100,0.2,49,bot4,1,success,70,0,448.209,0
100,0.2,50,bot4,1,success,39,0,216.07,1
100,0.2,51,bot4,1,success,73,0,422.615,0
100,0.2,52,bot4,1,success,40,0,222.705,1
100,0.2,53,bot4,1,success,75,0,453.268,1
100,0.2,54,bot4,1,success,68,0,441.914,1
100,0.2,55,bot4,1,success,78,0,447.682,1
100,0.2,56,bot4,1,success,82,0,501.262,0
100,0.2,57,bot4,1,success,36,0,208.898,1
100,0.2,58,bot4,1,success,160,1,1251.309,0
100,0.2,59,bot4,1,success,35,0,194.309,1
100,0.2,60,bot4,1,success,58,0,369.619,0
100,0.2,61,bot4,1,success,167,0,1152.128,0
100,0.2,62,bot4,1,success,91,0,594.761,0
100,0.2,63,bot4,1,success,72,0,456.37,1
100,0.2,64,bot4,1,success,47,0,264.904,1
100,0.2,65,bot4,1,success,41,0,248.226,1
100,0.2,66,bot4,1,success,20,0,116.518,1
100,0.2,67,bot4,1,success,81,0,477.461,0
100,0.2,68,bot4,1,success,52,0,302.584,1
100,0.2,69,bot4,1,success,20,0,115.291,1
100,0.2,70,bot4,1,success,90,0,555.007,0
100,0.2,71,bot4,1,success,126,0,849.0,0
100,0.2,72,bot4,1,success,137,0,999.18,0
100,0.2,73,bot4,1,success,63,0,362.733,1
100,0.2,74,bot4,1,success,62,0,378.841,1
100,0.2,75,bot4,1,success,70,0,440.078,1
100,0.2,76,bot4,1,success,139,0,1008.531,0
100,0.2,77,bot4,1,success,117,0,786.001,0
100,0.2,78,bot4,1,success,175,0,1122.639,0
100,0.2,79,bot4,1,success,101,0,603.29,0
100,0.2,80,bot4,1,success,86,0,523.954,0
100,0.2,81,bot4,1,success,106,0,685.522,0
100,0.2,82,bot4,1,success,20,0,111.583,1
100,0.2,83,bot4,1,success,164,3,1057.304,0
100,0.2,84,bot4,1,success,82,0,542.588,0
100,0.2,85,bot4,0,button_burned,40,0,239.392,0
100,0.2,86,bot4,1,success,170,0,1313.844,0
100,0.2,87,bot4,1,success,62,0,373.736,1
100,0.2,88,bot4,1,success,24,0,145.486,1
100,0.2,89,bot4,1,success,49,0,368.053,1
100,0.2,90,bot4,1,success,63,0,365.617,1
100,0.2,91,bot4,1,success,102,0,633.198,0
100,0.2,92,bot4,1,success,81,0,492.229,0
100,0.2,93,bot4,1,success,95,0,582.832,0
100,0.2,94,bot4,1,success,75,0,452.203,0
100,0.2,95,bot4,1,success,101,0,641.54,0
100,0.2,96,bot4,0,button_burned,95,7,610.85,0
100,0.2,97,bot4,1,success,76,0,450.372,1
100,0.2,98,bot4,1,success,79,0,460.078,1
100,0.2,99,bot4,1,success,67,0,384.449,0
100,0.2,100,bot4,1,success,91,0,535.94,0
100,0.2,101,bot4,1,success,66,0,396.74,1
100,0.2,102,bot4,1,success,102,0,639.882,0
100,0.2,103,bot4,1,success,152,0,1069.933,0
100,0.2,104,bot4,1,success,100,0,606.116,0
100,0.2,105,bot4,1,success,66,0,428.472,1
100,0.2,106,bot4,1,success,86,0,563.942,1
100,0.2,107,bot4,1,success,105,0,678.186,0
100,0.2,108,bot4,0,button_burned,62,0,429.78,0
100,0.2,109,bot4,1,success,71,0,449.674,1
100,0.2,110,bot4,1,success,73,0,453.347,1
100,0.2,111,bot4,1,success,116,0,808.922,0
100,0.2,112,bot4,1,success,118,0,815.249,1
100,0.2,113,bot4,1,success,58,0,334.644,1
100,0.2,114,bot4,1,success,76,0,447.566,0
100,0.2,115,bot4,1,success,61,0,364.085,1
100,0.2,116,bot4,0,button_burned,150,1,978.369,0
100,0.2,117,bot4,0,button_burned,75,1,478.358,0
100,0.2,118,bot4,1,success,21,0,138.087,1
100,0.2,119,bot4,1,success,98,0,608.306,0
100,0.2,120,bot4,1,success,86,0,515.255,0
100,0.2,121,bot4,1,success,154,6,972.476,0
100,0.2,122,bot4,1,success,87,0,501.754,0
100,0.2,123,bot4,1,success,54,0,339.255,1
100,0.2,124,bot4,1,success,35,0,185.047,1
100,0.2,125,bot4,1,success,99,0,592.933,0
100,0.2,126,bot4,0,button_burned,85,0,511.469,0
100,0.2,127,bot4,1,success,70,0,451.696,1
100,0.2,128,bot4,1,success,98,1,601.578,0
100,0.2,129,bot4,1,success,124,0,873.156,0
100,0.2,130,bot4,1,success,124,0,811.115,0
100,0.2,131,bot4,1,success,91,0,589.013,0
100,0.2,132,bot4,1,success,70,0,408.838,1
100,0.2,133,bot4,1,success,119,0,705.854,0
100,0.2,134,bot4,1,success,130,0,901.052,0
100,0.2,135,bot4,1,success,97,0,593.248,0
100,0.2,136,bot4,1,success,106,0,638.421,0
100,0.2,137,bot4,1,success,79,0,531.794,0
100,0.2,138,bot4,1,success,100,0,590.154,0
100,0.2,139,bot4,1,success,15,0,84.574,1
100,0.2,140,bot4,1,success,76,0,436.993,0
100,0.2,141,bot4,1,success,82,0,485.632,0
100,0.2,142,bot4,1,success,94,0,570.994,1
100,0.2,143,bot4,0,caught,53,0,319.456,0
100,0.2,144,bot4,1,success,59,0,361.414,1
100,0.2,145,bot4,1,success,15,0,82.63,1
100,0.2,146,bot4,1,success,124,0,733.414,0
100,0.2,147,bot4,1,success,36,0,196.056,1
100,0.2,148,bot4,1,success,96,0,573.707,0
100,0.2,149,bot4,1,success,111,0,723.085,1
100,0.2,150,bot4,1,success,30,0,182.208,1
100,0.2,151,bot4,1,success,76,0,465.775,1
100,0.2,152,bot4,1,success,26,0,149.754,1
100,0.2,153,bot4,0,trapped,78,0,615.011,0
100,0.2,154,bot4,1,success,81,0,511.708,1
100,0.2,155,bot4,1,success,90,0,570.998,0
100,0.2,156,bot4,1,success,36,0,208.479,1
100,0.2,157,bot4,1,success,65,0,443.452,1
100,0.2,158,bot4,1,success,112,0,717.193,1
100,0.2,159,bot4,1,success,113,0,750.608,0
100,0.2,160,bot4,1,success,94,0,643.036,1
100,0.2,161,bot4,1,success,89,0,513.506,0
100,0.2,162,bot4,1,success,81,0,507.786,1
100,0.2,163,bot4,1,success,54,0,311.542,1
100,0.2,164,bot4,1,success,57,0,334.78,0
100,0.2,165,bot4,1,success,156,0,970.743,0
100,0.2,166,bot4,1,success,47,0,283.976,0
100,0.2,167,bot4,1,success,78,0,536.572,1
100,0.2,168,bot4,1,success,36,0,207.246,1
100,0.2,169,bot4,1,success,47,0,263.074,1
100,0.2,170,bot4,1,success,76,0,491.806,0
100,0.2,171,bot4,1,success,106,0,714.245,0
100,0.2,172,bot4,1,success,53,0,314.773,0
100,0.2,173,bot4,1,success,55,0,302.307,1
100,0.2,174,bot4,1,success,33,0,185.852,1
100,0.2,175,bot4,1,success,80,0,577.271,1
100,0.2,176,bot4,1,success,72,2,427.015,0
100,0.2,177,bot4,1,success,80,0,475.237,0
100,0.2,178,bot4,1,success,16,0,102.325,1
100,0.2,179,bot4,1,success,53,0,322.397,1
100,0.2,180,bot4,1,success,37,0,201.935,1
100,0.2,181,bot4,1,success,109,0,671.909,1
100,0.2,182,bot4,1,success,103,0,712.449,0
100,0.2,183,bot4,1,success,44,0,270.003,1
100,0.2,184,bot4,1,success,46,0,256.744,0
100,0.2,185,bot4,1,success,63,0,358.013,1
100,0.2,186,bot4,1,success,95,0,669.895,0
100,0.2,187,bot4,1,success,56,0,348.462,0
100,0.2,188,bot4,1,success,85,0,536.614,0
100,0.2,189,bot4,1,success,36,0,214.925,1
100,0.2,190,bot4,0,button_burned,24,0,192.924,0
100,0.2,191,bot4,1,success,37,0,235.007,1
100,0.2,192,bot4,1,success,97,0,599.546,0
100,0.2,193,bot4,1,success,58,0,318.894,1
100,0.2,194,bot4,1,success,18,0,97.974,1
100,0.2,195,bot4,1,success,87,0,606.507,0
100,0.2,196,bot4,1,success,27,0,155.754,1
100,0.2,197,bot4,1,success,24,0,168.618,1
100,0.2,198,bot4,1,success,15,0,86.496,1
100,0.2,199,bot4,0,button_burned,105,0,708.501,0
100,0.3,0,bot4,1,success,98,0,580.553,0
100,0.3,1,bot4,1,success,73,0,446.135,1
100,0.3,2,bot4,1,success,28,0,154.419,1
100,0.3,3,bot4,1,success,98,0,593.544,0
100,0.3,4,bot4,1,success,70,0,470.405,1
100,0.3,5,bot4,1,success,108,0,751.71,0
100,0.3,6,bot4,0,button_burned,112,2,693.37,0
100,0.3,7,bot4,1,success,22,0,144.642,1
100,0.3,8,bot4,1,success,158,0,1080.194,0
100,0.3,9,bot4,1,success,67,0,404.778,1
100,0.3,10,bot4,1,success,94,0,589.819,1
100,0.3,11,bot4,1,success,25,0,132.038,1
100,0.3,12,bot4,1,success,63,0,361.87,1
100,0.3,13,bot4,0,button_burned,20,0,135.947,0
100,0.3,14,bot4,0,trapped,129,1,891.09,0
100,0.3,15,bot4,1,success,136,0,820.132,0
100,0.3,16,bot4,1,success,44,0,262.809,0
100,0.3,17,bot4,1,success,114,0,783.123,0
100,0.3,18,bot4,1,success,75,0,433.136,1
100,0.3,19,bot4,0,caught,21,0,161.272,0
100,0.3,20,bot4,1,success,125,0,829.927,0
100,0.3,21,bot4,1,success,57,0,338.47,0
100,0.3,22,bot4,1,success,70,0,438.327,0
100,0.3,23,bot4,0,button_burned,68,0,486.662,0
100,0.3,24,bot4,1,success,125,0,772.092,0
100,0.3,25,bot4,1,success,31,0,180.935,0
100,0.3,26,bot4,1,success,108,0,643.202,1
100,0.3,27,bot4,1,success,186,1,1283.222,0
100,0.3,28,bot4,1,success,44,0,287.165,1
100,0.3,29,bot4,1,success,98,0,623.507,0
100,0.3,30,bot4,1,success,85,0,543.427,1
100,0.3,31,bot4,1,success,53,0,315.641,1
100,0.3,32,bot4,1,success,41,0,271.184,1
100,0.3,33,bot4,1,success,50,0,310.129,0
100,0.3,34,bot4,1,success,39,2,225.107,0
100,0.3,35,bot4,1,success,97,0,608.504,1
100,0.3,36,bot4,1,success,115,0,887.172,0
100,0.3,37,bot4,1,success,32,0,181.464,1
100,0.3,38,bot4,1,success,82,0,492.407,0
100,0.3,39,bot4,1,success,41,0,227.696,1
100,0.3,40,bot4,1,success,73,0,432.851,1
100,0.3,41,bot4,1,success,60,0,342.566,0
100,0.3,42,bot4,1,success,86,0,524.115,1
100,0.3,43,bot4,1,success,121,0,764.361,1
100,0.3,44,bot4,1,success,43,0,269.271,0
100,0.3,45,bot4,1,success,93,0,545.102,1
100,0.3,46,bot4,1,success,116,0,802.108,1
100,0.3,47,bot4,1,success,27,0,170.191,1
100,0.3,48,bot4,1,success,86,0,558.341,0
100,0.3,49,bot4,1,success,70,0,423.718,0
100,0.3,50,bot4,1,success,39,0,229.305,1
100,0.3,51,bot4,1,success,73,0,485.13,0
100,0.3,52,bot4,1,success,40,0,291.47,1
100,0.3,53,bot4,1,success,75,0,474.474,1
100,0.3,54,bot4,1,success,68,0,447.008,1
100,0.3,55,bot4,1,success,78,0,490.194,1
100,0.3,56,bot4,1,success,82,0,547.517,0
100,0.3,57,bot4,1,success,36,0,214.691,1
100,0.3,58,bot4,0,trapped,109,0,994.118,0
100,0.3,59,bot4,1,success,35,0,209.912,1
100,0.3,60,bot4,1,success,58,0,367.838,0
100,0.3,61,bot4,1,success,167,0,1090.625,0
100,0.3,62,bot4,1,success,91,0,534.056,0
100,0.3,63,bot4,1,success,72,0,448.225,1
100,0.3,64,bot4,1,success,47,0,276.142,1
100,0.3,65,bot4,1,success,41,0,245.053,1
100,0.3,66,bot4,1,success,20,0,124.682,1
100,0.3,67,bot4,1,success,81,0,481.62,0
100,0.3,68,bot4,1,success,52,0,309.427,1
100,0.3,69,bot4,1,success,20,0,114.794,1
100,0.3,70,bot4,1,success,90,0,625.858,0
100,0.3,71,bot4,1,success,126,0,876.805,0
100,0.3,72,bot4,1,success,137,0,1063.379,0
100,0.3,73,bot4,1,success,63,0,380.152,1
100,0.3,74,bot4,1,success,62,0,359.368,1
100,0.3,75,bot4,1,success,70,0,443.909,1
100,0.3,76,bot4,1,success,139,0,1029.941,0
100,0.3,77,bot4,1,success,117,0,742.667,0
100,0.3,78,bot4,1,success,189,6,1333.897,0
100,0.3,79,bot4,1,success,101,0,633.118,0
100,0.3,80,bot4,1,success,116,0,788.336,0
100,0.3,81,bot4,1,success,106,0,665.61,0
100,0.3,82,bot4,1,success,20,0,108.734,1
100,0.3,83,bot4,1,success,158,0,931.009,0
100,0.3,84,bot4,1,success,82,0,521.252,0
100,0.3,85,bot4,0,button_burned,22,0,143.267,0
100,0.3,86,bot4,0,caught,102,2,975.803,0
100,0.3,87,bot4,1,success,62,0,361.339,1
100,0.3,88,bot4,1,success,24,0,130.976,1
100,0.3,89,bot4,1,success,49,0,282.77,1
100,0.3,90,bot4,1,success,63,0,383.341,1
100,0.3,91,bot4,0,button_burned,101,0,633.857,0
100,0.3,92,bot4,1,success,81,0,493.708,0
100,0.3,93,bot4,1,success,95,0,584.05,0
100,0.3,94,bot4,1,success,75,0,472.386,0
100,0.3,95,bot4,1,success,101,0,606.914,0
100,0.3,96,bot4,0,button_burned,64,0,419.299,0
100,0.3,97,bot4,1,success,76,0,441.057,1
100,0.3,98,bot4,1,success,79,0,488.326,1
100,0.3,99,bot4,1,success,67,0,414.924,0
100,0.3,100,bot4,1,success,93,1,539.704,0
100,0.3,101,bot4,1,success,66,0,399.149,1
100,0.3,102,bot4,1,success,102,0,634.464,0
100,0.3,103,bot4,1,success,152,0,956.61,0
100,0.3,104,bot4,1,success,100,0,681.027,0
100,0.3,105,bot4,1,success,66,0,393.357,1
100,0.3,106,bot4,1,success,86,0,539.13,1
100,0.3,107,bot4,1,success,105,0,687.044,0
100,0.3,108,bot4,0,button_burned,41,0,279.87,0
100,0.3,109,bot4,1,success,71,0,441.974,1
100,0.3,110,bot4,1,success,73,0,428.735,1
100,0.3,111,bot4,0,button_burned,100,0,653.201,0
100,0.3,112,bot4,1,success,118,0,714.516,1
100,0.3,113,bot4,1,success,58,0,343.182,1
100,0.3,114,bot4,1,success,76,0,442.937,0
100,0.3,115,bot4,1,success,61,0,344.384,1
100,0.3,116,bot4,0,trapped,119,4,791.303,0
100,0.3,117,bot4,0,button_burned,36,0,267.735,0
100,0.3,118,bot4,1,success,21,0,115.57,1
100,0.3,119,bot4,1,success,98,0,594.616,0
100,0.3,120,bot4,1,success,86,0,559.038,0
100,0.3,121,bot4,1,success,148,0,887.028,0
100,0.3,122,bot4,1,success,87,0,518.688,0
100,0.3,123,bot4,1,success,54,0,349.738,1
100,0.3,124,bot4,1,success,35,0,193.777,1
100,0.3,125,bot4,0,button_burned,56,0,398.528,0
100,0.3,126,bot4,0,button_burned,53,0,333.453,0
100,0.3,127,bot4,1,success,70,0,411.879,1
100,0.3,128,bot4,0,button_burned,92,0,634.33,0
100,0.3,129,bot4,1,success,124,0,815.254,0
100,0.3,130,bot4,1,success,124,0,751.648,0
100,0.3,131,bot4,1,success,91,0,525.418,0
100,0.3,132,bot4,1,success,70,0,461.522,1
100,0.3,133,bot4,1,success,119,2,726.01,0
100,0.3,134,bot4,1,success,130,0,858.685,0
100,0.3,135,bot4,1,success,97,0,618.898,0
100,0.3,136,bot4,1,success,106,0,654.901,0
100,0.3,137,bot4,1,success,79,0,474.229,0
100,0.3,138,bot4,1,success,100,0,615.797,0
100,0.3,139,bot4,1,success,15,0,83.29,1
100,0.3,140,bot4,1,success,76,0,439.939,0
100,0.3,141,bot4,0,button_burned,73,2,415.888,0
100,0.3,142,bot4,1,success,94,0,589.817,1
100,0.3,143,bot4,0,button_burned,109,0,743.55,0
100,0.3,144,bot4,1,success,59,0,367.28,1
100,0.3,145,bot4,1,success,15,0,81.496,1
100,0.3,146,bot4,1,success,124,0,801.623,0
100,0.3,147,bot4,1,success,36,0,220.649,1
100,0.3,148,bot4,1,success,96,0,571.241,0
100,0.3,149,bot4,1,success,111,0,953.87,1
100,0.3,150,bot4,1,success,30,0,188.134,1
100,0.3,151,bot4,1,success,76,0,465.48,1
100,0.3,152,bot4,1,success,26,0,144.078,1
100,0.3,153,bot4,0,button_burned,39,0,350.918,0
100,0.3,154,bot4,1,success,81,0,653.841,1
100,0.3,155,bot4,1,success,90,0,557.552,0
100,0.3,156,bot4,1,success,36,0,223.061,1
100,0.3,157,bot4,1,success,65,0,438.711,1
100,0.3,158,bot4,1,success,112,0,927.324,1
100,0.3,159,bot4,1,success,113,0,1032.348,0
100,0.3,160,bot4,1,success,94,0,863.506,1
100,0.3,161,bot4,1,success,89,0,693.991,0
100,0.3,162,bot4,1,success,81,0,520.996,1
100,0.3,163,bot4,1,success,54,0,316.566,1
100,0.3,164,bot4,1,success,57,0,331.738,0
100,0.3,165,bot4,0,trapped,150,2,1204.518,0
100,0.3,166,bot4,1,success,47,0,305.736,0
100,0.3,167,bot4,1,success,78,0,461.518,1
100,0.3,168,bot4,1,success,36,0,209.934,1
100,0.3,169,bot4,1,success,47,0,277.361,1
100,0.3,170,bot4,0,button_burned,61,1,585.779,0
100,0.3,171,bot4,1,success,106,0,684.864,0
100,0.3,172,bot4,1,success,53,0,310.46,0
100,0.3,173,bot4,1,success,55,0,308.438,1
100,0.3,174,bot4,1,success,33,0,195.368,1
100,0.3,175,bot4,1,success,80,0,532.575,1
100,0.3,176,bot4,0,trapped,52,4,363.268,0
100,0.3,177,bot4,1,success,80,0,446.718,0
100,0.3,178,bot4,1,success,16,0,91.38,1
100,0.3,179,bot4,1,success,53,0,338.326,1
100,0.3,180,bot4,1,success,37,0,213.57,1
100,0.3,181,bot4,1,success,109,0,686.149,1
100,0.3,182,bot4,1,success,103,0,653.513,0
100,0.3,183,bot4,1,success,44,0,250.705,1
100,0.3,184,bot4,1,success,46,0,275.863,0
100,0.3,185,bot4,1,success,63,0,354.055,1
100,0.3,186,bot4,1,success,95,0,608.279,0
100,0.3,187,bot4,1,success,56,0,318.977,0
100,0.3,188,bot4,1,success,85,0,512.466,0
100,0.3,189,bot4,1,success,36,0,206.419,1
100,0.3,190,bot4,0,button_burned,16,0,108.353,0
100,0.3,191,bot4,1,success,37,0,218.42,1
100,0.3,192,bot4,0,trapped,108,2,687.304,0
100,0.3,193,bot4,1,success,58,0,335.911,1
100,0.3,194,bot4,1,success,18,0,100.185,1
100,0.3,195,bot4,1,success,87,0,545.467,0
100,0.3,196,bot4,1,success,27,0,171.416,1
100,0.3,197,bot4,1,success,24,0,154.199,1
100,0.3,198,bot4,1,success,15,0,82.989,1
100,0.3,199,bot4,0,button_burned,59,2,379.028,0
100,0.4,0,bot4,1,success,98,0,586.649,0
100,0.4,1,bot4,1,success,73,0,404.671,1
100,0.4,2,bot4,1,success,28,0,162.384,1
100,0.4,3,bot4,1,success,98,0,615.473,0
100,0.4,4,bot4,1,success,70,0,410.476,1
100,0.4,5,bot4,1,success,108,0,666.711,0
100,0.4,6,bot4,0,button_burned,86,0,549.585,0
100,0.4,7,bot4,1,success,22,0,133.428,1
100,0.4,8,bot4,1,success,160,0,1121.912,0
100,0.4,9,bot4,1,success,67,0,421.827,1
100,0.4,10,bot4,1,success,94,0,559.398,1
100,0.4,11,bot4,1,success,25,0,140.106,1
100,0.4,12,bot4,1,success,63,0,385.673,1
100,0.4,13,bot4,0,button_burned,18,0,105.079,0
100,0.4,14,bot4,0,trapped,86,0,578.004,0
100,0.4,15,bot4,0,button_burned,132,3,861.91,0
100,0.4,16,bot4,0,button_burned,29,0,164.751,0
100,0.4,17,bot4,1,success,114,0,721.434,0
100,0.4,18,bot4,1,success,75,0,454.648,1
100,0.4,19,bot4,0,button_burned,118,8,755.396,0
100,0.4,20,bot4,1,success,125,0,747.245,0
100,0.4,21,bot4,1,success,57,0,329.762,0
100,0.4,22,bot4,1,success,70,0,408.467,0
100,0.4,23,bot4,0,button_burned,55,0,356.39,0
100,0.4,24,bot4,1,success,125,0,833.996,0
100,0.4,25,bot4,0,button_burned,51,6,306.441,0
100,0.4,26,bot4,1,success,108,0,656.543,1
100,0.4,27,bot4,0,trapped,148,4,1076.871,0
100,0.4,28,bot4,1,success,44,0,413.31,1
100,0.4,29,bot4,1,success,98,0,606.344,0
100,0.4,30,bot4,1,success,85,0,518.106,1
100,0.4,31,bot4,1,success,53,0,308.112,1
100,0.4,32,bot4,1,success,41,0,231.058,1
100,0.4,33,bot4,1,success,50,0,290.477,0
100,0.4,34,bot4,0,button_burned,27,1,197.789,0
100,0.4,35,bot4,1,success,97,0,583.727,1
100,0.4,36,bot4,1,success,115,0,851.957,0
100,0.4,37,bot4,1,success,32,0,190.416,1
100,0.4,38,bot4,1,success,82,0,520.961,0
100,0.4,39,bot4,1,success,41,0,230.974,1
100,0.4,40,bot4,1,success,73,0,427.908,1
100,0.4,41,bot4,1,success,60,0,370.841,0
100,0.4,42,bot4,1,success,86,0,481.233,1
100,0.4,43,bot4,1,success,121,0,745.429,1
100,0.4,44,bot4,1,success,43,0,275.747,0
100,0.4,45,bot4,1,success,93,0,541.214,1
100,0.4,46,bot4,1,success,116,0,712.793,1
100,0.4,47,bot4,1,success,27,0,147.158,1
100,0.4,48,bot4,1,success,86,0,584.655,0
100,0.4,49,bot4,1,success,70,0,462.289,0
100,0.4,50,bot4,1,success,39,0,237.151,1
100,0.4,51,bot4,1,success,73,0,403.431,0
100,0.4,52,bot4,1,success,40,0,237.516,1
100,0.4,53,bot4,1,success,75,0,485.725,1
100,0.4,54,bot4,1,success,68,0,401.979,1
100,0.4,55,bot4,1,success,78,0,466.442,1
100,0.4,56,bot4,1,success,82,0,534.896,0
100,0.4,57,bot4,1,success,36,0,210.433,1
100,0.4,58,bot4,0,trapped,143,3,1271.274,0
100,0.4,59,bot4,1,success,35,0,211.722,1
100,0.4,60,bot4,1,success,58,0,333.284,0
100,0.4,61,bot4,1,success,167,0,1114.082,0
100,0.4,62,bot4,0,caught,99,2,593.956,0
100,0.4,63,bot4,1,success,72,0,430.166,1
100,0.4,64,bot4,1,success,47,0,265.895,1
100,0.4,65,bot4,1,success,41,0,240.775,1
100,0.4,66,bot4,1,success,20,0,117.774,1
100,0.4,67,bot4,1,success,93,3,593.806,0
100,0.4,68,bot4,1,success,52,0,284.328,1
100,0.4,69,bot4,1,success,20,0,122.389,1
100,0.4,70,bot4,1,success,90,0,606.818,0
100,0.4,71,bot4,1,success,142,1,960.102,0
100,0.4,72,bot4,1,success,137,0,906.909,0
100,0.4,73,bot4,1,success,63,0,370.187,1
100,0.4,74,bot4,1,success,62,0,370.693,1
100,0.4,75,bot4,1,success,70,0,406.679,1
100,0.4,76,bot4,0,trapped,115,3,876.586,0
100,0.4,77,bot4,1,success,117,0,725.404,0
100,0.4,78,bot4,0,trapped,143,3,1171.719,0
100,0.4,79,bot4,1,success,101,0,584.696,0
100,0.4,80,bot4,1,success,112,1,670.666,0
100,0.4,81,bot4,1,success,106,0,668.821,0
100,0.4,82,bot4,1,success,20,0,111.403,1
100,0.4,83,bot4,0,trapped,154,7,1016.618,0
100,0.4,84,bot4,1,success,82,0,480.493,0
100,0.4,85,bot4,0,button_burned,21,0,132.303,0
100,0.4,86,bot4,0,trapped,90,0,889.964,0
100,0.4,87,bot4,1,success,62,0,375.308,1
100,0.4,88,bot4,1,success,24,0,141.923,1
100,0.4,89,bot4,1,success,49,0,299.348,1
100,0.4,90,bot4,1,success,63,0,384.295,1
100,0.4,91,bot4,0,button_burned,65,0,399.882,0
100,0.4,92,bot4,1,success,81,0,476.586,0
100,0.4,93,bot4,0,trapped,77,0,491.906,0
100,0.4,94,bot4,1,success,75,0,423.373,0
100,0.4,95,bot4,1,success,101,0,628.988,0
100,0.4,96,bot4,0,button_burned,51,0,330.299,0
100,0.4,97,bot4,1,success,76,0,462.86,1
100,0.4,98,bot4,1,success,79,0,466.194,1
100,0.4,99,bot4,1,success,67,0,373.061,0
100,0.4,100,bot4,1,success,99,1,567.374,0
100,0.4,101,bot4,1,success,66,0,416.37,1
100,0.4,102,bot4,1,success,102,0,610.777,0
100,0.4,103,bot4,1,success,152,0,1014.028,0
100,0.4,104,bot4,1,success,100,0,592.056,0
100,0.4,105,bot4,1,success,66,0,410.247,1
100,0.4,106,bot4,1,success,86,0,517.476,1
100,0.4,107,bot4,1,success,105,0,609.047,0
100,0.4,108,bot4,0,button_burned,24,0,162.247,0
100,0.4,109,bot4,1,success,71,0,407.438,1
100,0.4,110,bot4,1,success,73,0,448.229,1
100,0.4,111,bot4,0,button_burned,62,0,401.661,0
100,0.4,112,bot4,1,success,118,0,780.444,1
100,0.4,113,bot4,1,success,58,0,340.502,1
100,0.4,114,bot4,1,success,76,0,433.746,0
100,0.4,115,bot4,1,success,61,0,400.004,1
100,0.4,116,bot4,0,button_burned,83,0,539.75,0
100,0.4,117,bot4,0,button_burned,48,0,335.183,0
100,0.4,118,bot4,1,success,21,0,122.405,1
100,0.4,119,bot4,1,success,98,0,591.904,0
100,0.4,120,bot4,1,success,86,0,518.647,0
100,0.4,121,bot4,1,success,144,1,937.351,0
100,0.4,122,bot4,0,button_burned,79,0,473.362,0
100,0.4,123,bot4,1,success,54,0,300.917,1
100,0.4,124,bot4,1,success,35,0,212.133,1
100,0.4,125,bot4,0,button_burned,58,2,359.85,0
100,0.4,126,bot4,0,button_burned,47,0,301.339,0
100,0.4,127,bot4,1,success,70,0,392.329,1
100,0.4,128,bot4,0,button_burned,95,0,569.222,0
100,0.4,129,bot4,1,success,124,0,773.088,0
100,0.4,130,bot4,1,success,124,0,810.926,0
100,0.4,131,bot4,1,success,91,0,525.061,0
100,0.4,132,bot4,1,success,70,0,403.632,1
100,0.4,133,bot4,0,button_burned,91,2,563.924,0
100,0.4,134,bot4,1,success,130,0,1036.483,0
100,0.4,135,bot4,1,success,97,0,555.103,0
100,0.4,136,bot4,1,success,106,0,679.293,0
100,0.4,137,bot4,0,button_burned,44,0,324.509,0
100,0.4,138,bot4,1,success,100,0,889.001,0
100,0.4,139,bot4,1,success,15,0,109.011,1
100,0.4,140,bot4,1,success,76,0,435.103,0
100,0.4,141,bot4,0,button_burned,57,0,452.753,0
100,0.4,142,bot4,1,success,94,0,710.364,1
100,0.4,143,bot4,0,button_burned,67,3,454.714,0
100,0.4,144,bot4,1,success,59,0,359.893,1
100,0.4,145,bot4,1,success,15,0,119.845,1
100,0.4,146,bot4,1,success,124,0,944.566,0
100,0.4,147,bot4,1,success,36,0,240.936,1
100,0.4,148,bot4,0,trapped,97,1,671.568,0
100,0.4,149,bot4,1,success,111,0,684.307,1
100,0.4,150,bot4,1,success,30,0,178.289,1
100,0.4,151,bot4,1,success,76,0,489.104,1
100,0.4,152,bot4,1,success,26,0,147.08,1
100,0.4,153,bot4,0,button_burned,27,0,191.335,0
100,0.4,154,bot4,1,success,81,0,469.478,1
100,0.4,155,bot4,1,success,90,0,571.736,0
100,0.4,156,bot4,1,success,36,0,198.091,1
100,0.4,157,bot4,1,success,65,0,366.449,1
100,0.4,158,bot4,1,success,112,0,703.174,1
100,0.4,159,bot4,1,success,113,0,699.677,0
100,0.4,160,bot4,1,success,94,0,582.241,1
100,0.4,161,bot4,1,success,89,0,542.605,0
100,0.4,162,bot4,1,success,81,0,482.126,1
100,0.4,163,bot4,1,success,54,0,332.992,1
100,0.4,164,bot4,1,success,57,0,522.443,0
100,0.4,165,bot4,0,trapped,105,0,740.644,0
100,0.4,166,bot4,0,button_burned,49,0,379.686,0
100,0.4,167,bot4,1,success,78,0,483.451,1
100,0.4,168,bot4,1,success,36,0,247.237,1
100,0.4,169,bot4,1,success,47,0,286.397,1
100,0.4,170,bot4,0,trapped,35,0,230.573,0
100,0.4,171,bot4,1,success,106,0,656.148,0
100,0.4,172,bot4,0,trapped,54,0,332.865,0
100,0.4,173,bot4,1,success,55,0,469.905,1
100,0.4,174,bot4,1,success,33,0,187.101,1
100,0.4,175,bot4,1,success,80,0,484.213,1
100,0.4,176,bot4,0,trapped,49,4,425.128,0
100,0.4,177,bot4,1,success,80,0,442.242,0
100,0.4,178,bot4,1,success,16,0,90.548,1
100,0.4,179,bot4,1,success,53,0,310.999,1
100,0.4,180,bot4,1,success,37,0,199.382,1
100,0.4,181,bot4,1,success,109,0,629.677,1
100,0.4,182,bot4,1,success,103,0,637.542,0
100,0.4,183,bot4,1,success,44,0,250.254,1
100,0.4,184,bot4,1,success,46,0,251.569,0
100,0.4,185,bot4,1,success,63,0,371.388,1
100,0.4,186,bot4,1,success,95,0,641.429,0
100,0.4,187,bot4,1,success,56,0,329.175,0
100,0.4,188,bot4,1,success,85,0,507.297,0
100,0.4,189,bot4,1,success,36,0,204.584,1
100,0.4,190,bot4,0,trapped,22,0,163.836,0
100,0.4,191,bot4,1,success,37,0,212.892,1
100,0.4,192,bot4,0,trapped,82,1,531.027,0
100,0.4,193,bot4,1,success,58,0,338.929,1
100,0.4,194,bot4,1,success,18,0,106.19,1
100,0.4,195,bot4,1,success,87,0,565.027,0
100,0.4,196,bot4,1,success,27,0,161.652,1
100,0.4,197,bot4,1,success,24,0,142.931,1
100,0.4,198,bot4,1,success,15,0,85.379,1
100,0.4,199,bot4,0,button_burned,67,1,477.44,0
100,0.5,0,bot4,1,success,98,0,617.758,0
100,0.5,1,bot4,1,success,73,0,433.061,1
100,0.5,2,bot4,1,success,28,0,173.203,1
100,0.5,3,bot4,1,success,98,0,629.808,0
100,0.5,4,bot4,1,success,70,0,431.993,1
100,0.5,5,bot4,1,success,108,0,689.531,0
100,0.5,6,bot4,0,button_burned,71,0,480.037,0
100,0.5,7,bot4,1,success,22,0,127.59,1
100,0.5,8,bot4,0,caught,14,0,139.114,0
100,0.5,9,bot4,1,success,67,0,386.056,1
100,0.5,10,bot4,1,success,94,0,600.971,1
100,0.5,11,bot4,1,success,25,0,140.325,1
100,0.5,12,bot4,1,success,63,0,383.844,1
100,0.5,13,bot4,0,trapped,14,0,99.636,0
100,0.5,14,bot4,0,trapped,76,0,503.038,0
100,0.5,15,bot4,0,button_burned,103,0,725.08,0
100,0.5,16,bot4,0,button_burned,20,0,134.778,0
100,0.5,17,bot4,1,success,114,0,741.249,0
100,0.5,18,bot4,1,success,75,0,460.521,1
100,0.5,19,bot4,0,caught,47,4,337.58,0
100,0.5,20,bot4,1,success,125,0,812.999,0
100,0.5,21,bot4,1,success,57,0,369.439,0
100,0.5,22,bot4,1,success,70,0,421.769,0
100,0.5,23,bot4,0,button_burned,39,0,260.044,0
100,0.5,24,bot4,1,success,125,0,761.437,0
100,0.5,25,bot4,0,button_burned,42,4,280.441,0
100,0.5,26,bot4,1,success,108,0,708.539,1
100,0.5,27,bot4,0,trapped,105,2,786.105,0
100,0.5,28,bot4,1,success,44,0,280.554,1
100,0.5,29,bot4,0,button_burned,82,0,498.341,0
100,0.5,30,bot4,1,success,85,0,524.696,1
100,0.5,31,bot4,1,success,53,0,328.924,1
100,0.5,32,bot4,1,success,41,0,239.437,1
100,0.5,33,bot4,0,caught,40,0,249.614,0
100,0.5,34,bot4,0,button_burned,21,1,121.939,0
100,0.5,35,bot4,1,success,97,0,619.205,1
100,0.5,36,bot4,1,success,115,0,782.744,0
100,0.5,37,bot4,1,success,32,0,184.558,1
100,0.5,38,bot4,1,success,82,0,511.989,0
100,0.5,39,bot4,1,success,41,0,233.251,1
100,0.5,40,bot4,1,success,73,0,454.724,1
100,0.5,41,bot4,1,success,60,0,340.12,0
100,0.5,42,bot4,1,success,86,0,567.627,1
100,0.5,43,bot4,1,success,121,0,771.05,1
100,0.5,44,bot4,1,success,43,0,251.521,0
100,0.5,45,bot4,1,success,93,0,594.543,1
100,0.5,46,bot4,1,success,116,0,792.816,1
100,0.5,47,bot4,1,success,27,0,162.006,1
100,0.5,48,bot4,1,success,86,0,530.918,0
100,0.5,49,bot4,1,success,70,0,416.388,0
100,0.5,50,bot4,1,success,39,0,225.298,1
100,0.5,51,bot4,0,button_burned,63,0,418.494,0
100,0.5,52,bot4,1,success,40,0,238.49,1
100,0.5,53,bot4,1,success,75,0,548.857,1
100,0.5,54,bot4,1,success,68,0,433.833,1
100,0.5,55,bot4,1,success,78,0,486.771,1
100,0.5,56,bot4,1,success,82,0,527.052,0
100,0.5,57,bot4,1,success,36,0,234.645,1
100,0.5,58,bot4,0,trapped,101,0,1039.988,0
100,0.5,59,bot4,1,success,35,0,211.27,1
100,0.5,60,bot4,1,success,58,0,421.559,0
100,0.5,61,bot4,1,success,167,0,1138.696,0
100,0.5,62,bot4,0,button_burned,79,0,486.775,0
100,0.5,63,bot4,1,success,72,0,428.102,1
100,0.5,64,bot4,1,success,47,0,266.249,1
100,0.5,65,bot4,1,success,41,0,452.648,1
100,0.5,66,bot4,1,success,20,0,117.761,1
100,0.5,67,bot4,0,button_burned,88,5,545.59,0
100,0.5,68,bot4,1,success,52,0,302.274,1
100,0.5,69,bot4,1,success,20,0,111.717,1
100,0.5,70,bot4,1,success,90,0,556.737,0
100,0.5,71,bot4,1,success,136,3,942.736,0
100,0.5,72,bot4,1,success,137,0,914.487,0
100,0.5,73,bot4,1,success,63,0,361.728,1
100,0.5,74,bot4,1,success,62,0,397.384,1
100,0.5,75,bot4,1,success,70,0,419.725,1
100,0.5,76,bot4,0,trapped,97,6,815.904,0
100,0.5,77,bot4,1,success,117,0,754.957,0
100,0.5,78,bot4,0,trapped,106,3,839.186,0
100,0.5,79,bot4,1,success,101,0,595.425,0
100,0.5,80,bot4,0,trapped,65,1,456.69,0
100,0.5,81,bot4,1,success,106,0,675.531,0
100,0.5,82,bot4,1,success,20,0,122.822,1
100,0.5,83,bot4,0,trapped,123,4,884.29,0
100,0.5,84,bot4,1,success,82,0,528.187,0
100,0.5,85,bot4,0,button_burned,26,0,187.058,0
100,0.5,86,bot4,0,trapped,69,0,689.038,0
100,0.5,87,bot4,1,success,62,0,367.453,1
100,0.5,88,bot4,1,success,24,0,142.092,1
100,0.5,89,bot4,1,success,49,0,324.875,1
100,0.5,90,bot4,1,success,63,0,377.959,1
100,0.5,91,bot4,0,button_burned,63,0,410.316,0
100,0.5,92,bot4,1,success,81,0,487.261,0
100,0.5,93,bot4,0,trapped,68,0,463.029,0
100,0.5,94,bot4,1,success,89,5,572.436,0
100,0.5,95,bot4,1,success,101,0,662.79,0
100,0.5,96,bot4,0,button_burned,34,0,311.344,0
100,0.5,97,bot4,1,success,76,0,487.459,1
100,0.5,98,bot4,1,success,79,0,633.904,1
100,0.5,99,bot4,1,success,67,0,476.318,0
100,0.5,100,bot4,1,success,99,2,596.088,0
100,0.5,101,bot4,1,success,66,0,424.158,1
100,0.5,102,bot4,1,success,102,0,653.239,0
100,0.5,103,bot4,1,success,152,0,1025.658,0
100,0.5,104,bot4,1,success,100,0,656.411,0
100,0.5,105,bot4,1,success,66,0,417.079,1
100,0.5,106,bot4,1,success,86,0,673.75,1
100,0.5,107,bot4,1,success,105,0,744.11,0
100,0.5,108,bot4,0,button_burned,29,0,193.385,0
100,0.5,109,bot4,1,success,71,0,485.1,1
100,0.5,110,bot4,1,success,73,0,518.996,1
100,0.5,111,bot4,0,button_burned,63,0,543.603,0
100,0.5,112,bot4,1,success,118,0,779.824,1
100,0.5,113,bot4,1,success,58,0,357.195,1
100,0.5,114,bot4,1,success,76,0,470.736,0
100,0.5,115,bot4,1,success,61,0,375.152,1
100,0.5,116,bot4,0,button_burned,72,0,557.703,0
100,0.5,117,bot4,0,button_burned,28,0,213.295,0
100,0.5,118,bot4,1,success,21,0,117.414,1
100,0.5,119,bot4,1,success,98,0,617.337,0
100,0.5,120,bot4,1,success,86,0,533.71,0
100,0.5,121,bot4,0,trapped,137,2,1014.201,0
100,0.5,122,bot4,0,button_burned,63,0,392.2,0
100,0.5,123,bot4,1,success,54,0,325.412,1
100,0.5,124,bot4,1,success,35,0,211.395,1
100,0.5,125,bot4,0,button_burned,38,0,290.745,0
100,0.5,126,bot4,0,button_burned,32,0,222.513,0
100,0.5,127,bot4,1,success,70,0,425.103,1
100,0.5,128,bot4,0,button_burned,68,1,448.405,0
100,0.5,129,bot4,1,success,124,0,820.365,0
100,0.5,130,bot4,1,success,124,0,804.202,0
100,0.5,131,bot4,0,button_burned,81,0,512.582,0
100,0.5,132,bot4,1,success,70,0,415.173,1
100,0.5,133,bot4,0,button_burned,83,7,532.058,0
100,0.5,134,bot4,1,success,130,0,851.26,0
100,0.5,135,bot4,1,success,97,0,586.884,0
100,0.5,136,bot4,1,success,106,0,630.787,0
100,0.5,137,bot4,0,button_burned,39,0,241.959,0
100,0.5,138,bot4,1,success,100,0,647.361,0
100,0.5,139,bot4,1,success,15,0,82.484,1
100,0.5,140,bot4,0,button_burned,65,0,378.112,0
100,0.5,141,bot4,0,button_burned,41,0,262.858,0
100,0.5,142,bot4,1,success,94,0,610.693,1
100,0.5,143,bot4,0,trapped,74,2,579.339,0
100,0.5,144,bot4,1,success,59,0,338.881,1
100,0.5,145,bot4,1,success,15,0,89.197,1
100,0.5,146,bot4,1,success,124,0,786.968,0
100,0.5,147,bot4,1,success,36,0,211.405,1
100,0.5,148,bot4,0,trapped,71,1,507.861,0
100,0.5,149,bot4,1,success,111,0,682.221,1
100,0.5,150,bot4,1,success,30,0,185.972,1
100,0.5,151,bot4,1,success,76,0,469.645,1
100,0.5,152,bot4,1,success,26,0,140.995,1
100,0.5,153,bot4,0,button_burned,21,0,144.984,0
100,0.5,154,bot4,1,success,81,0,500.154,1
100,0.5,155,bot4,0,trapped,64,0,460.873,0
100,0.5,156,bot4,1,success,36,0,196.289,1
100,0.5,157,bot4,1,success,65,0,387.087,1
100,0.5,158,bot4,1,success,112,0,663.728,1
100,0.5,159,bot4,1,success,113,0,713.257,0
100,0.5,160,bot4,1,success,94,0,625.359,1
100,0.5,161,bot4,1,success,89,0,562.035,0
100,0.5,162,bot4,1,success,81,0,484.439,1
100,0.5,163,bot4,1,success,54,0,324.02,1
100,0.5,164,bot4,1,success,57,0,336.625,0
100,0.5,165,bot4,0,trapped,89,0,611.512,0
100,0.5,166,bot4,0,trapped,38,0,308.925,0
100,0.5,167,bot4,1,success,78,0,459.903,1
100,0.5,168,bot4,1,success,36,0,203.379,1
100,0.5,169,bot4,1,success,47,0,264.373,1
100,0.5,170,bot4,0,button_burned,33,0,207.433,0
100,0.5,171,bot4,1,success,106,0,651.589,0
100,0.5,172,bot4,0,caught,14,0,83.701,0
100,0.5,173,bot4,1,success,55,0,313.729,1
100,0.5,174,bot4,1,success,33,0,205.781,1
100,0.5,175,bot4,1,success,80,0,471.591,1
100,0.5,176,bot4,0,trapped,36,2,250.306,0
100,0.5,177,bot4,1,success,80,0,499.353,0
100,0.5,178,bot4,1,success,16,0,135.586,1
100,0.5,179,bot4,1,success,53,0,336.813,1
100,0.5,180,bot4,1,success,37,0,234.013,1
100,0.5,181,bot4,1,success,109,0,760.253,1
100,0.5,182,bot4,1,success,103,0,615.828,0
100,0.5,183,bot4,1,success,44,0,257.74,1
100,0.5,184,bot4,1,success,46,0,277.646,0
100,0.5,185,bot4,1,success,63,0,394.893,1
100,0.5,186,bot4,1,success,95,0,616.159,0
100,0.5,187,bot4,1,success,56,0,311.862,0
100,0.5,188,bot4,0,button_burned,76,2,628.977,0
100,0.5,189,bot4,1,success,36,0,229.106,1
100,0.5,190,bot4,0,button_burned,16,0,122.754,0
100,0.5,191,bot4,1,success,37,0,203.423,1
100,0.5,192,bot4,0,trapped,69,0,442.484,0
100,0.5,193,bot4,1,success,58,0,334.79,1
100,0.5,194,bot4,1,success,18,0,106.51,1
100,0.5,195,bot4,0,button_burned,87,4,538.778,0
100,0.5,196,bot4,1,success,27,0,154.05,1
100,0.5,197,bot4,1,success,24,0,136.607,1
100,0.5,198,bot4,1,success,15,0,87.119,1
100,0.5,199,bot4,0,button_burned,41,2,296.376,0
100,0.6,0,bot4,1,success,98,0,628.725,0
100,0.6,1,bot4,1,success,73,0,429.041,1
100,0.6,2,bot4,1,success,28,0,166.059,1
100,0.6,3,bot4,1,success,98,0,637.984,0
100,0.6,4,bot4,1,success,70,0,428.115,1
100,0.6,5,bot4,1,success,110,1,686.847,0
100,0.6,6,bot4,0,button_burned,65,10,406.96,0
100,0.6,7,bot4,1,success,22,0,126.275,1
100,0.6,8,bot4,0,trapped,22,0,179.582,0
100,0.6,9,bot4,1,success,67,0,416.867,1
100,0.6,10,bot4,1,success,94,0,581.013,1
100,0.6,11,bot4,1,success,25,0,132.549,1
100,0.6,12,bot4,1,success,63,0,369.761,1
100,0.6,13,bot4,0,trapped,11,0,90.962,0
100,0.6,14,bot4,0,trapped,71,1,556.584,0
100,0.6,15,bot4,0,button_burned,100,2,655.248,0
100,0.6,16,bot4,0,button_burned,21,0,141.134,0
100,0.6,17,bot4,1,success,114,0,735.715,0
100,0.6,18,bot4,1,success,75,0,436.803,1
100,0.6,19,bot4,0,caught,72,10,481.043,0
100,0.6,20,bot4,1,success,125,0,796.949,0
100,0.6,21,bot4,1,success,57,0,333.055,0
100,0.6,22,bot4,1,success,70,0,389.967,0
100,0.6,23,bot4,0,button_burned,37,0,239.907,0
100,0.6,24,bot4,0,caught,14,0,93.541,0
100,0.6,25,bot4,0,button_burned,25,1,150.816,0
100,0.6,26,bot4,1,success,108,0,689.113,1
100,0.6,27,bot4,0,trapped,100,6,743.219,0
100,0.6,28,bot4,1,success,44,0,238.838,1
100,0.6,29,bot4,0,button_burned,77,0,439.618,0
100,0.6,30,bot4,1,success,85,0,511.802,1
100,0.6,31,bot4,1,success,53,0,304.032,1
100,0.6,32,bot4,1,success,41,0,233.118,1
100,0.6,33,bot4,1,success,50,0,301.578,0
100,0.6,34,bot4,0,caught,12,1,65.659,0
100,0.6,35,bot4,1,success,97,0,591.012,1
100,0.6,36,bot4,0,button_burned,104,0,720.548,0
100,0.6,37,bot4,1,success,32,0,184.113,1
100,0.6,38,bot4,0,button_burned,82,2,520.972,0
100,0.6,39,bot4,1,success,41,0,263.825,1
100,0.6,40,bot4,1,success,73,0,440.7,1
100,0.6,41,bot4,0,caught,54,0,327.166,0
100,0.6,42,bot4,1,success,86,0,524.659,1
100,0.6,43,bot4,1,success,121,0,739.556,1
100,0.6,44,bot4,0,caught,42,0,251.025,0
100,0.6,45,bot4,1,success,93,0,550.678,1
100,0.6,46,bot4,1,success,116,0,692.633,1
100,0.6,47,bot4,1,success,27,0,153.959,1
100,0.6,48,bot4,1,success,86,0,555.209,0
100,0.6,49,bot4,1,success,70,0,449.073,0
100,0.6,50,bot4,1,success,39,0,210.18,1
100,0.6,51,bot4,0,button_burned,56,0,326.639,0
100,0.6,52,bot4,1,success,40,0,261.122,1
100,0.6,53,bot4,1,success,75,0,455.218,1
100,0.6,54,bot4,1,success,68,0,457.145,1
100,0.6,55,bot4,1,success,78,0,489.437,1
100,0.6,56,bot4,1,success,82,0,523.371,0
100,0.6,57,bot4,1,success,36,0,236.191,1
100,0.6,58,bot4,0,caught,72,0,752.7,0
100,0.6,59,bot4,1,success,35,0,214.223,1
100,0.6,60,bot4,1,success,58,0,350.094,0
100,0.6,61,bot4,1,success,167,0,1124.986,0
100,0.6,62,bot4,0,button_burned,79,5,468.52,0
100,0.6,63,bot4,1,success,72,0,414.574,1
100,0.6,64,bot4,1,success,47,0,285.82,1
100,0.6,65,bot4,1,success,41,0,239.981,1
100,0.6,66,bot4,1,success,20,0,116.788,1
100,0.6,67,bot4,0,trapped,44,2,285.384,0
100,0.6,68,bot4,1,success,52,0,304.912,1
100,0.6,69,bot4,1,success,20,0,106.391,1
100,0.6,70,bot4,1,success,90,0,599.967,0
100,0.6,71,bot4,0,caught,117,9,854.295,0
100,0.6,72,bot4,1,success,141,2,932.056,0
100,0.6,73,bot4,1,success,63,0,366.864,1
100,0.6,74,bot4,1,success,62,0,393.466,1
100,0.6,75,bot4,1,success,70,0,411.229,1
100,0.6,76,bot4,0,trapped,80,1,735.381,0
100,0.6,77,bot4,1,success,117,0,788.992,0
100,0.6,78,bot4,0,trapped,86,3,830.855,0
100,0.6,79,bot4,1,success,101,0,602.23,0
100,0.6,80,bot4,0,trapped,63,1,495.162,0
100,0.6,81,bot4,0,button_burned,91,3,637.193,0
100,0.6,82,bot4,1,success,20,0,110.187,1
100,0.6,83,bot4,0,trapped,103,3,750.139,0
100,0.6,84,bot4,1,success,82,0,501.483,0
100,0.6,85,bot4,0,button_burned,19,0,125.862,0
100,0.6,86,bot4,0,trapped,64,1,667.807,0
100,0.6,87,bot4,1,success,62,0,404.258,1
100,0.6,88,bot4,1,success,24,0,141.689,1
100,0.6,89,bot4,1,success,49,0,289.255,1
100,0.6,90,bot4,1,success,63,0,367.873,1
100,0.6,91,bot4,0,button_burned,43,0,274.01,0
100,0.6,92,bot4,1,success,81,0,473.242,0
100,0.6,93,bot4,0,trapped,54,0,349.273,0
100,0.6,94,bot4,0,caught,24,0,148.227,0
100,0.6,95,bot4,0,trapped,102,8,643.036,0
100,0.6,96,bot4,0,button_burned,32,7,219.604,0
100,0.6,97,bot4,1,success,76,0,437.355,1
100,0.6,98,bot4,1,success,79,0,513.646,1
100,0.6,99,bot4,1,success,67,0,450.201,0
100,0.6,100,bot4,0,button_burned,111,11,701.653,0
100,0.6,101,bot4,1,success,66,0,414.297,1
100,0.6,102,bot4,0,trapped,79,0,577.773,0
100,0.6,103,bot4,0,trapped,149,2,1043.502,0
100,0.6,104,bot4,1,success,100,0,632.042,0
100,0.6,105,bot4,1,success,66,0,389.529,1
100,0.6,106,bot4,1,success,86,0,526.406,1
100,0.6,107,bot4,1,success,105,0,696.264,0
100,0.6,108,bot4,0,button_burned,20,0,139.87,0
100,0.6,109,bot4,1,success,71,0,437.639,1
100,0.6,110,bot4,1,success,73,0,418.396,1
100,0.6,111,bot4,0,button_burned,52,0,393.153,0
100,0.6,112,bot4,1,success,118,0,803.412,1
100,0.6,113,bot4,1,success,58,0,346.147,1
100,0.6,114,bot4,1,success,76,0,496.433,0
100,0.6,115,bot4,1,success,61,0,360.286,1
100,0.6,116,bot4,0,trapped,58,0,453.398,0
100,0.6,117,bot4,0,button_burned,27,0,220.281,0
100,0.6,118,bot4,1,success,21,0,117.668,1
100,0.6,119,bot4,1,success,98,0,613.524,0
100,0.6,120,bot4,0,button_burned,79,1,478.096,0
100,0.6,121,bot4,0,button_burned,123,6,824.402,0
100,0.6,122,bot4,0,button_burned,43,0,258.221,0
100,0.6,123,bot4,1,success,54,0,307.818,1
100,0.6,124,bot4,1,success,35,0,223.961,1
100,0.6,125,bot4,0,button_burned,46,0,345.923,0
100,0.6,126,bot4,0,button_burned,36,0,234.41,0
100,0.6,127,bot4,1,success,70,0,396.615,1
100,0.6,128,bot4,0,button_burned,65,4,421.091,0
100,0.6,129,bot4,1,success,124,0,851.194,0
100,0.6,130,bot4,0,trapped,94,0,592.208,0
100,0.6,131,bot4,0,button_burned,84,0,501.162,0
100,0.6,132,bot4,1,success,70,0,423.609,1
100,0.6,133,bot4,0,button_burned,63,2,436.043,0
100,0.6,134,bot4,1,success,130,0,929.278,0
100,0.6,135,bot4,1,success,97,0,606.544,0
100,0.6,136,bot4,1,success,106,0,720.561,0
100,0.6,137,bot4,0,button_burned,35,0,226.215,0
100,0.6,138,bot4,1,success,100,0,604.161,0
100,0.6,139,bot4,1,success,15,0,115.301,1
100,0.6,140,bot4,0,button_burned,53,0,313.973,0
100,0.6,141,bot4,0,button_burned,37,1,243.995,0
100,0.6,142,bot4,1,success,94,0,552.592,1
100,0.6,143,bot4,0,button_burned,67,0,522.894,0
100,0.6,144,bot4,1,success,59,0,352.524,1
100,0.6,145,bot4,1,success,15,0,84.764,1
100,0.6,146,bot4,1,success,124,0,794.819,0
100,0.6,147,bot4,1,success,36,0,219.373,1
100,0.6,148,bot4,0,trapped,70,1,496.439,0
100,0.6,149,bot4,1,success,111,0,789.544,1
100,0.6,150,bot4,1,success,30,0,176.893,1
100,0.6,151,bot4,1,success,76,0,519.195,1
100,0.6,152,bot4,1,success,26,0,148.78,1
100,0.6,153,bot4,0,button_burned,20,0,152.323,0
100,0.6,154,bot4,1,success,81,0,523.343,1
100,0.6,155,bot4,0,trapped,61,2,502.171,0
100,0.6,156,bot4,1,success,36,0,208.327,1
100,0.6,157,bot4,1,success,65,0,441.123,1
100,0.6,158,bot4,1,success,112,0,699.243,1
100,0.6,159,bot4,1,success,113,0,726.401,0
100,0.6,160,bot4,1,success,94,0,712.265,1
100,0.6,161,bot4,1,success,89,0,493.376,0
100,0.6,162,bot4,1,success,81,0,477.413,1
100,0.6,163,bot4,1,success,54,0,312.128,1
100,0.6,164,bot4,1,success,57,0,343.491,0
100,0.6,165,bot4,0,trapped,81,0,570.568,0
100,0.6,166,bot4,0,trapped,34,0,280.446,0
100,0.6,167,bot4,1,success,78,0,472.686,1
100,0.6,168,bot4,1,success,36,0,210.565,1
100,0.6,169,bot4,1,success,47,0,261.196,1
100,0.6,170,bot4,0,button_burned,34,0,201.698,0
100,0.6,171,bot4,1,success,106,0,657.902,0
100,0.6,172,bot4,0,button_burned,66,0,487.251,0
100,0.6,173,bot4,1,success,55,0,320.311,1
100,0.6,174,bot4,1,success,33,0,202.821,1
100,0.6,175,bot4,1,success,80,0,469.002,1
100,0.6,176,bot4,0,trapped,36,0,267.472,0
100,0.6,177,bot4,1,success,80,0,448.949,0
100,0.6,178,bot4,1,success,16,0,91.891,1
100,0.6,179,bot4,1,success,53,0,283.835,1
100,0.6,180,bot4,1,success,37,0,200.403,1
100,0.6,181,bot4,1,success,109,0,689.647,1
100,0.6,182,bot4,0,caught,63,0,395.115,0
100,0.6,183,bot4,1,success,44,0,244.929,1
100,0.6,184,bot4,1,success,46,0,275.364,0
100,0.6,185,bot4,1,success,63,0,398.064,1
100,0.6,186,bot4,1,success,95,0,666.99,0
100,0.6,187,bot4,1,success,56,0,304.958,0
100,0.6,188,bot4,0,button_burned,58,0,406.304,0
100,0.6,189,bot4,1,success,36,0,221.528,1
100,0.6,190,bot4,0,button_burned,11,0,78.124,0
100,0.6,191,bot4,1,success,37,0,217.276,1
100,0.6,192,bot4,0,trapped,58,5,440.623,0
100,0.6,193,bot4,1,success,58,0,368.075,1
100,0.6,194,bot4,1,success,18,0,106.305,1
100,0.6,195,bot4,0,trapped,77,2,449.666,0
100,0.6,196,bot4,1,success,27,0,157.532,1
100,0.6,197,bot4,1,success,24,0,149.493,1
100,0.6,198,bot4,1,success,15,0,92.498,1
100,0.6,199,bot4,0,button_burned,35,1,262.802,0
100,0.7,0,bot4,0,trapped,83,3,551.941,0
100,0.7,1,bot4,1,success,73,0,438.416,1
100,0.7,2,bot4,1,success,28,0,150.989,1
100,0.7,3,bot4,1,success,98,0,626.932,0
100,0.7,4,bot4,1,success,70,0,379.974,1
100,0.7,5,bot4,0,button_burned,104,9,748.962,0
100,0.7,6,bot4,0,button_burned,56,3,358.631,0
100,0.7,7,bot4,1,success,22,0,125.572,1
100,0.7,8,bot4,0,trapped,20,0,153.753,0
100,0.7,9,bot4,1,success,67,0,398.647,1
100,0.7,10,bot4,1,success,94,0,587.946,1
100,0.7,11,bot4,1,success,25,0,133.829,1
100,0.7,12,bot4,1,success,63,0,405.875,1
100,0.7,13,bot4,0,trapped,7,0,59.475,0
100,0.7,14,bot4,0,trapped,59,0,446.583,0
100,0.7,15,bot4,0,button_burned,89,0,642.489,0
100,0.7,16,bot4,0,button_burned,16,0,105.484,0
100,0.7,17,bot4,0,button_burned,113,0,783.428,0
100,0.7,18,bot4,1,success,75,0,428.33,1
100,0.7,19,bot4,0,trapped,84,11,563.625,0
100,0.7,20,bot4,0,trapped,26,0,200.936,0
100,0.7,21,bot4,1,success,57,0,332.404,0
100,0.7,22,bot4,1,success,70,0,406.014,0
100,0.7,23,bot4,0,button_burned,30,0,197.564,0
100,0.7,24,bot4,0,caught,8,0,47.37,0
100,0.7,25,bot4,0,button_burned,26,1,158.51,0
100,0.7,26,bot4,1,success,108,0,665.559,1
100,0.7,27,bot4,0,trapped,91,7,746.301,0
100,0.7,28,bot4,1,success,44,0,265.161,1
100,0.7,29,bot4,0,button_burned,62,0,388.452,0
100,0.7,30,bot4,1,success,85,0,549.171,1
100,0.7,31,bot4,1,success,53,0,313.786,1
100,0.7,32,bot4,1,success,41,0,216.445,1
100,0.7,33,bot4,0,button_burned,42,2,256.324,0
100,0.7,34,bot4,0,button_burned,18,1,105.21,0
100,0.7,35,bot4,1,success,97,0,585.205,1
100,0.7,36,bot4,0,button_burned,110,0,777.796,0
100,0.7,37,bot4,1,success,32,0,191.404,1
100,0.7,38,bot4,0,caught,79,0,483.17,0
100,0.7,39,bot4,1,success,41,0,224.574,1
100,0.7,40,bot4,1,success,73,0,419.389,1
100,0.7,41,bot4,0,caught,41,0,267.239,0
100,0.7,42,bot4,1,success,86,0,570.703,1
100,0.7,43,bot4,1,success,121,0,749.816,1
100,0.7,44,bot4,0,button_burned,35,0,211.592,0
100,0.7,45,bot4,1,success,93,0,581.24,1
100,0.7,46,bot4,1,success,116,0,774.581,1
100,0.7,47,bot4,1,success,27,0,156.706,1
100,0.7,48,bot4,1,success,86,0,547.314,0
100,0.7,49,bot4,0,button_burned,70,4,450.88,0
100,0.7,50,bot4,1,success,39,0,244.976,1
100,0.7,51,bot4,0,button_burned,54,1,328.575,0
100,0.7,52,bot4,1,success,40,0,223.442,1
100,0.7,53,bot4,1,success,75,0,514.001,1
100,0.7,54,bot4,1,success,68,0,410.676,1
100,0.7,55,bot4,1,success,78,0,486.003,1
100,0.7,56,bot4,1,success,82,0,499.553,0
100,0.7,57,bot4,1,success,36,0,233.645,1
100,0.7,58,bot4,0,trapped,86,11,871.956,0
100,0.7,59,bot4,1,success,35,0,211.069,1
100,0.7,60,bot4,1,success,58,0,336.777,0
100,0.7,61,bot4,0,trapped,154,2,972.854,0
100,0.7,62,bot4,0,trapped,63,4,427.883,0
100,0.7,63,bot4,1,success,72,0,470.854,1
100,0.7,64,bot4,1,success,47,0,282.982,1
100,0.7,65,bot4,1,success,41,0,265.723,1
100,0.7,66,bot4,1,success,20,0,113.131,1
100,0.7,67,bot4,0,button_burned,66,10,402.617,0
100,0.7,68,bot4,1,success,52,0,330.536,1
100,0.7,69,bot4,1,success,20,0,146.421,1
100,0.7,70,bot4,0,caught,89,0,559.709,0
100,0.7,71,bot4,0,button_burned,100,10,727.471,0
100,0.7,72,bot4,1,success,141,2,1060.591,0
100,0.7,73,bot4,1,success,63,0,384.177,1
100,0.7,74,bot4,1,success,62,0,367.366,1
100,0.7,75,bot4,1,success,70,0,402.663,1
100,0.7,76,bot4,0,trapped,69,1,642.355,0
100,0.7,77,bot4,1,success,117,0,757.843,0
100,0.7,78,bot4,0,trapped,84,11,740.63,0
100,0.7,79,bot4,0,trapped,95,0,631.756,0
100,0.7,80,bot4,0,trapped,50,5,390.507,0
100,0.7,81,bot4,0,button_burned,86,3,538.18,0
100,0.7,82,bot4,1,success,20,0,108.791,1
100,0.7,83,bot4,0,trapped,47,0,391.815,0
100,0.7,84,bot4,1,success,82,0,560.396,0
100,0.7,85,bot4,0,button_burned,12,0,84.707,0
100,0.7,86,bot4,0,trapped,52,0,563.638,0
100,0.7,87,bot4,1,success,62,0,389.896,1
100,0.7,88,bot4,1,success,24,0,151.652,1
100,0.7,89,bot4,1,success,49,0,302.231,1
100,0.7,90,bot4,1,success,63,0,364.705,1
100,0.7,91,bot4,0,button_burned,56,0,400.552,0
100,0.7,92,bot4,1,success,81,0,541.827,0
100,0.7,93,bot4,0,trapped,53,0,362.982,0
100,0.7,94,bot4,0,trapped,36,5,244.346,0
100,0.7,95,bot4,0,trapped,85,5,643.615,0
100,0.7,96,bot4,0,button_burned,28,6,267.828,0
100,0.7,97,bot4,1,success,76,0,498.042,1
100,0.7,98,bot4,1,success,79,0,461.712,1
100,0.7,99,bot4,0,trapped,60,0,372.446,0
100,0.7,100,bot4,0,button_burned,85,11,625.966,0
100,0.7,101,bot4,1,success,66,0,486.994,1
100,0.7,102,bot4,0,trapped,73,1,535.166,0
100,0.7,103,bot4,0,trapped,137,7,969.335,0
100,0.7,104,bot4,0,trapped,76,4,473.613,0
100,0.7,105,bot4,1,success,66,0,421.873,1
100,0.7,106,bot4,1,success,86,0,526.417,1
100,0.7,107,bot4,1,success,105,0,656.057,0
100,0.7,108,bot4,0,button_burned,16,0,110.346,0
100,0.7,109,bot4,1,success,71,0,413.6,1
100,0.7,110,bot4,1,success,73,0,442.824,1
100,0.7,111,bot4,0,button_burned,44,0,324.938,0
100,0.7,112,bot4,1,success,118,0,754.159,1
100,0.7,113,bot4,1,success,58,0,348.316,1
100,0.7,114,bot4,1,success,76,0,450.957,0
100,0.7,115,bot4,1,success,61,0,372.224,1
100,0.7,116,bot4,0,button_burned,49,0,378.662,0
100,0.7,117,bot4,0,button_burned,19,3,163.355,0
100,0.7,118,bot4,1,success,21,0,127.195,1
100,0.7,119,bot4,1,success,98,0,668.823,0
100,0.7,120,bot4,0,caught,68,0,405.486,0
100,0.7,121,bot4,0,trapped,113,6,817.332,0
100,0.7,122,bot4,0,button_burned,40,0,252.379,0
100,0.7,123,bot4,1,success,54,0,313.189,1
100,0.7,124,bot4,1,success,35,0,203.244,1
100,0.7,125,bot4,0,trapped,28,2,214.456,0
100,0.7,126,bot4,0,button_burned,30,0,240.803,0
100,0.7,127,bot4,1,success,70,0,409.295,1
100,0.7,128,bot4,0,button_burned,49,5,335.206,0
100,0.7,129,bot4,1,success,124,0,801.988,0
100,0.7,130,bot4,0,trapped,124,14,812.425,0
100,0.7,131,bot4,0,button_burned,72,0,478.99,0
100,0.7,132,bot4,1,success,70,0,423.391,1
100,0.7,133,bot4,0,button_burned,58,4,404.959,0
100,0.7,134,bot4,1,success,130,0,844.72,0
100,0.7,135,bot4,1,success,97,0,595.986,0
100,0.7,136,bot4,0,trapped,88,0,549.242,0
100,0.7,137,bot4,0,button_burned,39,1,246.959,0
100,0.7,138,bot4,0,button_burned,85,0,538.02,0
100,0.7,139,bot4,1,success,15,0,88.532,1
100,0.7,140,bot4,0,button_burned,57,0,344.421,0
100,0.7,141,bot4,0,button_burned,33,4,228.437,0
100,0.7,142,bot4,1,success,94,0,595.666,1
100,0.7,143,bot4,0,button_burned,55,14,512.038,0
100,0.7,144,bot4,1,success,59,0,378.68,1
100,0.7,145,bot4,1,success,15,0,84.191,1
100,0.7,146,bot4,1,success,124,0,745.44,0
100,0.7,147,bot4,1,success,36,0,210.994,1
100,0.7,148,bot4,0,button_burned,62,2,531.808,0
100,0.7,149,bot4,1,success,111,0,736.044,1
100,0.7,150,bot4,1,success,30,0,200.157,1
100,0.7,151,bot4,1,success,76,0,486.559,1
100,0.7,152,bot4,1,success,26,0,155.977,1
100,0.7,153,bot4,0,button_burned,21,0,160.845,0
100,0.7,154,bot4,1,success,81,0,460.815,1
100,0.7,155,bot4,0,trapped,59,3,490.672,0
100,0.7,156,bot4,1,success,36,0,210.814,1
100,0.7,157,bot4,1,success,65,0,392.525,1
100,0.7,158,bot4,1,success,112,0,754.282,1
100,0.7,159,bot4,1,success,113,0,717.613,0
100,0.7,160,bot4,1,success,94,0,601.84,1
100,0.7,161,bot4,1,success,89,0,539.559,0
100,0.7,162,bot4,1,success,81,0,522.103,1
100,0.7,163,bot4,1,success,54,0,305.371,1
100,0.7,164,bot4,0,button_burned,51,3,295.264,0
100,0.7,165,bot4,0,trapped,68,2,548.409,0
100,0.7,166,bot4,0,button_burned,24,0,187.824,0
100,0.7,167,bot4,1,success,78,0,498.963,1
100,0.7,168,bot4,1,success,36,0,209.664,1
100,0.7,169,bot4,1,success,47,0,284.711,1
100,0.7,170,bot4,0,button_burned,21,0,137.85,0
100,0.7,171,bot4,0,trapped,94,0,643.458,0
100,0.7,172,bot4,0,button_burned,55,9,387.194,0
100,0.7,173,bot4,1,success,55,0,324.874,1
100,0.7,174,bot4,1,success,33,0,187.441,1
100,0.7,175,bot4,1,success,80,0,520.649,1
100,0.7,176,bot4,0,trapped,24,1,200.985,0
100,0.7,177,bot4,1,success,80,0,456.934,0
100,0.7,178,bot4,1,success,16,0,89.121,1
100,0.7,179,bot4,1,success,53,0,285.302,1
100,0.7,180,bot4,1,success,37,0,235.579,1
100,0.7,181,bot4,1,success,109,0,671.124,1
100,0.7,182,bot4,0,button_burned,82,7,552.738,0
100,0.7,183,bot4,1,success,44,0,256.622,1
100,0.7,184,bot4,0,trapped,40,0,256.78,0
100,0.7,185,bot4,1,success,63,0,353.777,1
100,0.7,186,bot4,0,trapped,92,0,627.547,0
100,0.7,187,bot4,1,success,56,0,315.647,0
100,0.7,188,bot4,0,button_burned,58,0,450.623,0
100,0.7,189,bot4,1,success,36,0,221.689,1
100,0.7,190,bot4,0,button_burned,8,0,63.348,0
100,0.7,191,bot4,1,success,37,0,205.368,1
100,0.7,192,bot4,0,trapped,47,2,400.324,0
100,0.7,193,bot4,1,success,58,0,370.232,1
100,0.7,194,bot4,1,success,18,0,108.577,1
100,0.7,195,bot4,0,button_burned,71,5,479.659,0
100,0.7,196,bot4,1,success,27,0,158.738,1
100,0.7,197,bot4,1,success,24,0,138.193,1
100,0.7,198,bot4,1,success,15,0,84.523,1
100,0.7,199,bot4,0,button_burned,34,2,249.542,0
100,0.8,0,bot4,0,button_burned,88,4,584.847,0
100,0.8,1,bot4,1,success,73,0,414.565,1
100,0.8,2,bot4,1,success,28,0,143.989,1
100,0.8,3,bot4,1,success,98,0,602.106,0
100,0.8,4,bot4,1,success,70,0,406.035,1
100,0.8,5,bot4,0,button_burned,95,22,708.858,0
100,0.8,6,bot4,0,button_burned,49,7,329.579,0
100,0.8,7,bot4,1,success,22,0,121.624,1
100,0.8,8,bot4,0,trapped,18,0,169.981,0
100,0.8,9,bot4,1,success,67,0,405.704,1
100,0.8,10,bot4,1,success,94,0,587.318,1
100,0.8,11,bot4,1,success,25,0,145.589,1
100,0.8,12,bot4,1,success,63,0,395.188,1
100,0.8,13,bot4,0,trapped,8,0,71.842,0
100,0.8,14,bot4,0,trapped,51,4,424.43,0
100,0.8,15,bot4,0,button_burned,74,0,535.941,0
100,0.8,16,bot4,0,button_burned,17,0,110.416,0
100,0.8,17,bot4,0,button_burned,96,1,644.682,0
100,0.8,18,bot4,1,success,75,0,462.046,1
100,0.8,19,bot4,0,trapped,45,9,319.845,0
100,0.8,20,bot4,0,button_burned,139,17,965.72,0
100,0.8,21,bot4,1,success,57,0,338.894,0
100,0.8,22,bot4,1,success,70,0,418.0,0
100,0.8,23,bot4,0,button_burned,29,0,221.42,0
100,0.8,24,bot4,0,caught,8,0,70.885,0
100,0.8,25,bot4,0,button_burned,27,6,182.496,0
100,0.8,26,bot4,1,success,108,0,670.369,1
100,0.8,27,bot4,0,trapped,74,5,662.437,0
100,0.8,28,bot4,1,success,44,0,254.793,1
100,0.8,29,bot4,0,button_burned,58,0,396.596,0
100,0.8,30,bot4,1,success,85,0,537.184,1
100,0.8,31,bot4,1,success,53,0,325.436,1
100,0.8,32,bot4,1,success,41,0,232.401,1
100,0.8,33,bot4,0,button_burned,35,1,231.685,0
100,0.8,34,bot4,0,caught,12,1,78.046,0
100,0.8,35,bot4,1,success,97,0,648.05,1
100,0.8,36,bot4,0,button_burned,83,0,616.356,0
100,0.8,37,bot4,1,success,32,0,206.738,1
100,0.8,38,bot4,0,trapped,60,0,419.69,0
100,0.8,39,bot4,1,success,41,0,248.265,1
100,0.8,40,bot4,1,success,73,0,470.223,1
100,0.8,41,bot4,0,button_burned,49,10,324.946,0
100,0.8,42,bot4,1,success,86,0,608.834,1
100,0.8,43,bot4,1,success,121,0,830.612,1
100,0.8,44,bot4,0,button_burned,33,0,228.183,0
100,0.8,45,bot4,1,success,93,0,560.997,1
100,0.8,46,bot4,1,success,116,0,842.548,1
100,0.8,47,bot4,1,success,27,0,163.553,1
100,0.8,48,bot4,1,success,86,0,560.079,0
100,0.8,49,bot4,0,button_burned,63,4,408.749,0
100,0.8,50,bot4,1,success,39,0,220.974,1
100,0.8,51,bot4,0,button_burned,38,0,244.759,0
100,0.8,52,bot4,1,success,40,0,272.697,1
100,0.8,53,bot4,1,success,75,0,468.063,1
100,0.8,54,bot4,1,success,68,0,427.359,1
100,0.8,55,bot4,1,success,78,0,522.126,1
100,0.8,56,bot4,0,button_burned,80,0,529.737,0
100,0.8,57,bot4,1,success,36,0,216.055,1
100,0.8,58,bot4,0,trapped,77,14,769.272,0
100,0.8,59,bot4,1,success,35,0,206.565,1
100,0.8,60,bot4,1,success,58,0,372.16,0
100,0.8,61,bot4,0,trapped,144,2,960.468,0
100,0.8,62,bot4,0,trapped,55,5,428.612,0
100,0.8,63,bot4,1,success,72,0,422.765,1
100,0.8,64,bot4,1,success,47,0,257.308,1
100,0.8,65,bot4,1,success,41,0,244.675,1
100,0.8,66,bot4,1,success,20,0,112.61,1
100,0.8,67,bot4,0,button_burned,53,2,338.311,0
100,0.8,68,bot4,1,success,52,0,291.029,1
100,0.8,69,bot4,1,success,20,0,121.712,1
100,0.8,70,bot4,0,trapped,81,0,557.331,0
100,0.8,71,bot4,0,button_burned,91,11,642.182,0
100,0.8,72,bot4,0,button_burned,123,4,927.976,0
100,0.8,73,bot4,1,success,63,0,382.285,1
100,0.8,74,bot4,1,success,62,0,378.573,1
100,0.8,75,bot4,1,success,70,0,409.415,1
100,0.8,76,bot4,0,trapped,60,7,601.333,0
100,0.8,77,bot4,1,success,119,1,732.615,0
100,0.8,78,bot4,0,trapped,79,17,764.221,0
100,0.8,79,bot4,0,trapped,92,4,615.979,0
100,0.8,80,bot4,0,trapped,50,4,447.454,0
100,0.8,81,bot4,0,button_burned,81,7,578.935,0
100,0.8,82,bot4,1,success,20,0,111.451,1
100,0.8,83,bot4,0,trapped,75,5,551.229,0
100,0.8,84,bot4,0,trapped,78,3,502.622,0
100,0.8,85,bot4,0,button_burned,14,0,122.526,0
100,0.8,86,bot4,0,trapped,46,0,504.5,0
100,0.8,87,bot4,1,success,62,0,370.573,1
100,0.8,88,bot4,1,success,24,0,155.334,1
100,0.8,89,bot4,1,success,49,0,297.561,1
100,0.8,90,bot4,1,success,63,0,407.713,1
100,0.8,91,bot4,0,button_burned,45,0,291.163,0
100,0.8,92,bot4,1,success,81,0,569.604,0
100,0.8,93,bot4,0,trapped,50,0,352.95,0
100,0.8,94,bot4,0,trapped,34,10,225.425,0
100,0.8,95,bot4,0,trapped,78,16,588.806,0
100,0.8,96,bot4,0,button_burned,25,5,225.046,0
100,0.8,97,bot4,1,success,76,0,434.134,1
100,0.8,98,bot4,1,success,79,0,440.086,1
100,0.8,99,bot4,0,trapped,57,0,356.449,0
100,0.8,100,bot4,0,trapped,46,9,329.217,0
100,0.8,101,bot4,1,success,66,0,379.765,1
100,0.8,102,bot4,0,trapped,66,6,439.465,0
100,0.8,103,bot4,0,trapped,116,2,793.762,0
100,0.8,104,bot4,0,trapped,75,2,489.765,0
100,0.8,105,bot4,1,success,66,0,385.463,1
100,0.8,106,bot4,0,trapped,101,18,650.523,1
100,0.8,107,bot4,1,success,109,2,631.958,0
100,0.8,108,bot4,0,button_burned,15,0,114.833,0
100,0.8,109,bot4,1,success,71,0,414.085,1
100,0.8,110,bot4,1,success,73,0,440.591,1
100,0.8,111,bot4,0,button_burned,42,0,298.888,0
100,0.8,112,bot4,1,success,118,0,755.291,1
100,0.8,113,bot4,1,success,58,0,336.946,1
100,0.8,114,bot4,0,button_burned,72,0,430.425,0
100,0.8,115,bot4,1,success,61,0,357.417,1
100,0.8,116,bot4,0,trapped,47,0,429.444,0
100,0.8,117,bot4,0,button_burned,17,1,156.828,0
100,0.8,118,bot4,1,success,21,0,121.733,1
100,0.8,119,bot4,1,success,98,0,625.005,0
100,0.8,120,bot4,0,button_burned,66,0,427.408,0
100,0.8,121,bot4,0,button_burned,98,1,742.733,0
100,0.8,122,bot4,0,button_burned,36,0,246.166,0
100,0.8,123,bot4,1,success,54,0,323.186,1
100,0.8,124,bot4,1,success,35,0,215.212,1
100,0.8,125,bot4,0,button_burned,24,0,202.596,0
100,0.8,126,bot4,0,button_burned,25,0,194.591,0
100,0.8,127,bot4,1,success,70,0,416.07,1
100,0.8,128,bot4,0,button_burned,47,2,345.282,0
100,0.8,129,bot4,0,button_burned,114,7,853.576,0
100,0.8,130,bot4,0,trapped,114,6,744.573,0
100,0.8,131,bot4,0,button_burned,66,0,402.419,0
100,0.8,132,bot4,1,success,70,0,477.689,1
100,0.8,133,bot4,0,button_burned,50,3,373.223,0
100,0.8,134,bot4,0,trapped,128,1,946.364,0
100,0.8,135,bot4,0,button_burned,97,2,647.13,0
100,0.8,136,bot4,0,trapped,83,0,567.924,0
100,0.8,137,bot4,0,button_burned,28,0,197.442,0
100,0.8,138,bot4,0,button_burned,78,0,500.778,0
100,0.8,139,bot4,1,success,15,0,95.792,1
100,0.8,140,bot4,0,button_burned,46,0,296.432,0
100,0.8,141,bot4,0,button_burned,31,8,258.479,0
100,0.8,142,bot4,1,success,94,0,607.975,1
100,0.8,143,bot4,0,button_burned,40,5,340.672,0
100,0.8,144,bot4,1,success,59,0,378.718,1
100,0.8,145,bot4,1,success,15,0,88.098,1
100,0.8,146,bot4,1,success,124,0,882.231,0
100,0.8,147,bot4,1,success,36,0,255.227,1
100,0.8,148,bot4,0,button_burned,53,1,426.316,0
100,0.8,149,bot4,1,success,111,0,764.345,1
100,0.8,150,bot4,1,success,30,0,183.861,1
100,0.8,151,bot4,1,success,76,0,509.202,1
100,0.8,152,bot4,1,success,26,0,149.849,1
100,0.8,153,bot4,0,button_burned,15,0,125.512,0
100,0.8,154,bot4,1,success,81,0,510.528,1
100,0.8,155,bot4,0,trapped,53,7,503.854,0
100,0.8,156,bot4,1,success,36,0,227.267,1
100,0.8,157,bot4,1,success,65,0,392.561,1
100,0.8,158,bot4,1,success,112,0,745.51,1
100,0.8,159,bot4,0,trapped,49,0,395.927,0
100,0.8,160,bot4,1,success,94,0,601.3,1
100,0.8,161,bot4,0,button_burned,84,0,496.161,0
100,0.8,162,bot4,1,success,81,0,489.957,1
100,0.8,163,bot4,1,success,54,0,319.034,1
100,0.8,164,bot4,0,button_burned,43,0,266.58,0
100,0.8,165,bot4,0,trapped,59,1,524.817,0
100,0.8,166,bot4,0,button_burned,25,0,217.757,0
100,0.8,167,bot4,1,success,78,0,483.925,1
100,0.8,168,bot4,1,success,36,0,205.895,1
100,0.8,169,bot4,1,success,47,0,314.373,1
100,0.8,170,bot4,0,button_burned,25,0,179.238,0
100,0.8,171,bot4,0,trapped,94,5,605.806,0
100,0.8,172,bot4,0,button_burned,50,10,417.215,0
100,0.8,173,bot4,1,success,55,0,315.739,1
100,0.8,174,bot4,1,success,33,0,185.25,1
100,0.8,175,bot4,1,success,88,4,554.019,1
100,0.8,176,bot4,0,trapped,28,1,270.297,0
100,0.8,177,bot4,1,success,80,0,475.441,0
100,0.8,178,bot4,1,success,16,0,98.947,1
100,0.8,179,bot4,1,success,53,0,338.891,1
100,0.8,180,bot4,1,success,37,0,216.761,1
100,0.8,181,bot4,1,success,109,0,642.773,1
100,0.8,182,bot4,0,button_burned,79,16,719.82,0
100,0.8,183,bot4,1,success,44,0,295.982,1
100,0.8,184,bot4,0,trapped,38,0,244.89,0
100,0.8,185,bot4,1,success,63,0,363.512,1
100,0.8,186,bot4,0,trapped,83,0,587.58,0
100,0.8,187,bot4,1,success,56,0,423.253,0
100,0.8,188,bot4,0,trapped,53,3,450.204,0
100,0.8,189,bot4,1,success,36,0,205.533,1
100,0.8,190,bot4,0,trapped,8,0,97.89,0
100,0.8,191,bot4,1,success,37,0,239.439,1
100,0.8,192,bot4,0,trapped,50,11,536.312,0
100,0.8,193,bot4,1,success,58,0,373.791,1
100,0.8,194,bot4,1,success,18,0,104.079,1
100,0.8,195,bot4,0,button_burned,60,7,453.346,0
100,0.8,196,bot4,1,success,27,0,177.583,1
100,0.8,197,bot4,1,success,24,0,143.138,1
100,0.8,198,bot4,1,success,15,0,84.126,1
100,0.8,199,bot4,0,button_burned,32,2,304.122,0
