D,q,trial,bot,success,reason,steps,deviations,ms,fireproof
50,0.2,5000,bot2,0,caught,31,0,23.482,0
50,0.2,5000,bot3,1,success,69,1,36.591,0
50,0.2,5000,bot4 penalty=5,0,caught,31,0,52.69,0
50,0.2,5000,bot4 penalty=10,1,success,69,1,102.725,0
50,0.2,5000,bot4 penalty=20,1,success,69,1,105.741,0
50,0.2,5000,bot4 penalty=30,1,success,67,2,102.323,0
50,0.2,5001,bot2,1,success,40,0,15.477,0
50,0.2,5001,bot3,1,success,40,0,12.827,0
50,0.2,5001,bot4 penalty=5,1,success,40,0,55.198,0
50,0.2,5001,bot4 penalty=10,1,success,40,0,52.751,0
50,0.2,5001,bot4 penalty=20,1,success,40,0,56.365,0
50,0.2,5001,bot4 penalty=30,1,success,40,0,55.127,0
50,0.2,5002,bot2,1,success,16,0,2.269,1
50,0.2,5002,bot3,1,success,16,0,2.507,1
50,0.2,5002,bot4 penalty=5,1,success,16,0,21.121,1
50,0.2,5002,bot4 penalty=10,1,success,16,0,20.986,1
50,0.2,5002,bot4 penalty=20,1,success,16,0,22.239,1
50,0.2,5002,bot4 penalty=30,1,success,16,0,21.353,1
50,0.2,5003,bot2,1,success,38,0,12.026,1
50,0.2,5003,bot3,1,success,38,0,12.001,1
50,0.2,5003,bot4 penalty=5,1,success,38,0,52.892,1
50,0.2,5003,bot4 penalty=10,1,success,38,0,52.383,1
50,0.2,5003,bot4 penalty=20,1,success,38,0,52.427,1
50,0.2,5003,bot4 penalty=30,1,success,38,0,52.812,1
50,0.2,5004,bot2,1,success,18,0,2.583,1
50,0.2,5004,bot3,1,success,18,0,2.642,1
50,0.2,5004,bot4 penalty=5,1,success,18,0,22.921,1
50,0.2,5004,bot4 penalty=10,1,success,18,0,23.89,1
50,0.2,5004,bot4 penalty=20,1,success,18,0,24.618,1
50,0.2,5004,bot4 penalty=30,1,success,18,0,23.835,1
50,0.2,5005,bot2,1,success,7,0,0.782,1
50,0.2,5005,bot3,1,success,7,0,0.842,1
50,0.2,5005,bot4 penalty=5,1,success,7,0,9.374,1
50,0.2,5005,bot4 penalty=10,1,success,7,0,9.151,1
50,0.2,5005,bot4 penalty=20,1,success,7,0,8.867,1
50,0.2,5005,bot4 penalty=30,1,success,7,0,9.272,1
50,0.2,5006,bot2,1,success,40,0,11.536,0
50,0.2,5006,bot3,1,success,40,0,11.983,0
50,0.2,5006,bot4 penalty=5,1,success,40,0,57.351,0
50,0.2,5006,bot4 penalty=10,1,success,40,0,56.527,0
50,0.2,5006,bot4 penalty=20,1,success,40,0,55.695,0
50,0.2,5006,bot4 penalty=30,1,success,40,0,55.66,0
50,0.2,5007,bot2,1,success,30,0,6.689,1
50,0.2,5007,bot3,1,success,30,0,6.774,1
50,0.2,5007,bot4 penalty=5,1,success,30,0,39.986,1
50,0.2,5007,bot4 penalty=10,1,success,30,0,38.965,1
50,0.2,5007,bot4 penalty=20,1,success,30,0,43.959,1
50,0.2,5007,bot4 penalty=30,1,success,30,0,43.613,1
50,0.2,5008,bot2,1,success,61,0,31.69,0
50,0.2,5008,bot3,1,success,61,0,33.089,0
50,0.2,5008,bot4 penalty=5,1,success,61,0,85.107,0
50,0.2,5008,bot4 penalty=10,1,success,61,0,83.694,0
50,0.2,5008,bot4 penalty=20,1,success,61,0,82.984,0
50,0.2,5008,bot4 penalty=30,1,success,61,0,83.834,0
50,0.2,5009,bot2,1,success,43,0,11.03,1
50,0.2,5009,bot3,1,success,43,0,11.528,1
50,0.2,5009,bot4 penalty=5,1,success,43,0,58.889,1
50,0.2,5009,bot4 penalty=10,1,success,43,0,58.385,1
50,0.2,5009,bot4 penalty=20,1,success,43,0,59.627,1
50,0.2,5009,bot4 penalty=30,1,success,43,0,59.447,1
50,0.2,5010,bot2,0,button_burned,12,0,7.545,0
50,0.2,5010,bot3,0,button_burned,12,0,10.677,0
50,0.2,5010,bot4 penalty=5,0,button_burned,12,0,23.783,0
50,0.2,5010,bot4 penalty=10,0,button_burned,12,0,23.496,0
50,0.2,5010,bot4 penalty=20,0,button_burned,12,0,24.039,0
50,0.2,5010,bot4 penalty=30,0,button_burned,12,0,25.023,0
50,0.2,5011,bot2,1,success,44,0,15.373,1
50,0.2,5011,bot3,1,success,44,0,16.336,1
50,0.2,5011,bot4 penalty=5,1,success,44,0,62.514,1
50,0.2,5011,bot4 penalty=10,1,success,44,0,62.948,1
50,0.2,5011,bot4 penalty=20,1,success,44,0,61.989,1
50,0.2,5011,bot4 penalty=30,1,success,44,0,66.672,1
50,0.2,5012,bot2,1,success,21,0,3.453,1
50,0.2,5012,bot3,1,success,21,0,3.545,1
50,0.2,5012,bot4 penalty=5,1,success,21,0,27.609,1
50,0.2,5012,bot4 penalty=10,1,success,21,0,27.871,1
50,0.2,5012,bot4 penalty=20,1,success,21,0,28.232,1
50,0.2,5012,bot4 penalty=30,1,success,21,0,27.289,1
50,0.2,5013,bot2,1,success,46,0,19.543,1
50,0.2,5013,bot3,1,success,46,0,20.695,1
50,0.2,5013,bot4 penalty=5,1,success,46,0,65.566,1
50,0.2,5013,bot4 penalty=10,1,success,46,0,69.045,1
50,0.2,5013,bot4 penalty=20,1,success,46,0,68.228,1
50,0.2,5013,bot4 penalty=30,1,success,46,0,75.163,1
50,0.2,5014,bot2,1,success,52,0,18.385,1
50,0.2,5014,bot3,1,success,52,0,20.558,1
50,0.2,5014,bot4 penalty=5,1,success,52,0,73.407,1
50,0.2,5014,bot4 penalty=10,1,success,52,0,72.376,1
50,0.2,5014,bot4 penalty=20,1,success,52,0,73.016,1
50,0.2,5014,bot4 penalty=30,1,success,52,0,81.301,1
50,0.2,5015,bot2,1,success,33,0,8.008,0
50,0.2,5015,bot3,1,success,33,0,8.43,0
50,0.2,5015,bot4 penalty=5,1,success,33,0,55.844,0
50,0.2,5015,bot4 penalty=10,1,success,33,0,44.546,0
50,0.2,5015,bot4 penalty=20,1,success,33,0,45.471,0
50,0.2,5015,bot4 penalty=30,1,success,33,0,44.243,0
50,0.2,5016,bot2,1,success,44,0,12.128,1
50,0.2,5016,bot3,1,success,44,0,12.501,1
50,0.2,5016,bot4 penalty=5,1,success,44,0,58.58,1
50,0.2,5016,bot4 penalty=10,1,success,44,0,57.842,1
50,0.2,5016,bot4 penalty=20,1,success,44,0,56.792,1
50,0.2,5016,bot4 penalty=30,1,success,44,0,77.137,1
50,0.2,5017,bot2,1,success,46,0,15.986,1
50,0.2,5017,bot3,1,success,46,0,17.461,1
50,0.2,5017,bot4 penalty=5,1,success,46,0,65.23,1
50,0.2,5017,bot4 penalty=10,1,success,46,0,64.79,1
50,0.2,5017,bot4 penalty=20,1,success,46,0,67.543,1
50,0.2,5017,bot4 penalty=30,1,success,46,0,63.922,1
50,0.2,5018,bot2,1,success,68,0,37.795,0
50,0.2,5018,bot3,1,success,68,0,38.17,0
50,0.2,5018,bot4 penalty=5,1,success,68,0,109.766,0
50,0.2,5018,bot4 penalty=10,1,success,68,0,110.973,0
50,0.2,5018,bot4 penalty=20,1,success,68,0,137.887,0
50,0.2,5018,bot4 penalty=30,1,success,68,0,113.645,0
50,0.2,5019,bot2,1,success,5,0,0.561,1
50,0.2,5019,bot3,1,success,5,0,0.605,1
50,0.2,5019,bot4 penalty=5,1,success,5,0,6.477,1
50,0.2,5019,bot4 penalty=10,1,success,5,0,6.485,1
50,0.2,5019,bot4 penalty=20,1,success,5,0,6.725,1
50,0.2,5019,bot4 penalty=30,1,success,5,0,7.121,1
50,0.2,5020,bot2,1,success,57,0,39.992,1
50,0.2,5020,bot3,1,success,57,0,29.041,1
50,0.2,5020,bot4 penalty=5,1,success,57,0,103.39,1
50,0.2,5020,bot4 penalty=10,1,success,57,0,80.632,1
50,0.2,5020,bot4 penalty=20,1,success,57,0,85.727,1
50,0.2,5020,bot4 penalty=30,1,success,57,0,116.119,1
50,0.2,5021,bot2,1,success,22,0,5.568,1
50,0.2,5021,bot3,1,success,22,0,4.58,1
50,0.2,5021,bot4 penalty=5,1,success,22,0,28.949,1
50,0.2,5021,bot4 penalty=10,1,success,22,0,29.013,1
50,0.2,5021,bot4 penalty=20,1,success,22,0,28.114,1
50,0.2,5021,bot4 penalty=30,1,success,22,0,30.08,1
50,0.2,5022,bot2,1,success,42,0,13.248,1
50,0.2,5022,bot3,1,success,42,0,13.669,1
50,0.2,5022,bot4 penalty=5,1,success,42,0,64.356,1
50,0.2,5022,bot4 penalty=10,1,success,42,0,60.772,1
50,0.2,5022,bot4 penalty=20,1,success,42,0,72.309,1
50,0.2,5022,bot4 penalty=30,1,success,42,0,60.85,1
50,0.2,5023,bot2,1,success,33,0,6.926,0
50,0.2,5023,bot3,1,success,33,0,8.716,0
50,0.2,5023,bot4 penalty=5,1,success,33,0,45.46,0
50,0.2,5023,bot4 penalty=10,1,success,33,0,47.181,0
50,0.2,5023,bot4 penalty=20,1,success,33,0,46.511,0
50,0.2,5023,bot4 penalty=30,1,success,33,0,53.338,0
50,0.2,5024,bot2,1,success,50,0,20.562,0
50,0.2,5024,bot3,1,success,50,0,21.503,0
50,0.2,5024,bot4 penalty=5,1,success,50,0,68.707,0
50,0.2,5024,bot4 penalty=10,1,success,50,0,68.033,0
50,0.2,5024,bot4 penalty=20,1,success,50,0,67.886,0
50,0.2,5024,bot4 penalty=30,1,success,50,0,67.473,0
50,0.2,5025,bot2,1,success,52,0,24.325,1
50,0.2,5025,bot3,1,success,52,0,24.812,1
50,0.2,5025,bot4 penalty=5,1,success,52,0,70.179,1
50,0.2,5025,bot4 penalty=10,1,success,52,0,69.567,1
50,0.2,5025,bot4 penalty=20,1,success,52,0,75.659,1
50,0.2,5025,bot4 penalty=30,1,success,52,0,73.223,1
50,0.2,5026,bot2,1,success,60,0,37.903,0
50,0.2,5026,bot3,1,success,60,0,28.393,0
50,0.2,5026,bot4 penalty=5,1,success,60,0,84.385,0
50,0.2,5026,bot4 penalty=10,1,success,60,0,83.868,0
50,0.2,5026,bot4 penalty=20,1,success,60,0,83.633,0
50,0.2,5026,bot4 penalty=30,1,success,60,0,103.498,0
50,0.2,5027,bot2,1,success,23,0,4.345,1
50,0.2,5027,bot3,1,success,23,0,4.379,1
50,0.2,5027,bot4 penalty=5,1,success,23,0,29.786,1
50,0.2,5027,bot4 penalty=10,1,success,23,0,30.402,1
50,0.2,5027,bot4 penalty=20,1,success,23,0,31.788,1
50,0.2,5027,bot4 penalty=30,1,success,23,0,30.595,1
50,0.2,5028,bot2,1,success,34,0,10.317,1
50,0.2,5028,bot3,1,success,34,0,10.367,1
50,0.2,5028,bot4 penalty=5,1,success,34,0,50.844,1
50,0.2,5028,bot4 penalty=10,1,success,34,0,66.357,1
50,0.2,5028,bot4 penalty=20,1,success,34,0,74.088,1
50,0.2,5028,bot4 penalty=30,1,success,34,0,71.977,1
50,0.2,5029,bot2,1,success,67,0,38.777,1
50,0.2,5029,bot3,1,success,67,0,40.271,1
50,0.2,5029,bot4 penalty=5,1,success,67,0,103.169,1
50,0.2,5029,bot4 penalty=10,1,success,67,0,101.428,1
50,0.2,5029,bot4 penalty=20,1,success,67,0,101.53,1
50,0.2,5029,bot4 penalty=30,1,success,67,0,98.953,1
50,0.2,5030,bot2,1,success,55,0,25.145,1
50,0.2,5030,bot3,1,success,55,0,25.801,1
50,0.2,5030,bot4 penalty=5,1,success,55,0,78.205,1
50,0.2,5030,bot4 penalty=10,1,success,55,0,99.586,1
50,0.2,5030,bot4 penalty=20,1,success,55,0,80.963,1
50,0.2,5030,bot4 penalty=30,1,success,55,0,75.443,1
50,0.2,5031,bot2,1,success,55,0,19.486,0
50,0.2,5031,bot3,1,success,55,0,20.394,0
50,0.2,5031,bot4 penalty=5,1,success,55,0,84.32,0
50,0.2,5031,bot4 penalty=10,1,success,55,0,77.89,0
50,0.2,5031,bot4 penalty=20,1,success,55,0,82.132,0
50,0.2,5031,bot4 penalty=30,1,success,55,0,79.861,0
50,0.2,5032,bot2,1,success,47,0,17.906,0
50,0.2,5032,bot3,1,success,47,0,20.872,0
50,0.2,5032,bot4 penalty=5,1,success,47,0,68.367,0
50,0.2,5032,bot4 penalty=10,1,success,47,0,67.433,0
50,0.2,5032,bot4 penalty=20,1,success,47,0,73.365,0
50,0.2,5032,bot4 penalty=30,1,success,47,0,66.876,0
50,0.2,5033,bot2,1,success,34,0,6.978,0
50,0.2,5033,bot3,1,success,34,0,7.183,0
50,0.2,5033,bot4 penalty=5,1,success,34,0,45.04,0
50,0.2,5033,bot4 penalty=10,1,success,34,0,46.942,0
50,0.2,5033,bot4 penalty=20,1,success,34,0,44.35,0
50,0.2,5033,bot4 penalty=30,1,success,34,0,47.344,0
50,0.2,5034,bot2,0,trapped,31,0,32.324,0
50,0.2,5034,bot3,0,trapped,31,0,39.224,0
50,0.2,5034,bot4 penalty=5,0,trapped,31,0,91.994,0
50,0.2,5034,bot4 penalty=10,0,trapped,31,0,65.072,0
50,0.2,5034,bot4 penalty=20,0,trapped,31,0,70.444,0
50,0.2,5034,bot4 penalty=30,0,trapped,31,0,71.036,0
50,0.2,5035,bot2,1,success,50,0,21.137,1
50,0.2,5035,bot3,1,success,50,0,21.731,1
50,0.2,5035,bot4 penalty=5,1,success,50,0,92.474,1
50,0.2,5035,bot4 penalty=10,1,success,50,0,72.244,1
50,0.2,5035,bot4 penalty=20,1,success,50,0,90.046,1
50,0.2,5035,bot4 penalty=30,1,success,50,0,84.805,1
50,0.2,5036,bot2,1,success,71,0,32.215,0
50,0.2,5036,bot3,1,success,71,0,34.342,0
50,0.2,5036,bot4 penalty=5,1,success,71,0,109.48,0
50,0.2,5036,bot4 penalty=10,1,success,71,0,111.582,0
50,0.2,5036,bot4 penalty=20,1,success,71,0,111.075,0
50,0.2,5036,bot4 penalty=30,1,success,71,0,109.072,0
50,0.2,5037,bot2,1,success,39,0,12.942,1
50,0.2,5037,bot3,1,success,39,0,13.292,1
50,0.2,5037,bot4 penalty=5,1,success,39,0,54.512,1
50,0.2,5037,bot4 penalty=10,1,success,39,0,55.296,1
50,0.2,5037,bot4 penalty=20,1,success,39,0,64.911,1
50,0.2,5037,bot4 penalty=30,1,success,39,0,70.241,1
50,0.2,5038,bot2,0,button_burned,42,0,19.051,0
50,0.2,5038,bot3,0,button_burned,42,6,32.393,0
50,0.2,5038,bot4 penalty=5,0,button_burned,42,2,69.383,0
50,0.2,5038,bot4 penalty=10,0,button_burned,42,2,72.705,0
50,0.2,5038,bot4 penalty=20,0,button_burned,42,6,82.127,0
50,0.2,5038,bot4 penalty=30,0,button_burned,42,6,83.621,0
50,0.2,5039,bot2,1,success,48,0,18.203,0
50,0.2,5039,bot3,1,success,48,0,18.183,0
50,0.2,5039,bot4 penalty=5,1,success,48,0,67.589,0
50,0.2,5039,bot4 penalty=10,1,success,48,0,67.161,0
50,0.2,5039,bot4 penalty=20,1,success,48,0,64.837,0
50,0.2,5039,bot4 penalty=30,1,success,48,0,66.301,0
50,0.2,5040,bot2,1,success,61,0,30.614,0
50,0.2,5040,bot3,0,button_burned,93,9,71.341,0
50,0.2,5040,bot4 penalty=5,1,success,61,0,98.984,0
50,0.2,5040,bot4 penalty=10,1,success,61,0,91.144,0
50,0.2,5040,bot4 penalty=20,1,success,61,0,93.708,0
50,0.2,5040,bot4 penalty=30,1,success,61,0,105.562,0
50,0.2,5041,bot2,1,success,40,0,15.114,0
50,0.2,5041,bot3,1,success,40,0,15.495,0
50,0.2,5041,bot4 penalty=5,1,success,40,0,57.428,0
50,0.2,5041,bot4 penalty=10,1,success,40,0,58.401,0
50,0.2,5041,bot4 penalty=20,1,success,40,0,58.756,0
50,0.2,5041,bot4 penalty=30,1,success,40,0,60.014,0
50,0.2,5042,bot2,1,success,28,0,6.278,1
50,0.2,5042,bot3,1,success,28,0,6.449,1
50,0.2,5042,bot4 penalty=5,1,success,28,0,37.052,1
50,0.2,5042,bot4 penalty=10,1,success,28,0,41.007,1
50,0.2,5042,bot4 penalty=20,1,success,28,0,38.675,1
50,0.2,5042,bot4 penalty=30,1,success,28,0,37.92,1
50,0.2,5043,bot2,1,success,30,0,6.393,0
50,0.2,5043,bot3,1,success,30,0,6.235,0
50,0.2,5043,bot4 penalty=5,1,success,30,0,43.387,0
50,0.2,5043,bot4 penalty=10,1,success,30,0,45.177,0
50,0.2,5043,bot4 penalty=20,1,success,30,0,47.259,0
50,0.2,5043,bot4 penalty=30,1,success,30,0,42.322,0
50,0.2,5044,bot2,1,success,12,0,1.608,1
50,0.2,5044,bot3,1,success,12,0,1.597,1
50,0.2,5044,bot4 penalty=5,1,success,12,0,15.949,1
50,0.2,5044,bot4 penalty=10,1,success,12,0,16.568,1
50,0.2,5044,bot4 penalty=20,1,success,12,0,16.224,1
50,0.2,5044,bot4 penalty=30,1,success,12,0,15.541,1
50,0.2,5045,bot2,1,success,40,0,9.9,1
50,0.2,5045,bot3,1,success,40,0,10.414,1
50,0.2,5045,bot4 penalty=5,1,success,40,0,65.642,1
50,0.2,5045,bot4 penalty=10,1,success,40,0,63.533,1
50,0.2,5045,bot4 penalty=20,1,success,40,0,70.463,1
50,0.2,5045,bot4 penalty=30,1,success,40,0,59.065,1
50,0.2,5046,bot2,1,success,45,0,14.794,0
50,0.2,5046,bot3,1,success,45,0,15.004,0
50,0.2,5046,bot4 penalty=5,1,success,45,0,60.454,0
50,0.2,5046,bot4 penalty=10,1,success,45,0,61.738,0
50,0.2,5046,bot4 penalty=20,1,success,45,0,62.908,0
50,0.2,5046,bot4 penalty=30,1,success,45,0,61.233,0
50,0.2,5047,bot2,1,success,27,0,7.403,0
50,0.2,5047,bot3,1,success,27,0,5.851,0
50,0.2,5047,bot4 penalty=5,1,success,27,0,43.216,0
50,0.2,5047,bot4 penalty=10,1,success,27,0,37.05,0
50,0.2,5047,bot4 penalty=20,1,success,27,0,37.025,0
50,0.2,5047,bot4 penalty=30,1,success,27,0,35.927,0
50,0.2,5048,bot2,1,success,31,0,7.416,1
50,0.2,5048,bot3,1,success,31,0,8.207,1
50,0.2,5048,bot4 penalty=5,1,success,31,0,41.492,1
50,0.2,5048,bot4 penalty=10,1,success,31,0,42.411,1
50,0.2,5048,bot4 penalty=20,1,success,31,0,41.276,1
50,0.2,5048,bot4 penalty=30,1,success,31,0,42.059,1
50,0.2,5049,bot2,1,success,36,0,8.093,1
50,0.2,5049,bot3,1,success,36,0,8.384,1
50,0.2,5049,bot4 penalty=5,1,success,36,0,48.166,1
50,0.2,5049,bot4 penalty=10,1,success,36,0,46.545,1
50,0.2,5049,bot4 penalty=20,1,success,36,0,47.665,1
50,0.2,5049,bot4 penalty=30,1,success,36,0,49.073,1
50,0.2,5050,bot2,1,success,21,0,4.591,1
50,0.2,5050,bot3,1,success,21,0,4.087,1
50,0.2,5050,bot4 penalty=5,1,success,21,0,27.445,1
50,0.2,5050,bot4 penalty=10,1,success,21,0,26.801,1
50,0.2,5050,bot4 penalty=20,1,success,21,0,27.425,1
50,0.2,5050,bot4 penalty=30,1,success,21,0,27.414,1
50,0.2,5051,bot2,0,button_burned,47,0,26.903,0
50,0.2,5051,bot3,0,button_burned,47,0,29.299,0
50,0.2,5051,bot4 penalty=5,0,button_burned,47,0,69.23,0
50,0.2,5051,bot4 penalty=10,0,button_burned,47,0,67.013,0
50,0.2,5051,bot4 penalty=20,0,button_burned,47,0,69.267,0
50,0.2,5051,bot4 penalty=30,0,button_burned,47,0,65.61,0
50,0.2,5052,bot2,1,success,73,0,44.824,0
50,0.2,5052,bot3,1,success,73,0,47.929,0
50,0.2,5052,bot4 penalty=5,1,success,73,0,116.212,0
50,0.2,5052,bot4 penalty=10,1,success,73,0,102.134,0
50,0.2,5052,bot4 penalty=20,1,success,73,0,100.933,0
50,0.2,5052,bot4 penalty=30,1,success,73,0,100.894,0
50,0.2,5053,bot2,1,success,57,0,18.585,0
50,0.2,5053,bot3,1,success,57,0,19.074,0
50,0.2,5053,bot4 penalty=5,1,success,57,0,75.749,0
50,0.2,5053,bot4 penalty=10,1,success,57,0,75.035,0
50,0.2,5053,bot4 penalty=20,1,success,57,0,80.233,0
50,0.2,5053,bot4 penalty=30,1,success,57,0,85.778,0
50,0.2,5054,bot2,1,success,40,0,11.216,1
50,0.2,5054,bot3,1,success,40,0,11.58,1
50,0.2,5054,bot4 penalty=5,1,success,40,0,50.092,1
50,0.2,5054,bot4 penalty=10,1,success,40,0,54.551,1
50,0.2,5054,bot4 penalty=20,1,success,40,0,53.038,1
50,0.2,5054,bot4 penalty=30,1,success,40,0,66.691,1
50,0.2,5055,bot2,1,success,59,0,28.684,1
50,0.2,5055,bot3,1,success,59,0,31.241,1
50,0.2,5055,bot4 penalty=5,1,success,59,0,96.89,1
50,0.2,5055,bot4 penalty=10,1,success,59,0,83.789,1
50,0.2,5055,bot4 penalty=20,1,success,59,0,80.549,1
50,0.2,5055,bot4 penalty=30,1,success,59,0,83.091,1
50,0.2,5056,bot2,1,success,32,0,7.898,1
50,0.2,5056,bot3,1,success,32,0,8.841,1
50,0.2,5056,bot4 penalty=5,1,success,32,0,42.534,1
50,0.2,5056,bot4 penalty=10,1,success,32,0,43.035,1
50,0.2,5056,bot4 penalty=20,1,success,32,0,49.539,1
50,0.2,5056,bot4 penalty=30,1,success,32,0,49.558,1
50,0.2,5057,bot2,1,success,48,0,24.168,0
50,0.2,5057,bot3,1,success,48,0,21.857,0
50,0.2,5057,bot4 penalty=5,1,success,48,0,75.934,0
50,0.2,5057,bot4 penalty=10,1,success,48,0,72.896,0
50,0.2,5057,bot4 penalty=20,1,success,48,0,69.459,0
50,0.2,5057,bot4 penalty=30,1,success,48,0,70.643,0
50,0.2,5058,bot2,1,success,70,0,49.989,1
50,0.2,5058,bot3,1,success,70,0,41.409,1
50,0.2,5058,bot4 penalty=5,1,success,70,0,115.019,1
50,0.2,5058,bot4 penalty=10,1,success,70,0,104.654,1
50,0.2,5058,bot4 penalty=20,1,success,70,0,106.099,1
50,0.2,5058,bot4 penalty=30,1,success,70,0,124.8,1
50,0.2,5059,bot2,1,success,30,0,6.073,0
50,0.2,5059,bot3,1,success,30,0,6.485,0
50,0.2,5059,bot4 penalty=5,1,success,30,0,39.65,0
50,0.2,5059,bot4 penalty=10,1,success,30,0,39.932,0
50,0.2,5059,bot4 penalty=20,1,success,30,0,39.248,0
50,0.2,5059,bot4 penalty=30,1,success,30,0,42.029,0
50,0.2,5060,bot2,1,success,66,0,31.068,0
50,0.2,5060,bot3,1,success,66,0,31.407,0
50,0.2,5060,bot4 penalty=5,1,success,66,0,97.778,0
50,0.2,5060,bot4 penalty=10,1,success,66,0,98.82,0
50,0.2,5060,bot4 penalty=20,1,success,66,0,99.104,0
50,0.2,5060,bot4 penalty=30,1,success,66,0,98.693,0
50,0.2,5061,bot2,1,success,50,0,17.789,0
50,0.2,5061,bot3,1,success,50,0,18.581,0
50,0.2,5061,bot4 penalty=5,1,success,50,0,69.492,0
50,0.2,5061,bot4 penalty=10,1,success,50,0,69.95,0
50,0.2,5061,bot4 penalty=20,1,success,50,0,68.197,0
50,0.2,5061,bot4 penalty=30,1,success,50,0,69.178,0
50,0.2,5062,bot2,1,success,59,0,32.925,0
50,0.2,5062,bot3,1,success,59,0,32.92,0
50,0.2,5062,bot4 penalty=5,1,success,59,0,81.83,0
50,0.2,5062,bot4 penalty=10,1,success,59,0,78.25,0
50,0.2,5062,bot4 penalty=20,1,success,59,0,80.675,0
50,0.2,5062,bot4 penalty=30,1,success,59,0,82.384,0
50,0.2,5063,bot2,0,trapped,19,0,18.358,0
50,0.2,5063,bot3,0,trapped,19,0,20.644,0
50,0.2,5063,bot4 penalty=5,0,trapped,19,0,42.316,0
50,0.2,5063,bot4 penalty=10,0,trapped,19,0,45.811,0
50,0.2,5063,bot4 penalty=20,0,trapped,19,0,50.14,0
50,0.2,5063,bot4 penalty=30,0,trapped,19,0,46.812,0
50,0.2,5064,bot2,1,success,42,0,17.272,1
50,0.2,5064,bot3,1,success,42,0,18.147,1
50,0.2,5064,bot4 penalty=5,1,success,42,0,53.976,1
50,0.2,5064,bot4 penalty=10,1,success,42,0,55.747,1
50,0.2,5064,bot4 penalty=20,1,success,42,0,56.246,1
50,0.2,5064,bot4 penalty=30,1,success,42,0,55.606,1
50,0.2,5065,bot2,1,success,54,0,19.807,1
50,0.2,5065,bot3,1,success,54,0,20.724,1
50,0.2,5065,bot4 penalty=5,1,success,54,0,74.537,1
50,0.2,5065,bot4 penalty=10,1,success,54,0,74.066,1
50,0.2,5065,bot4 penalty=20,1,success,54,0,76.97,1
50,0.2,5065,bot4 penalty=30,1,success,54,0,77.357,1
50,0.2,5066,bot2,1,success,71,0,54.913,0
50,0.2,5066,bot3,1,success,71,0,46.559,0
50,0.2,5066,bot4 penalty=5,1,success,71,0,118.497,0
50,0.2,5066,bot4 penalty=10,1,success,71,0,99.6,0
50,0.2,5066,bot4 penalty=20,1,success,71,0,97.754,0
50,0.2,5066,bot4 penalty=30,1,success,71,0,96.082,0
50,0.2,5067,bot2,1,success,23,0,4.568,1
50,0.2,5067,bot3,1,success,23,0,4.478,1
50,0.2,5067,bot4 penalty=5,1,success,23,0,30.966,1
50,0.2,5067,bot4 penalty=10,1,success,23,0,31.666,1
50,0.2,5067,bot4 penalty=20,1,success,23,0,36.807,1
50,0.2,5067,bot4 penalty=30,1,success,23,0,31.319,1
50,0.2,5068,bot2,1,success,73,0,47.979,0
50,0.2,5068,bot3,1,success,73,0,44.705,0
50,0.2,5068,bot4 penalty=5,1,success,73,0,107.065,0
50,0.2,5068,bot4 penalty=10,1,success,73,0,101.828,0
50,0.2,5068,bot4 penalty=20,1,success,73,0,110.34,0
50,0.2,5068,bot4 penalty=30,1,success,73,0,109.377,0
50,0.2,5069,bot2,1,success,25,0,3.94,1
50,0.2,5069,bot3,1,success,25,0,4.278,1
50,0.2,5069,bot4 penalty=5,1,success,25,0,33.033,1
50,0.2,5069,bot4 penalty=10,1,success,25,0,32.093,1
50,0.2,5069,bot4 penalty=20,1,success,25,0,32.416,1
50,0.2,5069,bot4 penalty=30,1,success,25,0,33.047,1
50,0.2,5070,bot2,0,trapped,90,0,64.146,0
50,0.2,5070,bot3,0,trapped,90,6,87.514,0
50,0.2,5070,bot4 penalty=5,0,trapped,90,0,188.96,0
50,0.2,5070,bot4 penalty=10,0,trapped,90,0,171.784,0
50,0.2,5070,bot4 penalty=20,0,trapped,90,0,198.4,0
50,0.2,5070,bot4 penalty=30,0,trapped,90,1,180.006,0
50,0.2,5071,bot2,1,success,49,0,18.63,0
50,0.2,5071,bot3,1,success,67,8,23.508,0
50,0.2,5071,bot4 penalty=5,1,success,53,2,74.199,0
50,0.2,5071,bot4 penalty=10,1,success,51,1,72.508,0
50,0.2,5071,bot4 penalty=20,1,success,51,1,72.829,0
50,0.2,5071,bot4 penalty=30,1,success,51,1,76.518,0
50,0.2,5072,bot2,1,success,50,0,20.936,0
50,0.2,5072,bot3,1,success,50,0,20.6,0
50,0.2,5072,bot4 penalty=5,1,success,50,0,75.226,0
50,0.2,5072,bot4 penalty=10,1,success,50,0,67.559,0
50,0.2,5072,bot4 penalty=20,1,success,50,0,70.231,0
50,0.2,5072,bot4 penalty=30,1,success,50,0,69.611,0
50,0.2,5073,bot2,1,success,20,0,3.924,1
50,0.2,5073,bot3,1,success,20,0,5.457,1
50,0.2,5073,bot4 penalty=5,1,success,20,0,27.611,1
50,0.2,5073,bot4 penalty=10,1,success,20,0,26.062,1
50,0.2,5073,bot4 penalty=20,1,success,20,0,26.202,1
50,0.2,5073,bot4 penalty=30,1,success,20,0,26.704,1
50,0.2,5074,bot2,1,success,71,0,28.976,0
50,0.2,5074,bot3,1,success,95,4,42.92,0
50,0.2,5074,bot4 penalty=5,1,success,97,3,141.052,0
50,0.2,5074,bot4 penalty=10,1,success,97,3,134.852,0
50,0.2,5074,bot4 penalty=20,1,success,69,2,99.708,0
50,0.2,5074,bot4 penalty=30,1,success,69,2,104.444,0
50,0.2,5075,bot2,1,success,61,0,22.013,0
50,0.2,5075,bot3,1,success,61,0,22.935,0
50,0.2,5075,bot4 penalty=5,1,success,61,0,84.184,0
50,0.2,5075,bot4 penalty=10,1,success,61,0,84.406,0
50,0.2,5075,bot4 penalty=20,1,success,61,0,92.607,0
50,0.2,5075,bot4 penalty=30,1,success,61,0,86.263,0
50,0.2,5076,bot2,1,success,18,0,2.602,1
50,0.2,5076,bot3,1,success,18,0,2.663,1
50,0.2,5076,bot4 penalty=5,1,success,18,0,22.893,1
50,0.2,5076,bot4 penalty=10,1,success,18,0,22.293,1
50,0.2,5076,bot4 penalty=20,1,success,18,0,22.954,1
50,0.2,5076,bot4 penalty=30,1,success,18,0,24.064,1
50,0.2,5077,bot2,1,success,73,0,40.788,0
50,0.2,5077,bot3,1,success,71,1,41.666,0
50,0.2,5077,bot4 penalty=5,1,success,69,1,109.231,0
50,0.2,5077,bot4 penalty=10,1,success,69,1,106.295,0
50,0.2,5077,bot4 penalty=20,1,success,69,1,110.229,0
50,0.2,5077,bot4 penalty=30,1,success,69,1,99.846,0
50,0.2,5078,bot2,1,success,48,0,21.504,0
50,0.2,5078,bot3,1,success,48,0,21.277,0
50,0.2,5078,bot4 penalty=5,1,success,48,0,64.503,0
50,0.2,5078,bot4 penalty=10,1,success,48,0,71.949,0
50,0.2,5078,bot4 penalty=20,1,success,48,0,66.456,0
50,0.2,5078,bot4 penalty=30,1,success,48,0,63.141,0
50,0.2,5079,bot2,0,button_burned,79,0,43.9,0
50,0.2,5079,bot3,0,button_burned,79,1,43.802,0
50,0.2,5079,bot4 penalty=5,0,button_burned,79,0,119.001,0
50,0.2,5079,bot4 penalty=10,0,button_burned,79,0,120.795,0
50,0.2,5079,bot4 penalty=20,0,button_burned,79,0,120.603,0
50,0.2,5079,bot4 penalty=30,0,button_burned,79,1,137.18,0
50,0.2,5080,bot2,1,success,12,0,1.564,1
50,0.2,5080,bot3,1,success,12,0,1.53,1
50,0.2,5080,bot4 penalty=5,1,success,12,0,15.885,1
50,0.2,5080,bot4 penalty=10,1,success,12,0,16.205,1
50,0.2,5080,bot4 penalty=20,1,success,12,0,16.057,1
50,0.2,5080,bot4 penalty=30,1,success,12,0,15.785,1
50,0.2,5081,bot2,1,success,68,0,41.094,0
50,0.2,5081,bot3,1,success,68,0,33.34,0
50,0.2,5081,bot4 penalty=5,1,success,68,0,125.623,0
50,0.2,5081,bot4 penalty=10,1,success,68,0,114.24,0
50,0.2,5081,bot4 penalty=20,1,success,68,0,97.207,0
50,0.2,5081,bot4 penalty=30,1,success,68,0,97.287,0
50,0.2,5082,bot2,1,success,33,0,8.819,0
50,0.2,5082,bot3,1,success,33,0,9.154,0
50,0.2,5082,bot4 penalty=5,1,success,33,0,44.41,0
50,0.2,5082,bot4 penalty=10,1,success,33,0,45.115,0
50,0.2,5082,bot4 penalty=20,1,success,33,0,43.062,0
50,0.2,5082,bot4 penalty=30,1,success,33,0,44.099,0
50,0.2,5083,bot2,1,success,22,0,4.014,1
50,0.2,5083,bot3,1,success,22,0,3.824,1
50,0.2,5083,bot4 penalty=5,1,success,22,0,28.087,1
50,0.2,5083,bot4 penalty=10,1,success,22,0,29.337,1
50,0.2,5083,bot4 penalty=20,1,success,22,0,29.257,1
50,0.2,5083,bot4 penalty=30,1,success,22,0,28.038,1
50,0.2,5084,bot2,1,success,52,0,22.711,0
50,0.2,5084,bot3,1,success,52,0,23.523,0
50,0.2,5084,bot4 penalty=5,1,success,52,0,70.852,0
50,0.2,5084,bot4 penalty=10,1,success,52,0,72.989,0
50,0.2,5084,bot4 penalty=20,1,success,52,0,72.001,0
50,0.2,5084,bot4 penalty=30,1,success,52,0,71.037,0
50,0.2,5085,bot2,0,trapped,52,0,24.492,0
50,0.2,5085,bot3,0,trapped,52,8,34.542,0
50,0.2,5085,bot4 penalty=5,0,trapped,52,0,84.553,0
50,0.2,5085,bot4 penalty=10,0,trapped,52,0,87.602,0
50,0.2,5085,bot4 penalty=20,0,trapped,52,8,91.855,0
50,0.2,5085,bot4 penalty=30,0,trapped,52,3,91.877,0
50,0.2,5086,bot2,0,trapped,34,0,16.573,0
50,0.2,5086,bot3,0,trapped,34,1,15.423,0
50,0.2,5086,bot4 penalty=5,0,trapped,34,0,59.07,0
50,0.2,5086,bot4 penalty=10,0,trapped,34,0,54.76,0
50,0.2,5086,bot4 penalty=20,0,trapped,34,3,69.662,0
50,0.2,5086,bot4 penalty=30,0,trapped,34,1,74.087,0
50,0.2,5087,bot2,1,success,22,0,3.762,1
50,0.2,5087,bot3,1,success,22,0,4.018,1
50,0.2,5087,bot4 penalty=5,1,success,22,0,28.637,1
50,0.2,5087,bot4 penalty=10,1,success,22,0,28.877,1
50,0.2,5087,bot4 penalty=20,1,success,22,0,28.767,1
50,0.2,5087,bot4 penalty=30,1,success,22,0,28.197,1
50,0.2,5088,bot2,1,success,62,0,31.43,0
50,0.2,5088,bot3,1,success,62,0,32.674,0
50,0.2,5088,bot4 penalty=5,1,success,62,0,86.644,0
50,0.2,5088,bot4 penalty=10,1,success,62,0,86.329,0
50,0.2,5088,bot4 penalty=20,1,success,62,0,85.206,0
50,0.2,5088,bot4 penalty=30,1,success,62,0,89.022,0
50,0.2,5089,bot2,1,success,61,0,30.816,0
50,0.2,5089,bot3,1,success,61,0,29.73,0
50,0.2,5089,bot4 penalty=5,1,success,61,0,93.589,0
50,0.2,5089,bot4 penalty=10,1,success,61,0,90.677,0
50,0.2,5089,bot4 penalty=20,1,success,61,0,97.646,0
50,0.2,5089,bot4 penalty=30,1,success,61,0,101.522,0
50,0.2,5090,bot2,1,success,30,0,7.033,0
50,0.2,5090,bot3,1,success,30,0,7.604,0
50,0.2,5090,bot4 penalty=5,1,success,30,0,39.64,0
50,0.2,5090,bot4 penalty=10,1,success,30,0,40.533,0
50,0.2,5090,bot4 penalty=20,1,success,30,0,43.639,0
50,0.2,5090,bot4 penalty=30,1,success,30,0,55.734,0
50,0.2,5091,bot2,1,success,49,0,19.942,0
50,0.2,5091,bot3,1,success,49,0,20.165,0
50,0.2,5091,bot4 penalty=5,1,success,49,0,67.03,0
50,0.2,5091,bot4 penalty=10,1,success,49,0,69.282,0
50,0.2,5091,bot4 penalty=20,1,success,49,0,69.988,0
50,0.2,5091,bot4 penalty=30,1,success,49,0,69.605,0
50,0.2,5092,bot2,1,success,68,0,26.612,0
50,0.2,5092,bot3,1,success,66,0,29.167,0
50,0.2,5092,bot4 penalty=5,1,success,66,0,94.395,0
50,0.2,5092,bot4 penalty=10,1,success,66,0,96.488,0
50,0.2,5092,bot4 penalty=20,1,success,66,0,99.572,0
50,0.2,5092,bot4 penalty=30,1,success,66,0,97.253,0
50,0.2,5093,bot2,1,success,47,0,14.091,0
50,0.2,5093,bot3,1,success,47,0,14.954,0
50,0.2,5093,bot4 penalty=5,1,success,47,0,66.202,0
50,0.2,5093,bot4 penalty=10,1,success,47,0,65.459,0
50,0.2,5093,bot4 penalty=20,1,success,47,0,70.24,0
50,0.2,5093,bot4 penalty=30,1,success,47,0,79.244,0
50,0.2,5094,bot2,0,button_burned,48,0,22.746,0
50,0.2,5094,bot3,0,button_burned,48,0,30.261,0
50,0.2,5094,bot4 penalty=5,0,button_burned,48,0,68.322,0
50,0.2,5094,bot4 penalty=10,0,button_burned,48,0,69.988,0
50,0.2,5094,bot4 penalty=20,0,button_burned,48,0,73.052,0
50,0.2,5094,bot4 penalty=30,0,button_burned,48,0,78.356,0
50,0.2,5095,bot2,1,success,26,0,5.168,1
50,0.2,5095,bot3,1,success,26,0,5.285,1
50,0.2,5095,bot4 penalty=5,1,success,26,0,35.589,1
50,0.2,5095,bot4 penalty=10,1,success,26,0,34.679,1
50,0.2,5095,bot4 penalty=20,1,success,26,0,35.675,1
50,0.2,5095,bot4 penalty=30,1,success,26,0,35.054,1
50,0.2,5096,bot2,1,success,20,0,2.714,1
50,0.2,5096,bot3,1,success,20,0,3.233,1
50,0.2,5096,bot4 penalty=5,1,success,20,0,25.854,1
50,0.2,5096,bot4 penalty=10,1,success,20,0,27.713,1
50,0.2,5096,bot4 penalty=20,1,success,20,0,26.026,1
50,0.2,5096,bot4 penalty=30,1,success,20,0,26.921,1
50,0.2,5097,bot2,1,success,32,0,8.893,1
50,0.2,5097,bot3,1,success,32,0,12.967,1
50,0.2,5097,bot4 penalty=5,1,success,32,0,59.504,1
50,0.2,5097,bot4 penalty=10,1,success,32,0,41.957,1
50,0.2,5097,bot4 penalty=20,1,success,32,0,48.255,1
50,0.2,5097,bot4 penalty=30,1,success,32,0,43.91,1
50,0.2,5098,bot2,1,success,41,0,13.101,0
50,0.2,5098,bot3,1,success,41,0,13.514,0
50,0.2,5098,bot4 penalty=5,1,success,41,0,53.992,0
50,0.2,5098,bot4 penalty=10,1,success,41,0,54.313,0
50,0.2,5098,bot4 penalty=20,1,success,41,0,52.251,0
50,0.2,5098,bot4 penalty=30,1,success,41,0,53.3,0
50,0.2,5099,bot2,1,success,33,0,8.789,1
50,0.2,5099,bot3,1,success,33,0,9.068,1
50,0.2,5099,bot4 penalty=5,1,success,33,0,44.947,1
50,0.2,5099,bot4 penalty=10,1,success,33,0,44.41,1
50,0.2,5099,bot4 penalty=20,1,success,33,0,44.457,1
50,0.2,5099,bot4 penalty=30,1,success,33,0,51.077,1
50,0.2,5100,bot2,1,success,22,0,3.669,1
50,0.2,5100,bot3,1,success,22,0,3.678,1
50,0.2,5100,bot4 penalty=5,1,success,22,0,29.934,1
50,0.2,5100,bot4 penalty=10,1,success,22,0,29.457,1
50,0.2,5100,bot4 penalty=20,1,success,22,0,28.124,1
50,0.2,5100,bot4 penalty=30,1,success,22,0,28.571,1
50,0.2,5101,bot2,1,success,29,0,6.708,0
50,0.2,5101,bot3,1,success,29,0,7.135,0
50,0.2,5101,bot4 penalty=5,1,success,29,0,37.262,0
50,0.2,5101,bot4 penalty=10,1,success,29,0,38.36,0
50,0.2,5101,bot4 penalty=20,1,success,29,0,42.022,0
50,0.2,5101,bot4 penalty=30,1,success,29,0,41.796,0
50,0.2,5102,bot2,0,button_burned,67,0,48.865,0
50,0.2,5102,bot3,0,button_burned,67,1,53.653,0
50,0.2,5102,bot4 penalty=5,0,button_burned,67,0,104.404,0
50,0.2,5102,bot4 penalty=10,0,button_burned,67,0,103.647,0
50,0.2,5102,bot4 penalty=20,0,button_burned,67,1,104.613,0
50,0.2,5102,bot4 penalty=30,0,button_burned,67,1,139.648,0
50,0.2,5103,bot2,1,success,66,0,39.623,1
50,0.2,5103,bot3,1,success,66,0,41.147,1
50,0.2,5103,bot4 penalty=5,1,success,66,0,110.738,1
50,0.2,5103,bot4 penalty=10,1,success,66,0,105.642,1
50,0.2,5103,bot4 penalty=20,1,success,66,0,106.031,1
50,0.2,5103,bot4 penalty=30,1,success,66,0,103.383,1
50,0.2,5104,bot2,1,success,54,0,22.065,0
50,0.2,5104,bot3,1,success,54,0,21.931,0
50,0.2,5104,bot4 penalty=5,1,success,54,0,80.759,0
50,0.2,5104,bot4 penalty=10,1,success,54,0,79.096,0
50,0.2,5104,bot4 penalty=20,1,success,54,0,77.069,0
50,0.2,5104,bot4 penalty=30,1,success,54,0,74.983,0
50,0.2,5105,bot2,1,success,43,0,14.377,0
50,0.2,5105,bot3,1,success,43,0,15.017,0
50,0.2,5105,bot4 penalty=5,1,success,43,0,72.231,0
50,0.2,5105,bot4 penalty=10,1,success,43,0,60.843,0
50,0.2,5105,bot4 penalty=20,1,success,43,0,57.786,0
50,0.2,5105,bot4 penalty=30,1,success,43,0,58.455,0
50,0.2,5106,bot2,1,success,88,0,50.851,0
50,0.2,5106,bot3,1,success,88,0,55.398,0
50,0.2,5106,bot4 penalty=5,1,success,88,0,151.433,0
50,0.2,5106,bot4 penalty=10,1,success,88,0,160.957,0
50,0.2,5106,bot4 penalty=20,1,success,88,0,160.051,0
50,0.2,5106,bot4 penalty=30,1,success,88,0,143.335,0
50,0.2,5107,bot2,1,success,34,0,13.767,0
50,0.2,5107,bot3,1,success,34,0,11.902,0
50,0.2,5107,bot4 penalty=5,1,success,34,0,47.874,0
50,0.2,5107,bot4 penalty=10,1,success,34,0,48.629,0
50,0.2,5107,bot4 penalty=20,1,success,34,0,46.935,0
50,0.2,5107,bot4 penalty=30,1,success,34,0,45.475,0
50,0.2,5108,bot2,1,success,31,0,8.123,1
50,0.2,5108,bot3,1,success,31,0,8.476,1
50,0.2,5108,bot4 penalty=5,1,success,31,0,43.387,1
50,0.2,5108,bot4 penalty=10,1,success,31,0,44.772,1
50,0.2,5108,bot4 penalty=20,1,success,31,0,45.788,1
50,0.2,5108,bot4 penalty=30,1,success,31,0,52.656,1
50,0.2,5109,bot2,1,success,65,0,38.562,0
50,0.2,5109,bot3,1,success,65,0,40.994,0
50,0.2,5109,bot4 penalty=5,1,success,65,0,104.399,0
50,0.2,5109,bot4 penalty=10,1,success,65,0,109.706,0
50,0.2,5109,bot4 penalty=20,1,success,65,0,93.436,0
50,0.2,5109,bot4 penalty=30,1,success,65,0,88.282,0
50,0.2,5110,bot2,1,success,47,0,20.544,0
50,0.2,5110,bot3,1,success,47,0,21.393,0
50,0.2,5110,bot4 penalty=5,1,success,47,0,66.024,0
50,0.2,5110,bot4 penalty=10,1,success,47,0,66.971,0
50,0.2,5110,bot4 penalty=20,1,success,47,0,66.144,0
50,0.2,5110,bot4 penalty=30,1,success,47,0,68.954,0
50,0.2,5111,bot2,1,success,58,0,29.148,1
50,0.2,5111,bot3,1,success,58,0,30.249,1
50,0.2,5111,bot4 penalty=5,1,success,58,0,104.189,1
50,0.2,5111,bot4 penalty=10,1,success,58,0,87.298,1
50,0.2,5111,bot4 penalty=20,1,success,58,0,87.608,1
50,0.2,5111,bot4 penalty=30,1,success,58,0,105.182,1
50,0.2,5112,bot2,1,success,12,0,1.694,1
50,0.2,5112,bot3,1,success,12,0,1.789,1
50,0.2,5112,bot4 penalty=5,1,success,12,0,16.123,1
50,0.2,5112,bot4 penalty=10,1,success,12,0,14.969,1
50,0.2,5112,bot4 penalty=20,1,success,12,0,15.755,1
50,0.2,5112,bot4 penalty=30,1,success,12,0,14.979,1
50,0.2,5113,bot2,1,success,21,0,3.725,1
50,0.2,5113,bot3,1,success,21,0,3.841,1
50,0.2,5113,bot4 penalty=5,1,success,21,0,27.375,1
50,0.2,5113,bot4 penalty=10,1,success,21,0,29.268,1
50,0.2,5113,bot4 penalty=20,1,success,21,0,28.28,1
50,0.2,5113,bot4 penalty=30,1,success,21,0,27.712,1
50,0.2,5114,bot2,1,success,36,0,10.247,0
50,0.2,5114,bot3,1,success,36,0,10.319,0
50,0.2,5114,bot4 penalty=5,1,success,36,0,47.578,0
50,0.2,5114,bot4 penalty=10,1,success,36,0,47.902,0
50,0.2,5114,bot4 penalty=20,1,success,36,0,48.594,0
50,0.2,5114,bot4 penalty=30,1,success,36,0,49.124,0
50,0.2,5115,bot2,1,success,27,0,6.111,1
50,0.2,5115,bot3,1,success,27,0,6.05,1
50,0.2,5115,bot4 penalty=5,1,success,27,0,35.772,1
50,0.2,5115,bot4 penalty=10,1,success,27,0,35.069,1
50,0.2,5115,bot4 penalty=20,1,success,27,0,37.573,1
50,0.2,5115,bot4 penalty=30,1,success,27,0,36.862,1
50,0.2,5116,bot2,1,success,31,0,7.335,0
50,0.2,5116,bot3,1,success,31,0,7.533,0
50,0.2,5116,bot4 penalty=5,1,success,31,0,44.119,0
50,0.2,5116,bot4 penalty=10,1,success,31,0,41.063,0
50,0.2,5116,bot4 penalty=20,1,success,31,0,44.578,0
50,0.2,5116,bot4 penalty=30,1,success,31,0,42.675,0
50,0.2,5117,bot2,1,success,21,0,3.349,1
50,0.2,5117,bot3,1,success,21,0,3.454,1
50,0.2,5117,bot4 penalty=5,1,success,21,0,26.628,1
50,0.2,5117,bot4 penalty=10,1,success,21,0,27.686,1
50,0.2,5117,bot4 penalty=20,1,success,21,0,27.947,1
50,0.2,5117,bot4 penalty=30,1,success,21,0,27.945,1
50,0.2,5118,bot2,1,success,51,0,24.455,1
50,0.2,5118,bot3,1,success,51,0,23.026,1
50,0.2,5118,bot4 penalty=5,1,success,51,0,70.662,1
50,0.2,5118,bot4 penalty=10,1,success,51,0,68.668,1
50,0.2,5118,bot4 penalty=20,1,success,51,0,71.143,1
50,0.2,5118,bot4 penalty=30,1,success,51,0,72.955,1
50,0.2,5119,bot2,1,success,11,0,1.412,1
50,0.2,5119,bot3,1,success,11,0,1.405,1
50,0.2,5119,bot4 penalty=5,1,success,11,0,15.329,1
50,0.2,5119,bot4 penalty=10,1,success,11,0,15.369,1
50,0.2,5119,bot4 penalty=20,1,success,11,0,14.917,1
50,0.2,5119,bot4 penalty=30,1,success,11,0,15.213,1
50,0.2,5120,bot2,1,success,30,0,7.647,1
50,0.2,5120,bot3,1,success,30,0,7.055,1
50,0.2,5120,bot4 penalty=5,1,success,30,0,39.881,1
50,0.2,5120,bot4 penalty=10,1,success,30,0,48.545,1
50,0.2,5120,bot4 penalty=20,1,success,30,0,41.102,1
50,0.2,5120,bot4 penalty=30,1,success,30,0,40.208,1
50,0.2,5121,bot2,1,success,58,0,24.39,0
50,0.2,5121,bot3,1,success,58,0,25.111,0
50,0.2,5121,bot4 penalty=5,1,success,58,0,93.147,0
50,0.2,5121,bot4 penalty=10,1,success,58,0,89.43,0
50,0.2,5121,bot4 penalty=20,1,success,58,0,93.031,0
50,0.2,5121,bot4 penalty=30,1,success,58,0,94.28,0
50,0.2,5122,bot2,1,success,35,0,9.883,0
50,0.2,5122,bot3,1,success,35,0,10.245,0
50,0.2,5122,bot4 penalty=5,1,success,35,0,53.925,0
50,0.2,5122,bot4 penalty=10,1,success,35,0,51.302,0
50,0.2,5122,bot4 penalty=20,1,success,35,0,47.886,0
50,0.2,5122,bot4 penalty=30,1,success,35,0,50.128,0
50,0.2,5123,bot2,1,success,48,0,17.216,0
50,0.2,5123,bot3,1,success,48,0,16.238,0
50,0.2,5123,bot4 penalty=5,1,success,48,0,73.891,0
50,0.2,5123,bot4 penalty=10,1,success,48,0,103.229,0
50,0.2,5123,bot4 penalty=20,1,success,48,0,69.011,0
50,0.2,5123,bot4 penalty=30,1,success,48,0,68.564,0
50,0.2,5124,bot2,0,button_burned,42,0,12.13,0
50,0.2,5124,bot3,0,button_burned,42,1,15.193,0
50,0.2,5124,bot4 penalty=5,0,button_burned,42,1,61.902,0
50,0.2,5124,bot4 penalty=10,0,button_burned,42,1,62.281,0
50,0.2,5124,bot4 penalty=20,0,button_burned,42,1,64.886,0
50,0.2,5124,bot4 penalty=30,0,button_burned,42,3,65.088,0
50,0.2,5125,bot2,0,trapped,90,0,67.754,0
50,0.2,5125,bot3,0,trapped,90,4,79.639,0
50,0.2,5125,bot4 penalty=5,0,caught,49,0,94.567,0
50,0.2,5125,bot4 penalty=10,0,caught,49,0,101.299,0
50,0.2,5125,bot4 penalty=20,0,caught,49,0,79.561,0
50,0.2,5125,bot4 penalty=30,0,caught,49,0,77.285,0
50,0.2,5126,bot2,1,success,52,0,27.288,1
50,0.2,5126,bot3,1,success,52,0,36.214,1
50,0.2,5126,bot4 penalty=5,1,success,52,0,79.848,1
50,0.2,5126,bot4 penalty=10,1,success,52,0,73.908,1
50,0.2,5126,bot4 penalty=20,1,success,52,0,73.789,1
50,0.2,5126,bot4 penalty=30,1,success,52,0,87.078,1
50,0.2,5127,bot2,1,success,1,0,0.089,1
50,0.2,5127,bot3,1,success,1,0,0.101,1
50,0.2,5127,bot4 penalty=5,1,success,1,0,1.337,1
50,0.2,5127,bot4 penalty=10,1,success,1,0,1.15,1
50,0.2,5127,bot4 penalty=20,1,success,1,0,1.314,1
50,0.2,5127,bot4 penalty=30,1,success,1,0,1.271,1
50,0.2,5128,bot2,1,success,6,0,0.692,1
50,0.2,5128,bot3,1,success,6,0,0.75,1
50,0.2,5128,bot4 penalty=5,1,success,6,0,12.102,1
50,0.2,5128,bot4 penalty=10,1,success,6,0,11.567,1
50,0.2,5128,bot4 penalty=20,1,success,6,0,7.89,1
50,0.2,5128,bot4 penalty=30,1,success,6,0,9.727,1
50,0.2,5129,bot2,1,success,26,0,5.907,1
50,0.2,5129,bot3,1,success,26,0,6.131,1
50,0.2,5129,bot4 penalty=5,1,success,26,0,35.234,1
50,0.2,5129,bot4 penalty=10,1,success,26,0,35.96,1
50,0.2,5129,bot4 penalty=20,1,success,26,0,45.215,1
50,0.2,5129,bot4 penalty=30,1,success,26,0,55.571,1
50,0.2,5130,bot2,1,success,43,0,14.269,0
50,0.2,5130,bot3,1,success,43,0,15.896,0
50,0.2,5130,bot4 penalty=5,1,success,43,0,61.277,0
50,0.2,5130,bot4 penalty=10,1,success,43,0,69.571,0
50,0.2,5130,bot4 penalty=20,1,success,43,0,79.762,0
50,0.2,5130,bot4 penalty=30,1,success,43,0,59.522,0
50,0.2,5131,bot2,1,success,47,0,19.945,1
50,0.2,5131,bot3,1,success,47,0,20.935,1
50,0.2,5131,bot4 penalty=5,1,success,47,0,72.37,1
50,0.2,5131,bot4 penalty=10,1,success,47,0,63.232,1
50,0.2,5131,bot4 penalty=20,1,success,47,0,64.545,1
50,0.2,5131,bot4 penalty=30,1,success,47,0,62.827,1
50,0.2,5132,bot2,1,success,35,0,10.994,1
50,0.2,5132,bot3,1,success,35,0,10.442,1
50,0.2,5132,bot4 penalty=5,1,success,35,0,48.717,1
50,0.2,5132,bot4 penalty=10,1,success,35,0,52.051,1
50,0.2,5132,bot4 penalty=20,1,success,35,0,49.65,1
50,0.2,5132,bot4 penalty=30,1,success,35,0,51.382,1
50,0.2,5133,bot2,1,success,40,0,11.97,1
50,0.2,5133,bot3,1,success,40,0,12.444,1
50,0.2,5133,bot4 penalty=5,1,success,40,0,67.639,1
50,0.2,5133,bot4 penalty=10,1,success,40,0,66.56,1
50,0.2,5133,bot4 penalty=20,1,success,40,0,70.088,1
50,0.2,5133,bot4 penalty=30,1,success,40,0,56.942,1
50,0.2,5134,bot2,1,success,15,0,2.212,1
50,0.2,5134,bot3,1,success,15,0,2.532,1
50,0.2,5134,bot4 penalty=5,1,success,15,0,19.938,1
50,0.2,5134,bot4 penalty=10,1,success,15,0,19.49,1
50,0.2,5134,bot4 penalty=20,1,success,15,0,20.564,1
50,0.2,5134,bot4 penalty=30,1,success,15,0,19.489,1
50,0.2,5135,bot2,1,success,56,0,30.614,0
50,0.2,5135,bot3,1,success,56,0,34.596,0
50,0.2,5135,bot4 penalty=5,1,success,56,0,85.937,0
50,0.2,5135,bot4 penalty=10,1,success,56,0,80.148,0
50,0.2,5135,bot4 penalty=20,1,success,56,0,76.412,0
50,0.2,5135,bot4 penalty=30,1,success,56,0,78.926,0
50,0.2,5136,bot2,1,success,66,0,31.203,1
50,0.2,5136,bot3,1,success,66,0,31.827,1
50,0.2,5136,bot4 penalty=5,1,success,66,0,98.423,1
50,0.2,5136,bot4 penalty=10,1,success,66,0,98.809,1
50,0.2,5136,bot4 penalty=20,1,success,66,0,110.361,1
50,0.2,5136,bot4 penalty=30,1,success,66,0,121.131,1
50,0.2,5137,bot2,0,trapped,28,0,20.836,0
50,0.2,5137,bot3,0,trapped,28,0,24.869,0
50,0.2,5137,bot4 penalty=5,0,trapped,28,0,54.129,0
50,0.2,5137,bot4 penalty=10,0,trapped,28,0,53.341,0
50,0.2,5137,bot4 penalty=20,0,trapped,28,0,57.008,0
50,0.2,5137,bot4 penalty=30,0,trapped,28,0,58.191,0
50,0.2,5138,bot2,1,success,14,0,1.956,1
50,0.2,5138,bot3,1,success,14,0,2.043,1
50,0.2,5138,bot4 penalty=5,1,success,14,0,18.945,1
50,0.2,5138,bot4 penalty=10,1,success,14,0,19.028,1
50,0.2,5138,bot4 penalty=20,1,success,14,0,18.68,1
50,0.2,5138,bot4 penalty=30,1,success,14,0,19.521,1
50,0.2,5139,bot2,1,success,78,0,47.42,1
50,0.2,5139,bot3,1,success,78,0,49.863,1
50,0.2,5139,bot4 penalty=5,1,success,78,0,138.073,1
50,0.2,5139,bot4 penalty=10,1,success,78,0,147.145,1
50,0.2,5139,bot4 penalty=20,1,success,78,0,145.197,1
50,0.2,5139,bot4 penalty=30,1,success,78,0,127.316,1
50,0.2,5140,bot2,1,success,15,0,2.246,1
50,0.2,5140,bot3,1,success,15,0,2.356,1
50,0.2,5140,bot4 penalty=5,1,success,15,0,20.34,1
50,0.2,5140,bot4 penalty=10,1,success,15,0,20.723,1
50,0.2,5140,bot4 penalty=20,1,success,15,0,20.651,1
50,0.2,5140,bot4 penalty=30,1,success,15,0,21.149,1
50,0.2,5141,bot2,1,success,54,0,27.667,0
50,0.2,5141,bot3,1,success,54,0,27.858,0
50,0.2,5141,bot4 penalty=5,1,success,54,0,104.362,0
50,0.2,5141,bot4 penalty=10,1,success,54,0,89.379,0
50,0.2,5141,bot4 penalty=20,1,success,54,0,84.793,0
50,0.2,5141,bot4 penalty=30,1,success,54,0,82.317,0
50,0.2,5142,bot2,1,success,39,0,10.599,1
50,0.2,5142,bot3,1,success,39,0,13.377,1
50,0.2,5142,bot4 penalty=5,1,success,39,0,54.166,1
50,0.2,5142,bot4 penalty=10,1,success,39,0,56.006,1
50,0.2,5142,bot4 penalty=20,1,success,39,0,54.382,1
50,0.2,5142,bot4 penalty=30,1,success,39,0,53.645,1
50,0.2,5143,bot2,1,success,29,0,6.541,1
50,0.2,5143,bot3,1,success,29,0,7.197,1
50,0.2,5143,bot4 penalty=5,1,success,29,0,42.984,1
50,0.2,5143,bot4 penalty=10,1,success,29,0,38.045,1
50,0.2,5143,bot4 penalty=20,1,success,29,0,39.574,1
50,0.2,5143,bot4 penalty=30,1,success,29,0,39.381,1
50,0.2,5144,bot2,1,success,55,0,25.394,1
50,0.2,5144,bot3,1,success,55,0,25.323,1
50,0.2,5144,bot4 penalty=5,1,success,55,0,102.096,1
50,0.2,5144,bot4 penalty=10,1,success,55,0,108.159,1
50,0.2,5144,bot4 penalty=20,1,success,55,0,77.11,1
50,0.2,5144,bot4 penalty=30,1,success,55,0,75.358,1
50,0.2,5145,bot2,1,success,66,0,36.368,0
50,0.2,5145,bot3,1,success,66,0,38.018,0
50,0.2,5145,bot4 penalty=5,1,success,66,0,102.007,0
50,0.2,5145,bot4 penalty=10,1,success,66,0,99.677,0
50,0.2,5145,bot4 penalty=20,1,success,66,0,98.822,0
50,0.2,5145,bot4 penalty=30,1,success,66,0,97.548,0
50,0.2,5146,bot2,1,success,62,0,27.869,0
50,0.2,5146,bot3,1,success,62,0,33.015,0
50,0.2,5146,bot4 penalty=5,1,success,62,0,98.6,0
50,0.2,5146,bot4 penalty=10,1,success,62,0,98.094,0
50,0.2,5146,bot4 penalty=20,1,success,62,0,105.381,0
50,0.2,5146,bot4 penalty=30,1,success,62,0,105.614,0
50,0.2,5147,bot2,1,success,28,0,6.44,0
50,0.2,5147,bot3,1,success,28,0,7.598,0
50,0.2,5147,bot4 penalty=5,1,success,28,0,41.408,0
50,0.2,5147,bot4 penalty=10,1,success,28,0,38.373,0
50,0.2,5147,bot4 penalty=20,1,success,28,0,36.352,0
50,0.2,5147,bot4 penalty=30,1,success,28,0,36.836,0
50,0.2,5148,bot2,0,button_burned,31,0,20.449,0
50,0.2,5148,bot3,0,button_burned,31,0,27.358,0
50,0.2,5148,bot4 penalty=5,0,button_burned,31,0,66.329,0
50,0.2,5148,bot4 penalty=10,0,button_burned,31,0,62.932,0
50,0.2,5148,bot4 penalty=20,0,button_burned,31,0,67.234,0
50,0.2,5148,bot4 penalty=30,0,button_burned,31,0,72.221,0
50,0.2,5149,bot2,1,success,57,0,30.375,1
50,0.2,5149,bot3,1,success,57,0,32.175,1
50,0.2,5149,bot4 penalty=5,1,success,57,0,125.382,1
50,0.2,5149,bot4 penalty=10,1,success,57,0,97.423,1
50,0.2,5149,bot4 penalty=20,1,success,57,0,90.105,1
50,0.2,5149,bot4 penalty=30,1,success,57,0,90.378,1
50,0.2,5150,bot2,1,success,41,0,13.824,1
50,0.2,5150,bot3,1,success,41,0,14.769,1
50,0.2,5150,bot4 penalty=5,1,success,41,0,58.455,1
50,0.2,5150,bot4 penalty=10,1,success,41,0,56.83,1
50,0.2,5150,bot4 penalty=20,1,success,41,0,57.752,1
50,0.2,5150,bot4 penalty=30,1,success,41,0,53.809,1
50,0.2,5151,bot2,1,success,38,0,10.773,1
50,0.2,5151,bot3,1,success,38,0,11.787,1
50,0.2,5151,bot4 penalty=5,1,success,38,0,60.852,1
50,0.2,5151,bot4 penalty=10,1,success,38,0,85.239,1
50,0.2,5151,bot4 penalty=20,1,success,38,0,64.231,1
50,0.2,5151,bot4 penalty=30,1,success,38,0,54.199,1
50,0.2,5152,bot2,1,success,86,0,48.008,0
50,0.2,5152,bot3,1,success,82,3,57.846,0
50,0.2,5152,bot4 penalty=5,1,success,82,3,145.467,0
50,0.2,5152,bot4 penalty=10,1,success,82,3,135.049,0
50,0.2,5152,bot4 penalty=20,1,success,80,2,131.713,0
50,0.2,5152,bot4 penalty=30,1,success,80,2,135.033,0
50,0.2,5153,bot2,1,success,32,0,5.774,0
50,0.2,5153,bot3,1,success,32,0,5.897,0
50,0.2,5153,bot4 penalty=5,1,success,32,0,43.756,0
50,0.2,5153,bot4 penalty=10,1,success,32,0,43.222,0
50,0.2,5153,bot4 penalty=20,1,success,32,0,43.117,0
50,0.2,5153,bot4 penalty=30,1,success,32,0,43.674,0
50,0.2,5154,bot2,1,success,43,0,10.915,1
50,0.2,5154,bot3,1,success,43,0,11.763,1
50,0.2,5154,bot4 penalty=5,1,success,43,0,56.787,1
50,0.2,5154,bot4 penalty=10,1,success,43,0,57.145,1
50,0.2,5154,bot4 penalty=20,1,success,43,0,60.459,1
50,0.2,5154,bot4 penalty=30,1,success,43,0,59.493,1
50,0.2,5155,bot2,1,success,16,0,2.147,0
50,0.2,5155,bot3,1,success,16,0,2.18,0
50,0.2,5155,bot4 penalty=5,1,success,16,0,20.094,0
50,0.2,5155,bot4 penalty=10,1,success,16,0,23.838,0
50,0.2,5155,bot4 penalty=20,1,success,16,0,21.454,0
50,0.2,5155,bot4 penalty=30,1,success,16,0,29.821,0
50,0.2,5156,bot2,1,success,60,0,33.358,0
50,0.2,5156,bot3,1,success,60,0,32.513,0
50,0.2,5156,bot4 penalty=5,1,success,60,0,88.127,0
50,0.2,5156,bot4 penalty=10,1,success,60,0,92.304,0
50,0.2,5156,bot4 penalty=20,1,success,60,0,117.03,0
50,0.2,5156,bot4 penalty=30,1,success,60,0,97.368,0
50,0.2,5157,bot2,1,success,12,0,2.23,1
50,0.2,5157,bot3,1,success,12,0,2.113,1
50,0.2,5157,bot4 penalty=5,1,success,12,0,24.918,1
50,0.2,5157,bot4 penalty=10,1,success,12,0,17.117,1
50,0.2,5157,bot4 penalty=20,1,success,12,0,15.836,1
50,0.2,5157,bot4 penalty=30,1,success,12,0,17.464,1
50,0.2,5158,bot2,1,success,39,0,15.796,0
50,0.2,5158,bot3,1,success,39,0,16.511,0
50,0.2,5158,bot4 penalty=5,1,success,39,0,67.154,0
50,0.2,5158,bot4 penalty=10,1,success,39,0,69.981,0
50,0.2,5158,bot4 penalty=20,1,success,39,0,64.548,0
50,0.2,5158,bot4 penalty=30,1,success,39,0,62.172,0
50,0.2,5159,bot2,1,success,21,0,4.139,1
50,0.2,5159,bot3,1,success,21,0,4.421,1
50,0.2,5159,bot4 penalty=5,1,success,21,0,32.127,1
50,0.2,5159,bot4 penalty=10,1,success,21,0,29.759,1
50,0.2,5159,bot4 penalty=20,1,success,21,0,27.708,1
50,0.2,5159,bot4 penalty=30,1,success,21,0,29.052,1
50,0.2,5160,bot2,1,success,55,0,26.021,1
50,0.2,5160,bot3,1,success,55,0,31.258,1
50,0.2,5160,bot4 penalty=5,1,success,55,0,80.548,1
50,0.2,5160,bot4 penalty=10,1,success,55,0,78.341,1
50,0.2,5160,bot4 penalty=20,1,success,55,0,82.991,1
50,0.2,5160,bot4 penalty=30,1,success,55,0,81.517,1
50,0.2,5161,bot2,1,success,17,0,2.624,1
50,0.2,5161,bot3,1,success,17,0,2.895,1
50,0.2,5161,bot4 penalty=5,1,success,17,0,23.181,1
50,0.2,5161,bot4 penalty=10,1,success,17,0,22.838,1
50,0.2,5161,bot4 penalty=20,1,success,17,0,23.004,1
50,0.2,5161,bot4 penalty=30,1,success,17,0,23.77,1
50,0.2,5162,bot2,1,success,63,0,35.887,1
50,0.2,5162,bot3,1,success,63,0,36.152,1
50,0.2,5162,bot4 penalty=5,1,success,63,0,119.923,1
50,0.2,5162,bot4 penalty=10,1,success,63,0,111.872,1
50,0.2,5162,bot4 penalty=20,1,success,63,0,91.975,1
50,0.2,5162,bot4 penalty=30,1,success,63,0,91.395,1
50,0.2,5163,bot2,1,success,65,0,40.956,1
50,0.2,5163,bot3,1,success,65,0,38.595,1
50,0.2,5163,bot4 penalty=5,1,success,65,0,98.466,1
50,0.2,5163,bot4 penalty=10,1,success,65,0,102.012,1
50,0.2,5163,bot4 penalty=20,1,success,65,0,100.345,1
50,0.2,5163,bot4 penalty=30,1,success,65,0,99.955,1
50,0.2,5164,bot2,1,success,50,0,23.87,0
50,0.2,5164,bot3,0,trapped,53,5,32.681,0
50,0.2,5164,bot4 penalty=5,1,success,50,0,72.892,0
50,0.2,5164,bot4 penalty=10,1,success,50,0,104.594,0
50,0.2,5164,bot4 penalty=20,1,success,50,0,104.678,0
50,0.2,5164,bot4 penalty=30,0,trapped,53,5,96.944,0
50,0.2,5165,bot2,1,success,48,0,18.71,0
50,0.2,5165,bot3,1,success,48,0,19.084,0
50,0.2,5165,bot4 penalty=5,1,success,48,0,71.774,0
50,0.2,5165,bot4 penalty=10,1,success,48,0,69.905,0
50,0.2,5165,bot4 penalty=20,1,success,48,0,70.137,0
50,0.2,5165,bot4 penalty=30,1,success,48,0,69.571,0
50,0.2,5166,bot2,1,success,42,0,12.534,0
50,0.2,5166,bot3,1,success,42,0,12.673,0
50,0.2,5166,bot4 penalty=5,1,success,42,0,58.652,0
50,0.2,5166,bot4 penalty=10,1,success,42,0,57.46,0
50,0.2,5166,bot4 penalty=20,1,success,42,0,55.919,0
50,0.2,5166,bot4 penalty=30,1,success,42,0,62.086,0
50,0.2,5167,bot2,1,success,78,0,36.578,0
50,0.2,5167,bot3,0,trapped,111,17,88.166,0
50,0.2,5167,bot4 penalty=5,1,success,78,0,109.057,0
50,0.2,5167,bot4 penalty=10,1,success,78,0,112.633,0
50,0.2,5167,bot4 penalty=20,1,success,78,0,111.192,0
50,0.2,5167,bot4 penalty=30,0,trapped,111,15,218.158,0
50,0.2,5168,bot2,1,success,50,0,22.977,1
50,0.2,5168,bot3,1,success,50,0,24.341,1
50,0.2,5168,bot4 penalty=5,1,success,50,0,72.111,1
50,0.2,5168,bot4 penalty=10,1,success,50,0,71.441,1
50,0.2,5168,bot4 penalty=20,1,success,50,0,69.248,1
50,0.2,5168,bot4 penalty=30,1,success,50,0,69.457,1
50,0.2,5169,bot2,0,button_burned,30,0,12.674,0
50,0.2,5169,bot3,0,button_burned,30,0,22.07,0
50,0.2,5169,bot4 penalty=5,0,button_burned,30,0,46.546,0
50,0.2,5169,bot4 penalty=10,0,button_burned,30,0,45.74,0
50,0.2,5169,bot4 penalty=20,0,button_burned,30,0,49.948,0
50,0.2,5169,bot4 penalty=30,0,button_burned,30,0,54.06,0
50,0.2,5170,bot2,1,success,37,0,14.535,1
50,0.2,5170,bot3,1,success,37,0,12.518,1
50,0.2,5170,bot4 penalty=5,1,success,37,0,53.659,1
50,0.2,5170,bot4 penalty=10,1,success,37,0,51.732,1
50,0.2,5170,bot4 penalty=20,1,success,37,0,50.986,1
50,0.2,5170,bot4 penalty=30,1,success,37,0,51.601,1
50,0.2,5171,bot2,1,success,62,0,31.174,0
50,0.2,5171,bot3,1,success,62,0,36.227,0
50,0.2,5171,bot4 penalty=5,1,success,62,0,88.68,0
50,0.2,5171,bot4 penalty=10,1,success,62,0,90.476,0
50,0.2,5171,bot4 penalty=20,1,success,62,0,89.522,0
50,0.2,5171,bot4 penalty=30,1,success,62,0,122.412,0
50,0.2,5172,bot2,1,success,62,0,33.937,0
50,0.2,5172,bot3,1,success,62,3,34.862,0
50,0.2,5172,bot4 penalty=5,1,success,64,1,100.061,0
50,0.2,5172,bot4 penalty=10,1,success,58,4,89.542,0
50,0.2,5172,bot4 penalty=20,1,success,58,4,86.286,0
50,0.2,5172,bot4 penalty=30,1,success,58,4,90.464,0
50,0.2,5173,bot2,1,success,65,0,35.013,0
50,0.2,5173,bot3,1,success,65,0,50.951,0
50,0.2,5173,bot4 penalty=5,1,success,65,0,103.167,0
50,0.2,5173,bot4 penalty=10,1,success,65,0,101.262,0
50,0.2,5173,bot4 penalty=20,1,success,65,0,109.738,0
50,0.2,5173,bot4 penalty=30,1,success,65,0,107.743,0
50,0.2,5174,bot2,1,success,53,0,23.543,1
50,0.2,5174,bot3,1,success,53,0,25.902,1
50,0.2,5174,bot4 penalty=5,1,success,53,0,73.938,1
50,0.2,5174,bot4 penalty=10,1,success,53,0,78.111,1
50,0.2,5174,bot4 penalty=20,1,success,53,0,74.636,1
50,0.2,5174,bot4 penalty=30,1,success,53,0,75.435,1
50,0.2,5175,bot2,1,success,42,0,12.5,0
50,0.2,5175,bot3,1,success,42,0,12.991,0
50,0.2,5175,bot4 penalty=5,1,success,42,0,59.324,0
50,0.2,5175,bot4 penalty=10,1,success,42,0,58.885,0
50,0.2,5175,bot4 penalty=20,1,success,42,0,60.3,0
50,0.2,5175,bot4 penalty=30,1,success,42,0,60.839,0
50,0.2,5176,bot2,1,success,71,0,41.293,0
50,0.2,5176,bot3,1,success,71,0,44.648,0
50,0.2,5176,bot4 penalty=5,1,success,71,0,108.855,0
50,0.2,5176,bot4 penalty=10,1,success,71,0,113.929,0
50,0.2,5176,bot4 penalty=20,1,success,71,0,111.808,0
50,0.2,5176,bot4 penalty=30,1,success,71,0,108.414,0
50,0.2,5177,bot2,1,success,48,0,19.809,0
50,0.2,5177,bot3,1,success,48,0,23.153,0
50,0.2,5177,bot4 penalty=5,1,success,48,0,88.32,0
50,0.2,5177,bot4 penalty=10,1,success,48,0,70.206,0
50,0.2,5177,bot4 penalty=20,1,success,48,0,72.691,0
50,0.2,5177,bot4 penalty=30,1,success,48,0,66.576,0
50,0.2,5178,bot2,1,success,15,0,2.076,1
50,0.2,5178,bot3,1,success,15,0,2.23,1
50,0.2,5178,bot4 penalty=5,1,success,15,0,19.73,1
50,0.2,5178,bot4 penalty=10,1,success,15,0,19.907,1
50,0.2,5178,bot4 penalty=20,1,success,15,0,20.615,1
50,0.2,5178,bot4 penalty=30,1,success,15,0,20.006,1
50,0.2,5179,bot2,1,success,13,0,1.693,1
50,0.2,5179,bot3,1,success,13,0,1.643,1
50,0.2,5179,bot4 penalty=5,1,success,13,0,18.516,1
50,0.2,5179,bot4 penalty=10,1,success,13,0,17.309,1
50,0.2,5179,bot4 penalty=20,1,success,13,0,16.643,1
50,0.2,5179,bot4 penalty=30,1,success,13,0,16.868,1
50,0.2,5180,bot2,1,success,34,0,8.298,1
50,0.2,5180,bot3,1,success,34,0,8.508,1
50,0.2,5180,bot4 penalty=5,1,success,34,0,45.913,1
50,0.2,5180,bot4 penalty=10,1,success,34,0,46.358,1
50,0.2,5180,bot4 penalty=20,1,success,34,0,45.738,1
50,0.2,5180,bot4 penalty=30,1,success,34,0,46.689,1
50,0.2,5181,bot2,1,success,68,0,32.438,1
50,0.2,5181,bot3,1,success,68,0,33.36,1
50,0.2,5181,bot4 penalty=5,1,success,68,0,94.249,1
50,0.2,5181,bot4 penalty=10,1,success,68,0,95.825,1
50,0.2,5181,bot4 penalty=20,1,success,68,0,98.699,1
50,0.2,5181,bot4 penalty=30,1,success,68,0,94.612,1
50,0.2,5182,bot2,1,success,44,0,13.376,1
50,0.2,5182,bot3,1,success,44,0,13.726,1
50,0.2,5182,bot4 penalty=5,1,success,44,0,60.703,1
50,0.2,5182,bot4 penalty=10,1,success,44,0,63.648,1
50,0.2,5182,bot4 penalty=20,1,success,44,0,62.144,1
50,0.2,5182,bot4 penalty=30,1,success,44,0,62.598,1
50,0.2,5183,bot2,1,success,83,0,46.064,0
50,0.2,5183,bot3,1,success,83,0,49.53,0
50,0.2,5183,bot4 penalty=5,1,success,83,0,125.967,0
50,0.2,5183,bot4 penalty=10,1,success,83,0,128.581,0
50,0.2,5183,bot4 penalty=20,1,success,83,0,123.916,0
50,0.2,5183,bot4 penalty=30,1,success,83,0,123.583,0
50,0.2,5184,bot2,1,success,64,0,35.085,0
50,0.2,5184,bot3,1,success,64,0,35.42,0
50,0.2,5184,bot4 penalty=5,1,success,64,0,96.572,0
50,0.2,5184,bot4 penalty=10,1,success,64,0,95.623,0
50,0.2,5184,bot4 penalty=20,1,success,64,0,96.311,0
50,0.2,5184,bot4 penalty=30,1,success,64,0,96.693,0
50,0.2,5185,bot2,1,success,51,0,20.765,0
50,0.2,5185,bot3,1,success,51,0,22.316,0
50,0.2,5185,bot4 penalty=5,1,success,51,0,74.717,0
50,0.2,5185,bot4 penalty=10,1,success,51,0,72.473,0
50,0.2,5185,bot4 penalty=20,1,success,51,0,74.9,0
50,0.2,5185,bot4 penalty=30,1,success,51,0,74.817,0
50,0.2,5186,bot2,1,success,46,0,17.356,0
50,0.2,5186,bot3,1,success,46,0,17.889,0
50,0.2,5186,bot4 penalty=5,1,success,46,0,69.661,0
50,0.2,5186,bot4 penalty=10,1,success,46,0,65.12,0
50,0.2,5186,bot4 penalty=20,1,success,46,0,66.874,0
50,0.2,5186,bot4 penalty=30,1,success,46,0,85.393,0
50,0.2,5187,bot2,1,success,57,0,20.227,0
50,0.2,5187,bot3,1,success,57,0,22.029,0
50,0.2,5187,bot4 penalty=5,1,success,57,0,116.8,0
50,0.2,5187,bot4 penalty=10,1,success,57,0,75.69,0
50,0.2,5187,bot4 penalty=20,1,success,57,0,76.86,0
50,0.2,5187,bot4 penalty=30,1,success,57,0,78.785,0
50,0.2,5188,bot2,1,success,13,0,2.557,1
50,0.2,5188,bot3,1,success,13,0,2.584,1
50,0.2,5188,bot4 penalty=5,1,success,13,0,18.416,1
50,0.2,5188,bot4 penalty=10,1,success,13,0,17.174,1
50,0.2,5188,bot4 penalty=20,1,success,13,0,16.466,1
50,0.2,5188,bot4 penalty=30,1,success,13,0,17.184,1
50,0.2,5189,bot2,1,success,101,0,60.432,0
50,0.2,5189,bot3,1,success,101,0,70.457,0
50,0.2,5189,bot4 penalty=5,1,success,101,0,166.505,0
50,0.2,5189,bot4 penalty=10,1,success,101,0,156.343,0
50,0.2,5189,bot4 penalty=20,1,success,101,0,155.908,0
50,0.2,5189,bot4 penalty=30,1,success,101,0,158.503,0
50,0.2,5190,bot2,1,success,89,0,41.61,0
50,0.2,5190,bot3,1,success,87,3,45.885,0
50,0.2,5190,bot4 penalty=5,1,success,87,2,146.677,0
50,0.2,5190,bot4 penalty=10,1,success,87,4,170.936,0
50,0.2,5190,bot4 penalty=20,1,success,87,4,153.281,0
50,0.2,5190,bot4 penalty=30,1,success,87,4,133.248,0
50,0.2,5191,bot2,1,success,57,0,22.313,0
50,0.2,5191,bot3,1,success,57,0,25.753,0
50,0.2,5191,bot4 penalty=5,1,success,57,0,81.075,0
50,0.2,5191,bot4 penalty=10,1,success,57,0,79.669,0
50,0.2,5191,bot4 penalty=20,1,success,57,0,99.064,0
50,0.2,5191,bot4 penalty=30,1,success,57,0,86.634,0
50,0.2,5192,bot2,1,success,46,0,17.472,1
50,0.2,5192,bot3,1,success,46,0,16.926,1
50,0.2,5192,bot4 penalty=5,1,success,46,0,66.02,1
50,0.2,5192,bot4 penalty=10,1,success,46,0,64.413,1
50,0.2,5192,bot4 penalty=20,1,success,46,0,63.587,1
50,0.2,5192,bot4 penalty=30,1,success,46,0,63.138,1
50,0.2,5193,bot2,1,success,42,0,13.465,1
50,0.2,5193,bot3,1,success,42,0,13.737,1
50,0.2,5193,bot4 penalty=5,1,success,42,0,58.123,1
50,0.2,5193,bot4 penalty=10,1,success,42,0,59.33,1
50,0.2,5193,bot4 penalty=20,1,success,42,0,61.304,1
50,0.2,5193,bot4 penalty=30,1,success,42,0,59.69,1
50,0.2,5194,bot2,1,success,38,0,13.042,0
50,0.2,5194,bot3,1,success,38,0,16.386,0
50,0.2,5194,bot4 penalty=5,1,success,38,0,67.424,0
50,0.2,5194,bot4 penalty=10,1,success,38,0,57.477,0
50,0.2,5194,bot4 penalty=20,1,success,38,0,54.17,0
50,0.2,5194,bot4 penalty=30,1,success,38,0,55.872,0
50,0.2,5195,bot2,1,success,2,0,0.232,1
50,0.2,5195,bot3,1,success,2,0,0.185,1
50,0.2,5195,bot4 penalty=5,1,success,2,0,2.362,1
50,0.2,5195,bot4 penalty=10,1,success,2,0,2.316,1
50,0.2,5195,bot4 penalty=20,1,success,2,0,2.321,1
50,0.2,5195,bot4 penalty=30,1,success,2,0,2.377,1
50,0.2,5196,bot2,1,success,52,0,22.652,0
50,0.2,5196,bot3,1,success,52,0,23.061,0
50,0.2,5196,bot4 penalty=5,1,success,52,0,104.226,0
50,0.2,5196,bot4 penalty=10,1,success,56,1,93.835,0
50,0.2,5196,bot4 penalty=20,1,success,56,1,82.728,0
50,0.2,5196,bot4 penalty=30,1,success,56,1,87.571,0
50,0.2,5197,bot2,1,success,77,0,50.901,0
50,0.2,5197,bot3,1,success,77,0,52.899,0
50,0.2,5197,bot4 penalty=5,1,success,77,0,124.949,0
50,0.2,5197,bot4 penalty=10,1,success,77,0,120.057,0
50,0.2,5197,bot4 penalty=20,1,success,77,0,119.63,0
50,0.2,5197,bot4 penalty=30,1,success,77,0,120.891,0
50,0.2,5198,bot2,1,success,104,0,69.045,0
50,0.2,5198,bot3,1,success,102,9,78.809,0
50,0.2,5198,bot4 penalty=5,1,success,94,2,172.501,0
50,0.2,5198,bot4 penalty=10,1,success,94,2,158.899,0
50,0.2,5198,bot4 penalty=20,1,success,98,10,164.884,0
50,0.2,5198,bot4 penalty=30,1,success,90,6,145.38,0
50,0.2,5199,bot2,1,success,29,0,7.204,1
50,0.2,5199,bot3,1,success,29,0,9.256,1
50,0.2,5199,bot4 penalty=5,1,success,29,0,41.162,1
50,0.2,5199,bot4 penalty=10,1,success,29,0,39.115,1
50,0.2,5199,bot4 penalty=20,1,success,29,0,39.175,1
50,0.2,5199,bot4 penalty=30,1,success,29,0,39.17,1
50,0.4,5000,bot2,0,trapped,54,0,40.044,0
50,0.4,5000,bot3,0,trapped,54,2,47.055,0
50,0.4,5000,bot4 penalty=5,0,trapped,54,0,117.053,0
50,0.4,5000,bot4 penalty=10,0,trapped,54,2,110.977,0
50,0.4,5000,bot4 penalty=20,0,trapped,54,4,114.147,0
50,0.4,5000,bot4 penalty=30,0,trapped,54,4,111.674,0
50,0.4,5001,bot2,0,caught,3,0,2.354,0
50,0.4,5001,bot3,1,success,56,3,27.918,0
50,0.4,5001,bot4 penalty=5,1,success,40,0,53.907,0
50,0.4,5001,bot4 penalty=10,1,success,40,0,53.76,0
50,0.4,5001,bot4 penalty=20,1,success,46,3,63.039,0
50,0.4,5001,bot4 penalty=30,1,success,46,3,71.004,0
50,0.4,5002,bot2,1,success,16,0,2.499,1
50,0.4,5002,bot3,1,success,16,0,2.406,1
50,0.4,5002,bot4 penalty=5,1,success,16,0,22.388,1
50,0.4,5002,bot4 penalty=10,1,success,16,0,22.113,1
50,0.4,5002,bot4 penalty=20,1,success,16,0,21.983,1
50,0.4,5002,bot4 penalty=30,1,success,16,0,21.466,1
50,0.4,5003,bot2,1,success,38,0,12.281,1
50,0.4,5003,bot3,1,success,38,0,13.108,1
50,0.4,5003,bot4 penalty=5,1,success,38,0,54.891,1
50,0.4,5003,bot4 penalty=10,1,success,38,0,52.44,1
50,0.4,5003,bot4 penalty=20,1,success,38,0,53.086,1
50,0.4,5003,bot4 penalty=30,1,success,38,0,54.273,1
50,0.4,5004,bot2,1,success,18,0,2.564,1
50,0.4,5004,bot3,1,success,18,0,2.533,1
50,0.4,5004,bot4 penalty=5,1,success,18,0,23.851,1
50,0.4,5004,bot4 penalty=10,1,success,18,0,24.044,1
50,0.4,5004,bot4 penalty=20,1,success,18,0,23.059,1
50,0.4,5004,bot4 penalty=30,1,success,18,0,24.071,1
50,0.4,5005,bot2,1,success,7,0,0.826,1
50,0.4,5005,bot3,1,success,7,0,0.902,1
50,0.4,5005,bot4 penalty=5,1,success,7,0,13.002,1
50,0.4,5005,bot4 penalty=10,1,success,7,0,9.974,1
50,0.4,5005,bot4 penalty=20,1,success,7,0,11.034,1
50,0.4,5005,bot4 penalty=30,1,success,7,0,9.571,1
50,0.4,5006,bot2,1,success,40,0,12.038,0
50,0.4,5006,bot3,1,success,40,0,13.828,0
50,0.4,5006,bot4 penalty=5,1,success,40,0,59.776,0
50,0.4,5006,bot4 penalty=10,1,success,40,0,57.584,0
50,0.4,5006,bot4 penalty=20,1,success,40,0,56.587,0
50,0.4,5006,bot4 penalty=30,1,success,40,0,75.328,0
50,0.4,5007,bot2,1,success,30,0,7.085,1
50,0.4,5007,bot3,1,success,30,0,7.774,1
50,0.4,5007,bot4 penalty=5,1,success,30,0,41.915,1
50,0.4,5007,bot4 penalty=10,1,success,30,0,42.101,1
50,0.4,5007,bot4 penalty=20,1,success,30,0,42.343,1
50,0.4,5007,bot4 penalty=30,1,success,30,0,42.309,1
50,0.4,5008,bot2,1,success,61,0,31.661,0
50,0.4,5008,bot3,0,button_burned,65,5,41.0,0
50,0.4,5008,bot4 penalty=5,0,button_burned,65,5,94.86,0
50,0.4,5008,bot4 penalty=10,0,button_burned,65,7,91.094,0
50,0.4,5008,bot4 penalty=20,0,button_burned,65,7,90.644,0
50,0.4,5008,bot4 penalty=30,0,button_burned,65,7,90.05,0
50,0.4,5009,bot2,1,success,43,0,10.791,1
50,0.4,5009,bot3,1,success,43,0,12.771,1
50,0.4,5009,bot4 penalty=5,1,success,43,0,60.491,1
50,0.4,5009,bot4 penalty=10,1,success,43,0,63.707,1
50,0.4,5009,bot4 penalty=20,1,success,43,0,77.645,1
50,0.4,5009,bot4 penalty=30,1,success,43,0,75.716,1
50,0.4,5010,bot2,0,button_burned,8,0,5.787,0
50,0.4,5010,bot3,0,button_burned,8,0,11.312,0
50,0.4,5010,bot4 penalty=5,0,button_burned,8,0,16.481,0
50,0.4,5010,bot4 penalty=10,0,button_burned,8,0,16.881,0
50,0.4,5010,bot4 penalty=20,0,button_burned,8,0,21.227,0
50,0.4,5010,bot4 penalty=30,0,button_burned,8,0,24.701,0
50,0.4,5011,bot2,1,success,44,0,14.893,1
50,0.4,5011,bot3,1,success,44,0,18.246,1
50,0.4,5011,bot4 penalty=5,1,success,44,0,74.238,1
50,0.4,5011,bot4 penalty=10,1,success,44,0,61.315,1
50,0.4,5011,bot4 penalty=20,1,success,44,0,63.92,1
50,0.4,5011,bot4 penalty=30,1,success,44,0,60.751,1
50,0.4,5012,bot2,1,success,21,0,3.287,1
50,0.4,5012,bot3,1,success,21,0,4.995,1
50,0.4,5012,bot4 penalty=5,1,success,21,0,28.0,1
50,0.4,5012,bot4 penalty=10,1,success,21,0,27.127,1
50,0.4,5012,bot4 penalty=20,1,success,21,0,26.58,1
50,0.4,5012,bot4 penalty=30,1,success,21,0,26.34,1
50,0.4,5013,bot2,1,success,46,0,21.937,1
50,0.4,5013,bot3,1,success,46,0,22.871,1
50,0.4,5013,bot4 penalty=5,1,success,46,0,67.733,1
50,0.4,5013,bot4 penalty=10,1,success,46,0,70.148,1
50,0.4,5013,bot4 penalty=20,1,success,46,0,68.605,1
50,0.4,5013,bot4 penalty=30,1,success,46,0,65.069,1
50,0.4,5014,bot2,1,success,52,0,21.58,1
50,0.4,5014,bot3,1,success,52,0,21.887,1
50,0.4,5014,bot4 penalty=5,1,success,52,0,73.072,1
50,0.4,5014,bot4 penalty=10,1,success,52,0,74.054,1
50,0.4,5014,bot4 penalty=20,1,success,52,0,73.21,1
50,0.4,5014,bot4 penalty=30,1,success,52,0,72.775,1
50,0.4,5015,bot2,1,success,33,0,8.23,0
50,0.4,5015,bot3,1,success,33,0,8.712,0
50,0.4,5015,bot4 penalty=5,1,success,33,0,47.758,0
50,0.4,5015,bot4 penalty=10,1,success,33,0,46.63,0
50,0.4,5015,bot4 penalty=20,1,success,33,0,46.563,0
50,0.4,5015,bot4 penalty=30,1,success,33,0,45.876,0
50,0.4,5016,bot2,1,success,44,0,12.455,1
50,0.4,5016,bot3,1,success,44,0,15.038,1
50,0.4,5016,bot4 penalty=5,1,success,44,0,60.941,1
50,0.4,5016,bot4 penalty=10,1,success,44,0,58.535,1
50,0.4,5016,bot4 penalty=20,1,success,44,0,74.38,1
50,0.4,5016,bot4 penalty=30,1,success,44,0,80.685,1
50,0.4,5017,bot2,1,success,46,0,22.384,1
50,0.4,5017,bot3,1,success,46,0,17.622,1
50,0.4,5017,bot4 penalty=5,1,success,46,0,66.266,1
50,0.4,5017,bot4 penalty=10,1,success,46,0,63.061,1
50,0.4,5017,bot4 penalty=20,1,success,46,0,63.951,1
50,0.4,5017,bot4 penalty=30,1,success,46,0,65.355,1
50,0.4,5018,bot2,1,success,68,0,35.479,0
50,0.4,5018,bot3,1,success,68,0,37.739,0
50,0.4,5018,bot4 penalty=5,1,success,68,0,103.882,0
50,0.4,5018,bot4 penalty=10,1,success,68,0,104.735,0
50,0.4,5018,bot4 penalty=20,1,success,68,0,104.571,0
50,0.4,5018,bot4 penalty=30,1,success,68,0,108.689,0
50,0.4,5019,bot2,1,success,5,0,0.691,1
50,0.4,5019,bot3,1,success,5,0,0.712,1
50,0.4,5019,bot4 penalty=5,1,success,5,0,8.037,1
50,0.4,5019,bot4 penalty=10,1,success,5,0,7.056,1
50,0.4,5019,bot4 penalty=20,1,success,5,0,6.958,1
50,0.4,5019,bot4 penalty=30,1,success,5,0,8.592,1
50,0.4,5020,bot2,1,success,57,0,27.979,1
50,0.4,5020,bot3,1,success,57,0,34.688,1
50,0.4,5020,bot4 penalty=5,1,success,57,0,79.6,1
50,0.4,5020,bot4 penalty=10,1,success,57,0,78.642,1
50,0.4,5020,bot4 penalty=20,1,success,57,0,83.124,1
50,0.4,5020,bot4 penalty=30,1,success,57,0,104.948,1
50,0.4,5021,bot2,1,success,22,0,4.365,1
50,0.4,5021,bot3,1,success,22,0,4.684,1
50,0.4,5021,bot4 penalty=5,1,success,22,0,28.837,1
50,0.4,5021,bot4 penalty=10,1,success,22,0,28.512,1
50,0.4,5021,bot4 penalty=20,1,success,22,0,29.0,1
50,0.4,5021,bot4 penalty=30,1,success,22,0,28.06,1
50,0.4,5022,bot2,1,success,42,0,13.223,1
50,0.4,5022,bot3,1,success,42,0,14.259,1
50,0.4,5022,bot4 penalty=5,1,success,42,0,59.747,1
50,0.4,5022,bot4 penalty=10,1,success,42,0,59.793,1
50,0.4,5022,bot4 penalty=20,1,success,42,0,59.588,1
50,0.4,5022,bot4 penalty=30,1,success,42,0,57.543,1
50,0.4,5023,bot2,1,success,33,0,9.033,0
50,0.4,5023,bot3,1,success,33,0,8.986,0
50,0.4,5023,bot4 penalty=5,1,success,33,0,43.329,0
50,0.4,5023,bot4 penalty=10,1,success,33,0,59.839,0
50,0.4,5023,bot4 penalty=20,1,success,33,0,43.316,0
50,0.4,5023,bot4 penalty=30,1,success,33,0,44.214,0
50,0.4,5024,bot2,0,trapped,43,0,26.909,0
50,0.4,5024,bot3,0,trapped,43,1,32.243,0
50,0.4,5024,bot4 penalty=5,0,trapped,43,1,64.097,0
50,0.4,5024,bot4 penalty=10,0,trapped,44,5,62.881,0
50,0.4,5024,bot4 penalty=20,0,trapped,44,5,63.96,0
50,0.4,5024,bot4 penalty=30,0,trapped,44,5,65.386,0
50,0.4,5025,bot2,1,success,52,0,24.306,1
50,0.4,5025,bot3,1,success,52,0,27.542,1
50,0.4,5025,bot4 penalty=5,1,success,52,0,72.457,1
50,0.4,5025,bot4 penalty=10,1,success,52,0,72.165,1
50,0.4,5025,bot4 penalty=20,1,success,52,0,69.984,1
50,0.4,5025,bot4 penalty=30,1,success,52,0,73.919,1
50,0.4,5026,bot2,0,caught,18,0,12.589,0
50,0.4,5026,bot3,1,success,66,3,36.058,0
50,0.4,5026,bot4 penalty=5,1,success,62,1,87.668,0
50,0.4,5026,bot4 penalty=10,1,success,62,1,85.458,0
50,0.4,5026,bot4 penalty=20,1,success,62,1,84.538,0
50,0.4,5026,bot4 penalty=30,1,success,62,1,86.908,0
50,0.4,5027,bot2,1,success,23,0,4.719,1
50,0.4,5027,bot3,1,success,23,0,4.835,1
50,0.4,5027,bot4 penalty=5,1,success,23,0,30.943,1
50,0.4,5027,bot4 penalty=10,1,success,23,0,30.522,1
50,0.4,5027,bot4 penalty=20,1,success,23,0,30.933,1
50,0.4,5027,bot4 penalty=30,1,success,23,0,31.014,1
50,0.4,5028,bot2,1,success,34,0,9.891,1
50,0.4,5028,bot3,1,success,34,0,11.068,1
50,0.4,5028,bot4 penalty=5,1,success,34,0,49.149,1
50,0.4,5028,bot4 penalty=10,1,success,34,0,45.997,1
50,0.4,5028,bot4 penalty=20,1,success,34,0,44.273,1
50,0.4,5028,bot4 penalty=30,1,success,34,0,44.238,1
50,0.4,5029,bot2,1,success,67,0,40.202,1
50,0.4,5029,bot3,1,success,67,0,45.257,1
50,0.4,5029,bot4 penalty=5,1,success,67,0,97.133,1
50,0.4,5029,bot4 penalty=10,1,success,67,0,100.74,1
50,0.4,5029,bot4 penalty=20,1,success,67,0,108.68,1
50,0.4,5029,bot4 penalty=30,1,success,67,0,114.796,1
50,0.4,5030,bot2,1,success,55,0,24.066,1
50,0.4,5030,bot3,1,success,55,0,29.068,1
50,0.4,5030,bot4 penalty=5,1,success,55,0,83.559,1
50,0.4,5030,bot4 penalty=10,1,success,55,0,86.09,1
50,0.4,5030,bot4 penalty=20,1,success,55,0,82.554,1
50,0.4,5030,bot4 penalty=30,1,success,55,0,77.135,1
50,0.4,5031,bot2,1,success,55,0,19.736,0
50,0.4,5031,bot3,1,success,55,0,23.563,0
50,0.4,5031,bot4 penalty=5,1,success,55,0,86.727,0
50,0.4,5031,bot4 penalty=10,1,success,55,0,89.633,0
50,0.4,5031,bot4 penalty=20,1,success,55,0,81.043,0
50,0.4,5031,bot4 penalty=30,1,success,55,0,75.755,0
50,0.4,5032,bot2,0,trapped,30,0,16.059,0
50,0.4,5032,bot3,0,trapped,30,0,18.117,0
50,0.4,5032,bot4 penalty=5,0,trapped,30,0,53.318,0
50,0.4,5032,bot4 penalty=10,0,trapped,30,0,64.63,0
50,0.4,5032,bot4 penalty=20,0,trapped,30,0,49.304,0
50,0.4,5032,bot4 penalty=30,0,trapped,30,0,53.931,0
50,0.4,5033,bot2,0,caught,23,0,5.533,0
50,0.4,5033,bot3,0,trapped,37,3,13.292,0
50,0.4,5033,bot4 penalty=5,0,trapped,37,3,58.781,0
50,0.4,5033,bot4 penalty=10,0,trapped,37,3,83.577,0
50,0.4,5033,bot4 penalty=20,0,trapped,37,3,60.711,0
50,0.4,5033,bot4 penalty=30,0,trapped,37,3,65.86,0
50,0.4,5034,bot2,0,trapped,15,0,15.39,0
50,0.4,5034,bot3,0,trapped,15,0,19.005,0
50,0.4,5034,bot4 penalty=5,0,trapped,15,0,39.522,0
50,0.4,5034,bot4 penalty=10,0,trapped,15,0,35.929,0
50,0.4,5034,bot4 penalty=20,0,trapped,15,0,37.774,0
50,0.4,5034,bot4 penalty=30,0,trapped,15,0,39.968,0
50,0.4,5035,bot2,1,success,50,0,20.85,1
50,0.4,5035,bot3,1,success,50,0,24.667,1
50,0.4,5035,bot4 penalty=5,1,success,50,0,74.039,1
50,0.4,5035,bot4 penalty=10,1,success,50,0,73.493,1
50,0.4,5035,bot4 penalty=20,1,success,50,0,74.521,1
50,0.4,5035,bot4 penalty=30,1,success,50,0,76.498,1
50,0.4,5036,bot2,0,button_burned,66,0,32.667,0
50,0.4,5036,bot3,0,button_burned,66,0,41.364,0
50,0.4,5036,bot4 penalty=5,0,button_burned,66,0,118.517,0
50,0.4,5036,bot4 penalty=10,0,button_burned,66,0,109.19,0
50,0.4,5036,bot4 penalty=20,0,button_burned,66,0,107.241,0
50,0.4,5036,bot4 penalty=30,0,button_burned,66,0,113.166,0
50,0.4,5037,bot2,1,success,39,0,13.944,1
50,0.4,5037,bot3,1,success,39,0,14.206,1
50,0.4,5037,bot4 penalty=5,1,success,39,0,52.386,1
50,0.4,5037,bot4 penalty=10,1,success,39,0,53.969,1
50,0.4,5037,bot4 penalty=20,1,success,39,0,54.732,1
50,0.4,5037,bot4 penalty=30,1,success,39,0,56.381,1
50,0.4,5038,bot2,0,button_burned,34,0,12.861,0
50,0.4,5038,bot3,0,button_burned,34,0,14.254,0
50,0.4,5038,bot4 penalty=5,0,button_burned,34,0,51.842,0
50,0.4,5038,bot4 penalty=10,0,button_burned,34,0,57.176,0
50,0.4,5038,bot4 penalty=20,0,button_burned,34,0,56.041,0
50,0.4,5038,bot4 penalty=30,0,button_burned,34,2,58.846,0
50,0.4,5039,bot2,1,success,48,0,17.098,0
50,0.4,5039,bot3,1,success,48,0,19.932,0
50,0.4,5039,bot4 penalty=5,1,success,48,0,66.96,0
50,0.4,5039,bot4 penalty=10,1,success,48,0,67.939,0
50,0.4,5039,bot4 penalty=20,1,success,48,0,66.527,0
50,0.4,5039,bot4 penalty=30,1,success,48,0,64.702,0
50,0.4,5040,bot2,0,button_burned,42,0,37.241,0
50,0.4,5040,bot3,0,button_burned,42,4,40.928,0
50,0.4,5040,bot4 penalty=5,0,button_burned,42,2,71.079,0
50,0.4,5040,bot4 penalty=10,0,button_burned,42,2,83.008,0
50,0.4,5040,bot4 penalty=20,0,button_burned,42,2,76.116,0
50,0.4,5040,bot4 penalty=30,0,button_burned,42,2,77.399,0
50,0.4,5041,bot2,1,success,40,0,15.759,0
50,0.4,5041,bot3,1,success,40,0,17.707,0
50,0.4,5041,bot4 penalty=5,1,success,40,0,58.23,0
50,0.4,5041,bot4 penalty=10,1,success,40,0,58.442,0
50,0.4,5041,bot4 penalty=20,1,success,40,0,56.051,0
50,0.4,5041,bot4 penalty=30,1,success,40,0,55.54,0
50,0.4,5042,bot2,1,success,28,0,6.834,1
50,0.4,5042,bot3,1,success,28,0,8.214,1
50,0.4,5042,bot4 penalty=5,1,success,28,0,38.925,1
50,0.4,5042,bot4 penalty=10,1,success,28,0,38.668,1
50,0.4,5042,bot4 penalty=20,1,success,28,0,38.186,1
50,0.4,5042,bot4 penalty=30,1,success,28,0,37.407,1
50,0.4,5043,bot2,0,button_burned,52,0,17.759,0
50,0.4,5043,bot3,0,button_burned,52,1,29.864,0
50,0.4,5043,bot4 penalty=5,0,button_burned,52,0,95.734,0
50,0.4,5043,bot4 penalty=10,0,button_burned,52,1,93.034,0
50,0.4,5043,bot4 penalty=20,0,button_burned,52,2,83.392,0
50,0.4,5043,bot4 penalty=30,0,button_burned,52,3,78.068,0
50,0.4,5044,bot2,1,success,12,0,1.575,1
50,0.4,5044,bot3,1,success,12,0,2.522,1
50,0.4,5044,bot4 penalty=5,1,success,12,0,16.949,1
50,0.4,5044,bot4 penalty=10,1,success,12,0,18.126,1
50,0.4,5044,bot4 penalty=20,1,success,12,0,16.403,1
50,0.4,5044,bot4 penalty=30,1,success,12,0,16.49,1
50,0.4,5045,bot2,1,success,40,0,10.869,1
50,0.4,5045,bot3,1,success,40,0,12.034,1
50,0.4,5045,bot4 penalty=5,1,success,40,0,62.83,1
50,0.4,5045,bot4 penalty=10,1,success,40,0,61.525,1
50,0.4,5045,bot4 penalty=20,1,success,40,0,58.698,1
50,0.4,5045,bot4 penalty=30,1,success,40,0,56.82,1
50,0.4,5046,bot2,1,success,45,0,17.122,0
50,0.4,5046,bot3,1,success,45,0,18.616,0
50,0.4,5046,bot4 penalty=5,1,success,45,0,63.86,0
50,0.4,5046,bot4 penalty=10,1,success,45,0,61.406,0
50,0.4,5046,bot4 penalty=20,1,success,45,0,61.495,0
50,0.4,5046,bot4 penalty=30,1,success,45,0,61.329,0
50,0.4,5047,bot2,1,success,27,0,5.669,0
50,0.4,5047,bot3,1,success,27,0,9.202,0
50,0.4,5047,bot4 penalty=5,1,success,27,0,35.004,0
50,0.4,5047,bot4 penalty=10,1,success,27,0,35.131,0
50,0.4,5047,bot4 penalty=20,1,success,27,0,35.782,0
50,0.4,5047,bot4 penalty=30,1,success,27,0,38.53,0
50,0.4,5048,bot2,1,success,31,0,8.173,1
50,0.4,5048,bot3,1,success,31,0,8.659,1
50,0.4,5048,bot4 penalty=5,1,success,31,0,41.014,1
50,0.4,5048,bot4 penalty=10,1,success,31,0,39.868,1
50,0.4,5048,bot4 penalty=20,1,success,31,0,39.375,1
50,0.4,5048,bot4 penalty=30,1,success,31,0,41.51,1
50,0.4,5049,bot2,1,success,36,0,8.208,1
50,0.4,5049,bot3,1,success,36,0,9.692,1
50,0.4,5049,bot4 penalty=5,1,success,36,0,49.008,1
50,0.4,5049,bot4 penalty=10,1,success,36,0,48.237,1
50,0.4,5049,bot4 penalty=20,1,success,36,0,47.577,1
50,0.4,5049,bot4 penalty=30,1,success,36,0,48.256,1
50,0.4,5050,bot2,1,success,21,0,3.904,1
50,0.4,5050,bot3,1,success,21,0,4.113,1
50,0.4,5050,bot4 penalty=5,1,success,21,0,31.628,1
50,0.4,5050,bot4 penalty=10,1,success,21,0,28.173,1
50,0.4,5050,bot4 penalty=20,1,success,21,0,29.411,1
50,0.4,5050,bot4 penalty=30,1,success,21,0,28.08,1
50,0.4,5051,bot2,0,button_burned,33,0,27.191,0
50,0.4,5051,bot3,0,button_burned,33,2,30.362,0
50,0.4,5051,bot4 penalty=5,0,button_burned,33,0,54.951,0
50,0.4,5051,bot4 penalty=10,0,button_burned,33,4,55.179,0
50,0.4,5051,bot4 penalty=20,0,button_burned,33,5,57.24,0
50,0.4,5051,bot4 penalty=30,0,button_burned,33,5,57.82,0
50,0.4,5052,bot2,1,success,73,0,45.062,0
50,0.4,5052,bot3,1,success,73,0,52.688,0
50,0.4,5052,bot4 penalty=5,1,success,73,0,107.0,0
50,0.4,5052,bot4 penalty=10,1,success,73,0,104.646,0
50,0.4,5052,bot4 penalty=20,1,success,73,0,110.051,0
50,0.4,5052,bot4 penalty=30,1,success,73,0,114.561,0
50,0.4,5053,bot2,1,success,57,0,18.476,0
50,0.4,5053,bot3,1,success,57,0,21.212,0
50,0.4,5053,bot4 penalty=5,1,success,57,0,77.15,0
50,0.4,5053,bot4 penalty=10,1,success,57,0,77.555,0
50,0.4,5053,bot4 penalty=20,1,success,57,0,75.825,0
50,0.4,5053,bot4 penalty=30,1,success,57,0,72.284,0
50,0.4,5054,bot2,1,success,40,0,10.914,1
50,0.4,5054,bot3,1,success,40,0,11.764,1
50,0.4,5054,bot4 penalty=5,1,success,40,0,54.53,1
50,0.4,5054,bot4 penalty=10,1,success,40,0,54.984,1
50,0.4,5054,bot4 penalty=20,1,success,40,0,53.618,1
50,0.4,5054,bot4 penalty=30,1,success,40,0,52.843,1
50,0.4,5055,bot2,1,success,59,0,27.353,1
50,0.4,5055,bot3,1,success,59,0,32.709,1
50,0.4,5055,bot4 penalty=5,1,success,59,0,81.449,1
50,0.4,5055,bot4 penalty=10,1,success,59,0,80.582,1
50,0.4,5055,bot4 penalty=20,1,success,59,0,90.891,1
50,0.4,5055,bot4 penalty=30,1,success,59,0,84.9,1
50,0.4,5056,bot2,1,success,32,0,8.064,1
50,0.4,5056,bot3,1,success,32,0,8.866,1
50,0.4,5056,bot4 penalty=5,1,success,32,0,51.567,1
50,0.4,5056,bot4 penalty=10,1,success,32,0,44.118,1
50,0.4,5056,bot4 penalty=20,1,success,32,0,42.205,1
50,0.4,5056,bot4 penalty=30,1,success,32,0,45.02,1
50,0.4,5057,bot2,1,success,48,0,21.416,0
50,0.4,5057,bot3,1,success,48,0,23.747,0
50,0.4,5057,bot4 penalty=5,1,success,48,0,70.396,0
50,0.4,5057,bot4 penalty=10,1,success,48,0,69.297,0
50,0.4,5057,bot4 penalty=20,1,success,48,0,72.051,0
50,0.4,5057,bot4 penalty=30,1,success,48,0,89.432,0
50,0.4,5058,bot2,1,success,70,0,38.572,1
50,0.4,5058,bot3,1,success,70,0,44.93,1
50,0.4,5058,bot4 penalty=5,1,success,70,0,145.914,1
50,0.4,5058,bot4 penalty=10,1,success,70,0,114.272,1
50,0.4,5058,bot4 penalty=20,1,success,70,0,110.19,1
50,0.4,5058,bot4 penalty=30,1,success,70,0,111.319,1
50,0.4,5059,bot2,1,success,30,0,6.273,0
50,0.4,5059,bot3,1,success,30,0,6.161,0
50,0.4,5059,bot4 penalty=5,1,success,30,0,40.416,0
50,0.4,5059,bot4 penalty=10,1,success,30,0,38.846,0
50,0.4,5059,bot4 penalty=20,1,success,30,0,40.323,0
50,0.4,5059,bot4 penalty=30,1,success,30,0,38.795,0
50,0.4,5060,bot2,1,success,66,0,32.833,0
50,0.4,5060,bot3,1,success,66,0,40.675,0
50,0.4,5060,bot4 penalty=5,1,success,66,0,101.333,0
50,0.4,5060,bot4 penalty=10,1,success,66,0,99.519,0
50,0.4,5060,bot4 penalty=20,1,success,66,0,98.747,0
50,0.4,5060,bot4 penalty=30,1,success,66,0,101.773,0
50,0.4,5061,bot2,0,button_burned,24,0,13.463,0
50,0.4,5061,bot3,0,button_burned,24,0,14.213,0
50,0.4,5061,bot4 penalty=5,0,button_burned,24,0,40.656,0
50,0.4,5061,bot4 penalty=10,0,button_burned,24,0,39.94,0
50,0.4,5061,bot4 penalty=20,0,button_burned,24,0,42.625,0
50,0.4,5061,bot4 penalty=30,0,button_burned,24,0,39.559,0
50,0.4,5062,bot2,1,success,59,0,31.731,0
50,0.4,5062,bot3,1,success,59,0,36.397,0
50,0.4,5062,bot4 penalty=5,1,success,59,0,85.062,0
50,0.4,5062,bot4 penalty=10,1,success,59,0,80.69,0
50,0.4,5062,bot4 penalty=20,1,success,59,0,91.838,0
50,0.4,5062,bot4 penalty=30,1,success,59,0,104.202,0
50,0.4,5063,bot2,0,trapped,22,0,22.265,0
50,0.4,5063,bot3,0,trapped,22,0,25.413,0
50,0.4,5063,bot4 penalty=5,0,trapped,22,0,56.415,0
50,0.4,5063,bot4 penalty=10,0,trapped,22,0,56.121,0
50,0.4,5063,bot4 penalty=20,0,trapped,22,0,61.537,0
50,0.4,5063,bot4 penalty=30,0,trapped,22,0,81.125,0
50,0.4,5064,bot2,1,success,42,0,18.057,1
50,0.4,5064,bot3,1,success,42,0,20.818,1
50,0.4,5064,bot4 penalty=5,1,success,42,0,57.116,1
50,0.4,5064,bot4 penalty=10,1,success,42,0,55.575,1
50,0.4,5064,bot4 penalty=20,1,success,42,0,57.091,1
50,0.4,5064,bot4 penalty=30,1,success,42,0,54.162,1
50,0.4,5065,bot2,1,success,54,0,20.528,1
50,0.4,5065,bot3,1,success,54,0,24.792,1
50,0.4,5065,bot4 penalty=5,1,success,54,0,77.791,1
50,0.4,5065,bot4 penalty=10,1,success,54,0,80.022,1
50,0.4,5065,bot4 penalty=20,1,success,54,0,76.088,1
50,0.4,5065,bot4 penalty=30,1,success,54,0,78.709,1
50,0.4,5066,bot2,0,button_burned,49,0,41.218,0
50,0.4,5066,bot3,0,button_burned,49,0,42.277,0
50,0.4,5066,bot4 penalty=5,0,button_burned,49,0,70.432,0
50,0.4,5066,bot4 penalty=10,0,button_burned,49,0,70.176,0
50,0.4,5066,bot4 penalty=20,0,button_burned,49,0,73.808,0
50,0.4,5066,bot4 penalty=30,0,button_burned,49,0,73.315,0
50,0.4,5067,bot2,1,success,23,0,4.635,1
50,0.4,5067,bot3,1,success,23,0,4.763,1
50,0.4,5067,bot4 penalty=5,1,success,23,0,31.642,1
50,0.4,5067,bot4 penalty=10,1,success,23,0,35.986,1
50,0.4,5067,bot4 penalty=20,1,success,23,0,32.616,1
50,0.4,5067,bot4 penalty=30,1,success,23,0,30.58,1
50,0.4,5068,bot2,1,success,73,0,42.9,0
50,0.4,5068,bot3,1,success,73,0,48.665,0
50,0.4,5068,bot4 penalty=5,1,success,73,0,104.26,0
50,0.4,5068,bot4 penalty=10,1,success,73,0,120.877,0
50,0.4,5068,bot4 penalty=20,1,success,73,0,155.798,0
50,0.4,5068,bot4 penalty=30,1,success,73,0,110.594,0
50,0.4,5069,bot2,1,success,25,0,4.39,1
50,0.4,5069,bot3,1,success,25,0,5.199,1
50,0.4,5069,bot4 penalty=5,1,success,25,0,42.233,1
50,0.4,5069,bot4 penalty=10,1,success,25,0,38.488,1
50,0.4,5069,bot4 penalty=20,1,success,25,0,33.874,1
50,0.4,5069,bot4 penalty=30,1,success,25,0,34.197,1
50,0.4,5070,bot2,0,button_burned,65,0,58.23,0
50,0.4,5070,bot3,0,button_burned,65,1,61.642,0
50,0.4,5070,bot4 penalty=5,0,button_burned,65,1,122.7,0
50,0.4,5070,bot4 penalty=10,0,button_burned,65,3,124.027,0
50,0.4,5070,bot4 penalty=20,0,button_burned,65,3,129.251,0
50,0.4,5070,bot4 penalty=30,0,button_burned,65,3,135.906,0
50,0.4,5071,bot2,0,trapped,39,0,26.381,0
50,0.4,5071,bot3,0,trapped,39,1,32.128,0
50,0.4,5071,bot4 penalty=5,0,trapped,39,0,65.696,0
50,0.4,5071,bot4 penalty=10,0,trapped,39,0,73.903,0
50,0.4,5071,bot4 penalty=20,0,trapped,39,0,73.825,0
50,0.4,5071,bot4 penalty=30,0,trapped,39,1,70.207,0
50,0.4,5072,bot2,0,trapped,39,0,21.126,0
50,0.4,5072,bot3,0,trapped,39,2,31.473,0
50,0.4,5072,bot4 penalty=5,0,trapped,39,2,76.006,0
50,0.4,5072,bot4 penalty=10,0,trapped,39,3,67.572,0
50,0.4,5072,bot4 penalty=20,0,trapped,39,3,66.413,0
50,0.4,5072,bot4 penalty=30,0,trapped,39,3,70.214,0
50,0.4,5073,bot2,1,success,20,0,3.789,1
50,0.4,5073,bot3,1,success,20,0,4.078,1
50,0.4,5073,bot4 penalty=5,1,success,20,0,33.749,1
50,0.4,5073,bot4 penalty=10,1,success,20,0,46.524,1
50,0.4,5073,bot4 penalty=20,1,success,20,0,30.349,1
50,0.4,5073,bot4 penalty=30,1,success,20,0,28.43,1
50,0.4,5074,bot2,0,button_burned,69,0,32.375,0
50,0.4,5074,bot3,0,trapped,68,3,43.245,0
50,0.4,5074,bot4 penalty=5,0,button_burned,69,0,101.238,0
50,0.4,5074,bot4 penalty=10,0,trapped,68,4,105.24,0
50,0.4,5074,bot4 penalty=20,0,trapped,68,6,111.297,0
50,0.4,5074,bot4 penalty=30,0,trapped,68,4,107.263,0
50,0.4,5075,bot2,0,button_burned,38,0,17.188,0
50,0.4,5075,bot3,0,button_burned,38,0,19.917,0
50,0.4,5075,bot4 penalty=5,0,button_burned,38,0,58.127,0
50,0.4,5075,bot4 penalty=10,0,button_burned,38,0,62.009,0
50,0.4,5075,bot4 penalty=20,0,button_burned,38,0,61.697,0
50,0.4,5075,bot4 penalty=30,0,button_burned,38,0,58.315,0
50,0.4,5076,bot2,1,success,18,0,2.658,1
50,0.4,5076,bot3,1,success,18,0,2.658,1
50,0.4,5076,bot4 penalty=5,1,success,18,0,22.648,1
50,0.4,5076,bot4 penalty=10,1,success,18,0,22.799,1
50,0.4,5076,bot4 penalty=20,1,success,18,0,23.315,1
50,0.4,5076,bot4 penalty=30,1,success,18,0,23.419,1
50,0.4,5077,bot2,1,success,69,0,36.244,0
50,0.4,5077,bot3,0,trapped,92,11,85.827,0
50,0.4,5077,bot4 penalty=5,1,success,69,0,102.675,0
50,0.4,5077,bot4 penalty=10,0,button_burned,102,13,149.052,0
50,0.4,5077,bot4 penalty=20,0,button_burned,102,4,152.574,0
50,0.4,5077,bot4 penalty=30,0,button_burned,102,6,156.668,0
50,0.4,5078,bot2,1,success,48,0,22.033,0
50,0.4,5078,bot3,1,success,48,0,23.219,0
50,0.4,5078,bot4 penalty=5,1,success,48,0,65.205,0
50,0.4,5078,bot4 penalty=10,1,success,48,0,64.889,0
50,0.4,5078,bot4 penalty=20,1,success,48,0,63.035,0
50,0.4,5078,bot4 penalty=30,1,success,48,0,62.574,0
50,0.4,5079,bot2,0,button_burned,40,0,28.378,0
50,0.4,5079,bot3,0,button_burned,40,2,32.815,0
50,0.4,5079,bot4 penalty=5,0,button_burned,40,0,69.166,0
50,0.4,5079,bot4 penalty=10,0,button_burned,40,2,65.227,0
50,0.4,5079,bot4 penalty=20,0,button_burned,40,2,74.304,0
50,0.4,5079,bot4 penalty=30,0,button_burned,40,3,77.144,0
50,0.4,5080,bot2,1,success,12,0,1.603,1
50,0.4,5080,bot3,1,success,12,0,1.643,1
50,0.4,5080,bot4 penalty=5,1,success,12,0,15.525,1
50,0.4,5080,bot4 penalty=10,1,success,12,0,14.645,1
50,0.4,5080,bot4 penalty=20,1,success,12,0,15.248,1
50,0.4,5080,bot4 penalty=30,1,success,12,0,14.851,1
50,0.4,5081,bot2,1,success,68,0,30.544,0
50,0.4,5081,bot3,0,trapped,58,5,33.119,0
50,0.4,5081,bot4 penalty=5,1,success,68,0,94.772,0
50,0.4,5081,bot4 penalty=10,0,trapped,58,3,86.427,0
50,0.4,5081,bot4 penalty=20,0,trapped,58,3,82.608,0
50,0.4,5081,bot4 penalty=30,0,trapped,58,3,85.828,0
50,0.4,5082,bot2,0,button_burned,28,0,17.138,0
50,0.4,5082,bot3,0,button_burned,28,2,17.459,0
50,0.4,5082,bot4 penalty=5,0,button_burned,28,0,43.921,0
50,0.4,5082,bot4 penalty=10,0,button_burned,28,3,46.348,0
50,0.4,5082,bot4 penalty=20,0,caught,26,1,44.809,0
50,0.4,5082,bot4 penalty=30,0,button_burned,28,3,50.311,0
50,0.4,5083,bot2,1,success,22,0,4.265,1
50,0.4,5083,bot3,1,success,22,0,4.474,1
50,0.4,5083,bot4 penalty=5,1,success,22,0,31.437,1
50,0.4,5083,bot4 penalty=10,1,success,22,0,30.803,1
50,0.4,5083,bot4 penalty=20,1,success,22,0,31.543,1
50,0.4,5083,bot4 penalty=30,1,success,22,0,30.735,1
50,0.4,5084,bot2,1,success,60,0,27.913,0
50,0.4,5084,bot3,1,success,58,1,33.547,0
50,0.4,5084,bot4 penalty=5,1,success,54,1,77.679,0
50,0.4,5084,bot4 penalty=10,1,success,54,1,77.164,0
50,0.4,5084,bot4 penalty=20,1,success,54,1,75.229,0
50,0.4,5084,bot4 penalty=30,1,success,54,1,77.238,0
50,0.4,5085,bot2,0,button_burned,25,0,14.056,0
50,0.4,5085,bot3,0,button_burned,25,2,15.732,0
50,0.4,5085,bot4 penalty=5,0,button_burned,25,2,40.725,0
50,0.4,5085,bot4 penalty=10,0,button_burned,25,2,41.187,0
50,0.4,5085,bot4 penalty=20,0,button_burned,25,2,47.195,0
50,0.4,5085,bot4 penalty=30,0,button_burned,25,2,50.408,0
50,0.4,5086,bot2,0,trapped,26,0,12.49,0
50,0.4,5086,bot3,0,trapped,26,1,15.695,0
50,0.4,5086,bot4 penalty=5,0,trapped,26,6,45.032,0
50,0.4,5086,bot4 penalty=10,0,trapped,26,8,47.883,0
50,0.4,5086,bot4 penalty=20,0,trapped,26,10,45.223,0
50,0.4,5086,bot4 penalty=30,0,trapped,26,10,48.173,0
50,0.4,5087,bot2,1,success,22,0,3.905,1
50,0.4,5087,bot3,1,success,22,0,4.295,1
50,0.4,5087,bot4 penalty=5,1,success,22,0,31.528,1
50,0.4,5087,bot4 penalty=10,1,success,22,0,29.173,1
50,0.4,5087,bot4 penalty=20,1,success,22,0,27.688,1
50,0.4,5087,bot4 penalty=30,1,success,22,0,27.105,1
50,0.4,5088,bot2,1,success,62,0,28.619,0
50,0.4,5088,bot3,1,success,62,0,35.831,0
50,0.4,5088,bot4 penalty=5,1,success,62,0,85.274,0
50,0.4,5088,bot4 penalty=10,1,success,62,0,86.504,0
50,0.4,5088,bot4 penalty=20,1,success,62,0,84.355,0
50,0.4,5088,bot4 penalty=30,1,success,62,0,87.089,0
50,0.4,5089,bot2,1,success,61,0,27.429,0
50,0.4,5089,bot3,1,success,61,0,31.735,0
50,0.4,5089,bot4 penalty=5,1,success,61,0,82.058,0
50,0.4,5089,bot4 penalty=10,1,success,61,0,86.738,0
50,0.4,5089,bot4 penalty=20,1,success,61,0,85.345,0
50,0.4,5089,bot4 penalty=30,1,success,61,0,90.344,0
50,0.4,5090,bot2,0,button_burned,28,0,6.548,0
50,0.4,5090,bot3,0,button_burned,28,0,8.034,0
50,0.4,5090,bot4 penalty=5,0,button_burned,28,0,35.393,0
50,0.4,5090,bot4 penalty=10,0,button_burned,28,0,35.097,0
50,0.4,5090,bot4 penalty=20,0,button_burned,28,0,38.1,0
50,0.4,5090,bot4 penalty=30,0,button_burned,28,0,38.478,0
50,0.4,5091,bot2,1,success,49,0,19.647,0
50,0.4,5091,bot3,1,success,49,0,19.916,0
50,0.4,5091,bot4 penalty=5,1,success,49,0,69.234,0
50,0.4,5091,bot4 penalty=10,1,success,49,0,66.439,0
50,0.4,5091,bot4 penalty=20,1,success,49,0,67.076,0
50,0.4,5091,bot4 penalty=30,1,success,49,0,108.012,0
50,0.4,5092,bot2,0,caught,19,0,11.976,0
50,0.4,5092,bot3,0,caught,19,0,11.723,0
50,0.4,5092,bot4 penalty=5,0,caught,19,0,29.183,0
50,0.4,5092,bot4 penalty=10,0,caught,19,0,28.939,0
50,0.4,5092,bot4 penalty=20,0,caught,19,0,29.321,0
50,0.4,5092,bot4 penalty=30,0,caught,19,0,30.192,0
50,0.4,5093,bot2,0,trapped,39,0,13.476,0
50,0.4,5093,bot3,0,trapped,39,0,16.696,0
50,0.4,5093,bot4 penalty=5,0,trapped,39,0,55.048,0
50,0.4,5093,bot4 penalty=10,0,trapped,39,0,59.672,0
50,0.4,5093,bot4 penalty=20,0,trapped,39,0,57.254,0
50,0.4,5093,bot4 penalty=30,0,trapped,39,0,57.721,0
50,0.4,5094,bot2,0,button_burned,19,0,13.919,0
50,0.4,5094,bot3,0,button_burned,19,0,15.473,0
50,0.4,5094,bot4 penalty=5,0,button_burned,19,0,31.811,0
50,0.4,5094,bot4 penalty=10,0,button_burned,19,0,32.824,0
50,0.4,5094,bot4 penalty=20,0,button_burned,19,0,34.208,0
50,0.4,5094,bot4 penalty=30,0,button_burned,19,0,35.604,0
50,0.4,5095,bot2,1,success,26,0,4.856,1
50,0.4,5095,bot3,1,success,26,0,5.396,1
50,0.4,5095,bot4 penalty=5,1,success,26,0,36.908,1
50,0.4,5095,bot4 penalty=10,1,success,26,0,34.808,1
50,0.4,5095,bot4 penalty=20,1,success,26,0,39.332,1
50,0.4,5095,bot4 penalty=30,1,success,26,0,38.504,1
50,0.4,5096,bot2,1,success,20,0,2.86,1
50,0.4,5096,bot3,1,success,20,0,3.249,1
50,0.4,5096,bot4 penalty=5,1,success,20,0,27.014,1
50,0.4,5096,bot4 penalty=10,1,success,20,0,27.741,1
50,0.4,5096,bot4 penalty=20,1,success,20,0,25.84,1
50,0.4,5096,bot4 penalty=30,1,success,20,0,26.742,1
50,0.4,5097,bot2,1,success,32,0,7.82,1
50,0.4,5097,bot3,1,success,32,0,8.674,1
50,0.4,5097,bot4 penalty=5,1,success,32,0,52.642,1
50,0.4,5097,bot4 penalty=10,1,success,32,0,68.722,1
50,0.4,5097,bot4 penalty=20,1,success,32,0,47.202,1
50,0.4,5097,bot4 penalty=30,1,success,32,0,43.216,1
50,0.4,5098,bot2,0,trapped,45,0,13.484,0
50,0.4,5098,bot3,0,trapped,45,3,17.933,0
50,0.4,5098,bot4 penalty=5,0,trapped,45,0,68.375,0
50,0.4,5098,bot4 penalty=10,0,trapped,45,6,69.182,0
50,0.4,5098,bot4 penalty=20,0,trapped,45,8,68.542,0
50,0.4,5098,bot4 penalty=30,0,trapped,45,8,65.722,0
50,0.4,5099,bot2,1,success,33,0,9.259,1
50,0.4,5099,bot3,1,success,33,0,9.442,1
50,0.4,5099,bot4 penalty=5,1,success,33,0,45.128,1
50,0.4,5099,bot4 penalty=10,1,success,33,0,48.219,1
50,0.4,5099,bot4 penalty=20,1,success,33,0,46.983,1
50,0.4,5099,bot4 penalty=30,1,success,33,0,46.434,1
50,0.4,5100,bot2,1,success,22,0,3.5,1
50,0.4,5100,bot3,1,success,22,0,3.849,1
50,0.4,5100,bot4 penalty=5,1,success,22,0,29.171,1
50,0.4,5100,bot4 penalty=10,1,success,22,0,28.799,1
50,0.4,5100,bot4 penalty=20,1,success,22,0,29.021,1
50,0.4,5100,bot4 penalty=30,1,success,22,0,28.917,1
50,0.4,5101,bot2,1,success,29,0,6.526,0
50,0.4,5101,bot3,1,success,29,0,7.112,0
50,0.4,5101,bot4 penalty=5,1,success,29,0,42.887,0
50,0.4,5101,bot4 penalty=10,1,success,29,0,44.225,0
50,0.4,5101,bot4 penalty=20,1,success,29,0,40.365,0
50,0.4,5101,bot4 penalty=30,1,success,29,0,40.525,0
50,0.4,5102,bot2,0,trapped,29,0,24.553,0
50,0.4,5102,bot3,0,trapped,29,0,30.501,0
50,0.4,5102,bot4 penalty=5,0,trapped,29,0,66.157,0
50,0.4,5102,bot4 penalty=10,0,trapped,29,0,72.038,0
50,0.4,5102,bot4 penalty=20,0,trapped,29,0,74.13,0
50,0.4,5102,bot4 penalty=30,0,trapped,29,0,95.841,0
50,0.4,5103,bot2,1,success,66,0,38.419,1
50,0.4,5103,bot3,1,success,66,0,57.795,1
50,0.4,5103,bot4 penalty=5,1,success,66,0,122.157,1
50,0.4,5103,bot4 penalty=10,1,success,66,0,141.016,1
50,0.4,5103,bot4 penalty=20,1,success,66,0,103.62,1
50,0.4,5103,bot4 penalty=30,1,success,66,0,100.355,1
50,0.4,5104,bot2,1,success,54,0,21.693,0
50,0.4,5104,bot3,1,success,54,0,25.508,0
50,0.4,5104,bot4 penalty=5,1,success,54,0,79.777,0
50,0.4,5104,bot4 penalty=10,1,success,54,0,75.781,0
50,0.4,5104,bot4 penalty=20,1,success,54,0,75.81,0
50,0.4,5104,bot4 penalty=30,1,success,54,0,74.516,0
50,0.4,5105,bot2,0,trapped,36,0,13.788,0
50,0.4,5105,bot3,0,trapped,36,0,17.539,0
50,0.4,5105,bot4 penalty=5,0,trapped,36,0,54.745,0
50,0.4,5105,bot4 penalty=10,0,trapped,36,0,53.165,0
50,0.4,5105,bot4 penalty=20,0,trapped,36,0,56.643,0
50,0.4,5105,bot4 penalty=30,0,trapped,36,0,56.41,0
50,0.4,5106,bot2,1,success,134,0,101.626,0
50,0.4,5106,bot3,1,success,130,3,116.764,0
50,0.4,5106,bot4 penalty=5,1,success,134,1,250.781,0
50,0.4,5106,bot4 penalty=10,1,success,132,2,230.424,0
50,0.4,5106,bot4 penalty=20,1,success,130,3,261.336,0
50,0.4,5106,bot4 penalty=30,1,success,128,4,214.449,0
50,0.4,5107,bot2,1,success,34,0,9.572,0
50,0.4,5107,bot3,1,success,34,0,11.369,0
50,0.4,5107,bot4 penalty=5,1,success,34,0,48.085,0
50,0.4,5107,bot4 penalty=10,1,success,34,0,47.241,0
50,0.4,5107,bot4 penalty=20,1,success,34,0,47.325,0
50,0.4,5107,bot4 penalty=30,1,success,34,0,46.31,0
50,0.4,5108,bot2,1,success,31,0,8.086,1
50,0.4,5108,bot3,1,success,31,0,9.448,1
50,0.4,5108,bot4 penalty=5,1,success,31,0,39.433,1
50,0.4,5108,bot4 penalty=10,1,success,31,0,42.667,1
50,0.4,5108,bot4 penalty=20,1,success,31,0,45.697,1
50,0.4,5108,bot4 penalty=30,1,success,31,0,46.894,1
50,0.4,5109,bot2,1,success,65,0,48.479,0
50,0.4,5109,bot3,1,success,65,0,42.148,0
50,0.4,5109,bot4 penalty=5,1,success,65,0,89.769,0
50,0.4,5109,bot4 penalty=10,1,success,65,0,89.197,0
50,0.4,5109,bot4 penalty=20,1,success,65,0,86.817,0
50,0.4,5109,bot4 penalty=30,1,success,65,0,114.63,0
50,0.4,5110,bot2,1,success,47,0,18.075,0
50,0.4,5110,bot3,1,success,47,0,20.229,0
50,0.4,5110,bot4 penalty=5,1,success,47,0,64.457,0
50,0.4,5110,bot4 penalty=10,1,success,47,0,65.961,0
50,0.4,5110,bot4 penalty=20,1,success,47,0,65.312,0
50,0.4,5110,bot4 penalty=30,1,success,47,0,67.285,0
50,0.4,5111,bot2,1,success,58,0,28.719,1
50,0.4,5111,bot3,1,success,58,0,30.099,1
50,0.4,5111,bot4 penalty=5,1,success,58,0,95.529,1
50,0.4,5111,bot4 penalty=10,1,success,58,0,94.649,1
50,0.4,5111,bot4 penalty=20,1,success,58,0,89.667,1
50,0.4,5111,bot4 penalty=30,1,success,58,0,86.881,1
50,0.4,5112,bot2,1,success,12,0,1.761,1
50,0.4,5112,bot3,1,success,12,0,1.753,1
50,0.4,5112,bot4 penalty=5,1,success,12,0,14.937,1
50,0.4,5112,bot4 penalty=10,1,success,12,0,15.385,1
50,0.4,5112,bot4 penalty=20,1,success,12,0,14.585,1
50,0.4,5112,bot4 penalty=30,1,success,12,0,15.197,1
50,0.4,5113,bot2,1,success,21,0,3.574,1
50,0.4,5113,bot3,1,success,21,0,3.894,1
50,0.4,5113,bot4 penalty=5,1,success,21,0,26.854,1
50,0.4,5113,bot4 penalty=10,1,success,21,0,26.917,1
50,0.4,5113,bot4 penalty=20,1,success,21,0,27.527,1
50,0.4,5113,bot4 penalty=30,1,success,21,0,30.559,1
50,0.4,5114,bot2,1,success,36,0,10.074,0
50,0.4,5114,bot3,1,success,36,0,10.647,0
50,0.4,5114,bot4 penalty=5,1,success,36,0,48.418,0
50,0.4,5114,bot4 penalty=10,1,success,36,0,49.191,0
50,0.4,5114,bot4 penalty=20,1,success,36,0,47.022,0
50,0.4,5114,bot4 penalty=30,1,success,36,0,46.088,0
50,0.4,5115,bot2,1,success,27,0,5.599,1
50,0.4,5115,bot3,1,success,27,0,6.115,1
50,0.4,5115,bot4 penalty=5,1,success,27,0,34.332,1
50,0.4,5115,bot4 penalty=10,1,success,27,0,34.816,1
50,0.4,5115,bot4 penalty=20,1,success,27,0,34.454,1
50,0.4,5115,bot4 penalty=30,1,success,27,0,36.806,1
50,0.4,5116,bot2,1,success,31,0,6.53,0
50,0.4,5116,bot3,1,success,31,0,8.034,0
50,0.4,5116,bot4 penalty=5,1,success,31,0,44.304,0
50,0.4,5116,bot4 penalty=10,1,success,35,2,48.954,0
50,0.4,5116,bot4 penalty=20,1,success,35,2,46.936,0
50,0.4,5116,bot4 penalty=30,1,success,35,2,47.331,0
50,0.4,5117,bot2,1,success,21,0,3.407,1
50,0.4,5117,bot3,1,success,21,0,3.459,1
50,0.4,5117,bot4 penalty=5,1,success,21,0,28.379,1
50,0.4,5117,bot4 penalty=10,1,success,21,0,28.667,1
50,0.4,5117,bot4 penalty=20,1,success,21,0,29.547,1
50,0.4,5117,bot4 penalty=30,1,success,21,0,31.886,1
50,0.4,5118,bot2,1,success,51,0,23.732,1
50,0.4,5118,bot3,1,success,51,0,24.641,1
50,0.4,5118,bot4 penalty=5,1,success,51,0,107.041,1
50,0.4,5118,bot4 penalty=10,1,success,51,0,76.781,1
50,0.4,5118,bot4 penalty=20,1,success,51,0,70.295,1
50,0.4,5118,bot4 penalty=30,1,success,51,0,69.496,1
50,0.4,5119,bot2,1,success,11,0,1.336,1
50,0.4,5119,bot3,1,success,11,0,1.336,1
50,0.4,5119,bot4 penalty=5,1,success,11,0,14.132,1
50,0.4,5119,bot4 penalty=10,1,success,11,0,14.949,1
50,0.4,5119,bot4 penalty=20,1,success,11,0,15.025,1
50,0.4,5119,bot4 penalty=30,1,success,11,0,14.46,1
50,0.4,5120,bot2,1,success,30,0,6.601,1
50,0.4,5120,bot3,1,success,30,0,7.444,1
50,0.4,5120,bot4 penalty=5,1,success,30,0,41.954,1
50,0.4,5120,bot4 penalty=10,1,success,30,0,41.577,1
50,0.4,5120,bot4 penalty=20,1,success,30,0,60.356,1
50,0.4,5120,bot4 penalty=30,1,success,30,0,41.201,1
50,0.4,5121,bot2,0,trapped,51,0,25.595,0
50,0.4,5121,bot3,0,trapped,51,1,37.904,0
50,0.4,5121,bot4 penalty=5,0,trapped,51,0,98.713,0
50,0.4,5121,bot4 penalty=10,0,trapped,51,0,80.208,0
50,0.4,5121,bot4 penalty=20,0,trapped,51,0,78.544,0
50,0.4,5121,bot4 penalty=30,0,trapped,51,1,74.59,0
50,0.4,5122,bot2,1,success,35,0,9.761,0
50,0.4,5122,bot3,1,success,35,0,9.809,0
50,0.4,5122,bot4 penalty=5,1,success,35,0,48.564,0
50,0.4,5122,bot4 penalty=10,1,success,35,0,50.146,0
50,0.4,5122,bot4 penalty=20,1,success,35,0,49.088,0
50,0.4,5122,bot4 penalty=30,1,success,35,0,46.746,0
50,0.4,5123,bot2,1,success,48,0,15.939,0
50,0.4,5123,bot3,1,success,48,0,17.083,0
50,0.4,5123,bot4 penalty=5,1,success,48,0,64.595,0
50,0.4,5123,bot4 penalty=10,1,success,48,0,65.126,0
50,0.4,5123,bot4 penalty=20,1,success,48,0,67.119,0
50,0.4,5123,bot4 penalty=30,1,success,48,0,75.477,0
50,0.4,5124,bot2,0,button_burned,17,0,7.614,0
50,0.4,5124,bot3,0,button_burned,17,0,8.526,0
50,0.4,5124,bot4 penalty=5,0,button_burned,17,0,28.52,0
50,0.4,5124,bot4 penalty=10,0,button_burned,17,0,32.503,0
50,0.4,5124,bot4 penalty=20,0,button_burned,17,0,29.063,0
50,0.4,5124,bot4 penalty=30,0,button_burned,17,0,30.274,0
50,0.4,5125,bot2,0,trapped,55,0,59.427,0
50,0.4,5125,bot3,0,trapped,55,0,60.242,0
50,0.4,5125,bot4 penalty=5,0,trapped,55,0,116.074,0
50,0.4,5125,bot4 penalty=10,0,trapped,55,0,111.437,0
50,0.4,5125,bot4 penalty=20,0,trapped,55,0,111.526,0
50,0.4,5125,bot4 penalty=30,0,trapped,55,0,109.785,0
50,0.4,5126,bot2,1,success,52,0,25.823,1
50,0.4,5126,bot3,1,success,52,0,28.237,1
50,0.4,5126,bot4 penalty=5,1,success,52,0,74.928,1
50,0.4,5126,bot4 penalty=10,1,success,52,0,77.54,1
50,0.4,5126,bot4 penalty=20,1,success,52,0,72.504,1
50,0.4,5126,bot4 penalty=30,1,success,52,0,77.325,1
50,0.4,5127,bot2,1,success,1,0,0.102,1
50,0.4,5127,bot3,1,success,1,0,0.088,1
50,0.4,5127,bot4 penalty=5,1,success,1,0,1.437,1
50,0.4,5127,bot4 penalty=10,1,success,1,0,1.277,1
50,0.4,5127,bot4 penalty=20,1,success,1,0,1.302,1
50,0.4,5127,bot4 penalty=30,1,success,1,0,1.274,1
50,0.4,5128,bot2,1,success,6,0,0.703,1
50,0.4,5128,bot3,1,success,6,0,0.73,1
50,0.4,5128,bot4 penalty=5,1,success,6,0,8.087,1
50,0.4,5128,bot4 penalty=10,1,success,6,0,7.911,1
50,0.4,5128,bot4 penalty=20,1,success,6,0,7.637,1
50,0.4,5128,bot4 penalty=30,1,success,6,0,7.896,1
50,0.4,5129,bot2,1,success,26,0,5.596,1
50,0.4,5129,bot3,1,success,26,0,6.323,1
50,0.4,5129,bot4 penalty=5,1,success,26,0,34.674,1
50,0.4,5129,bot4 penalty=10,1,success,26,0,34.276,1
50,0.4,5129,bot4 penalty=20,1,success,26,0,35.332,1
50,0.4,5129,bot4 penalty=30,1,success,26,0,32.942,1
50,0.4,5130,bot2,0,button_burned,36,0,13.105,0
50,0.4,5130,bot3,0,button_burned,36,2,14.852,0
50,0.4,5130,bot4 penalty=5,0,button_burned,36,0,56.977,0
50,0.4,5130,bot4 penalty=10,0,button_burned,36,0,50.55,0
50,0.4,5130,bot4 penalty=20,0,button_burned,36,0,48.856,0
50,0.4,5130,bot4 penalty=30,0,button_burned,36,0,50.786,0
50,0.4,5131,bot2,1,success,47,0,19.272,1
50,0.4,5131,bot3,1,success,47,0,22.35,1
50,0.4,5131,bot4 penalty=5,1,success,47,0,63.947,1
50,0.4,5131,bot4 penalty=10,1,success,47,0,64.601,1
50,0.4,5131,bot4 penalty=20,1,success,47,0,64.423,1
50,0.4,5131,bot4 penalty=30,1,success,47,0,64.38,1
50,0.4,5132,bot2,1,success,35,0,9.379,1
50,0.4,5132,bot3,1,success,35,0,10.176,1
50,0.4,5132,bot4 penalty=5,1,success,35,0,45.83,1
50,0.4,5132,bot4 penalty=10,1,success,35,0,47.365,1
50,0.4,5132,bot4 penalty=20,1,success,35,0,48.357,1
50,0.4,5132,bot4 penalty=30,1,success,35,0,49.447,1
50,0.4,5133,bot2,1,success,40,0,13.116,1
50,0.4,5133,bot3,1,success,40,0,17.465,1
50,0.4,5133,bot4 penalty=5,1,success,40,0,53.197,1
50,0.4,5133,bot4 penalty=10,1,success,40,0,55.063,1
50,0.4,5133,bot4 penalty=20,1,success,40,0,55.416,1
50,0.4,5133,bot4 penalty=30,1,success,40,0,55.398,1
50,0.4,5134,bot2,1,success,15,0,2.471,1
50,0.4,5134,bot3,1,success,15,0,3.573,1
50,0.4,5134,bot4 penalty=5,1,success,15,0,28.26,1
50,0.4,5134,bot4 penalty=10,1,success,15,0,22.719,1
50,0.4,5134,bot4 penalty=20,1,success,15,0,20.723,1
50,0.4,5134,bot4 penalty=30,1,success,15,0,21.232,1
50,0.4,5135,bot2,1,success,56,0,30.205,0
50,0.4,5135,bot3,1,success,56,0,33.518,0
50,0.4,5135,bot4 penalty=5,1,success,56,0,80.032,0
50,0.4,5135,bot4 penalty=10,1,success,56,0,79.375,0
50,0.4,5135,bot4 penalty=20,1,success,56,0,82.248,0
50,0.4,5135,bot4 penalty=30,1,success,56,0,79.289,0
50,0.4,5136,bot2,1,success,66,0,29.817,1
50,0.4,5136,bot3,1,success,66,0,34.835,1
50,0.4,5136,bot4 penalty=5,1,success,66,0,98.143,1
50,0.4,5136,bot4 penalty=10,1,success,66,0,102.351,1
50,0.4,5136,bot4 penalty=20,1,success,66,0,96.368,1
50,0.4,5136,bot4 penalty=30,1,success,66,0,106.247,1
50,0.4,5137,bot2,0,trapped,19,0,16.36,0
50,0.4,5137,bot3,0,trapped,19,0,19.63,0
50,0.4,5137,bot4 penalty=5,0,trapped,19,0,38.76,0
50,0.4,5137,bot4 penalty=10,0,trapped,19,0,39.693,0
50,0.4,5137,bot4 penalty=20,0,trapped,19,0,52.531,0
50,0.4,5137,bot4 penalty=30,0,trapped,19,0,43.5,0
50,0.4,5138,bot2,1,success,14,0,1.82,1
50,0.4,5138,bot3,1,success,14,0,2.38,1
50,0.4,5138,bot4 penalty=5,1,success,14,0,18.767,1
50,0.4,5138,bot4 penalty=10,1,success,14,0,17.583,1
50,0.4,5138,bot4 penalty=20,1,success,14,0,18.475,1
50,0.4,5138,bot4 penalty=30,1,success,14,0,17.507,1
50,0.4,5139,bot2,1,success,78,0,45.53,1
50,0.4,5139,bot3,1,success,78,0,50.041,1
50,0.4,5139,bot4 penalty=5,1,success,78,0,125.761,1
50,0.4,5139,bot4 penalty=10,1,success,78,0,160.717,1
50,0.4,5139,bot4 penalty=20,1,success,78,0,131.568,1
50,0.4,5139,bot4 penalty=30,1,success,78,0,126.844,1
50,0.4,5140,bot2,1,success,15,0,2.241,1
50,0.4,5140,bot3,1,success,15,0,2.351,1
50,0.4,5140,bot4 penalty=5,1,success,15,0,20.477,1
50,0.4,5140,bot4 penalty=10,1,success,15,0,19.389,1
50,0.4,5140,bot4 penalty=20,1,success,15,0,20.018,1
50,0.4,5140,bot4 penalty=30,1,success,15,0,19.443,1
50,0.4,5141,bot2,1,success,54,0,26.406,0
50,0.4,5141,bot3,1,success,56,1,28.758,0
50,0.4,5141,bot4 penalty=5,1,success,56,1,84.971,0
50,0.4,5141,bot4 penalty=10,1,success,56,1,82.574,0
50,0.4,5141,bot4 penalty=20,1,success,56,1,83.005,0
50,0.4,5141,bot4 penalty=30,1,success,56,1,85.276,0
50,0.4,5142,bot2,1,success,39,0,11.113,1
50,0.4,5142,bot3,1,success,39,0,14.473,1
50,0.4,5142,bot4 penalty=5,1,success,39,0,60.567,1
50,0.4,5142,bot4 penalty=10,1,success,39,0,53.592,1
50,0.4,5142,bot4 penalty=20,1,success,39,0,51.828,1
50,0.4,5142,bot4 penalty=30,1,success,39,0,50.631,1
50,0.4,5143,bot2,1,success,29,0,6.213,1
50,0.4,5143,bot3,1,success,29,0,6.684,1
50,0.4,5143,bot4 penalty=5,1,success,29,0,36.375,1
50,0.4,5143,bot4 penalty=10,1,success,29,0,34.976,1
50,0.4,5143,bot4 penalty=20,1,success,29,0,37.578,1
50,0.4,5143,bot4 penalty=30,1,success,29,0,38.035,1
50,0.4,5144,bot2,1,success,55,0,27.038,1
50,0.4,5144,bot3,1,success,55,0,31.254,1
50,0.4,5144,bot4 penalty=5,1,success,55,0,104.466,1
50,0.4,5144,bot4 penalty=10,1,success,55,0,78.079,1
50,0.4,5144,bot4 penalty=20,1,success,55,0,77.016,1
50,0.4,5144,bot4 penalty=30,1,success,55,0,80.198,1
50,0.4,5145,bot2,0,button_burned,43,0,38.379,0
50,0.4,5145,bot3,0,button_burned,43,0,35.189,0
50,0.4,5145,bot4 penalty=5,0,button_burned,43,0,71.442,0
50,0.4,5145,bot4 penalty=10,0,button_burned,43,0,70.98,0
50,0.4,5145,bot4 penalty=20,0,button_burned,43,0,72.37,0
50,0.4,5145,bot4 penalty=30,0,button_burned,43,0,74.471,0
50,0.4,5146,bot2,1,success,62,0,25.081,0
50,0.4,5146,bot3,1,success,62,0,38.887,0
50,0.4,5146,bot4 penalty=5,1,success,62,0,90.429,0
50,0.4,5146,bot4 penalty=10,1,success,62,0,98.349,0
50,0.4,5146,bot4 penalty=20,1,success,62,0,94.917,0
50,0.4,5146,bot4 penalty=30,1,success,62,0,94.754,0
50,0.4,5147,bot2,1,success,28,0,5.535,0
50,0.4,5147,bot3,1,success,28,0,6.352,0
50,0.4,5147,bot4 penalty=5,1,success,28,0,35.726,0
50,0.4,5147,bot4 penalty=10,1,success,28,0,37.777,0
50,0.4,5147,bot4 penalty=20,1,success,28,0,34.628,0
50,0.4,5147,bot4 penalty=30,1,success,28,0,35.361,0
50,0.4,5148,bot2,0,trapped,14,0,12.901,0
50,0.4,5148,bot3,0,trapped,14,0,13.531,0
50,0.4,5148,bot4 penalty=5,0,trapped,14,0,30.84,0
50,0.4,5148,bot4 penalty=10,0,trapped,14,0,33.223,0
50,0.4,5148,bot4 penalty=20,0,trapped,14,0,36.102,0
50,0.4,5148,bot4 penalty=30,0,trapped,14,0,38.262,0
50,0.4,5149,bot2,1,success,57,0,29.049,1
50,0.4,5149,bot3,1,success,57,0,32.352,1
50,0.4,5149,bot4 penalty=5,1,success,57,0,81.693,1
50,0.4,5149,bot4 penalty=10,1,success,57,0,80.925,1
50,0.4,5149,bot4 penalty=20,1,success,57,0,86.193,1
50,0.4,5149,bot4 penalty=30,1,success,57,0,86.466,1
50,0.4,5150,bot2,1,success,41,0,14.413,1
50,0.4,5150,bot3,1,success,41,0,15.264,1
50,0.4,5150,bot4 penalty=5,1,success,41,0,57.239,1
50,0.4,5150,bot4 penalty=10,1,success,41,0,63.47,1
50,0.4,5150,bot4 penalty=20,1,success,41,0,71.109,1
50,0.4,5150,bot4 penalty=30,1,success,41,0,61.723,1
50,0.4,5151,bot2,1,success,38,0,13.033,1
50,0.4,5151,bot3,1,success,38,0,12.517,1
50,0.4,5151,bot4 penalty=5,1,success,38,0,53.461,1
50,0.4,5151,bot4 penalty=10,1,success,38,0,51.344,1
50,0.4,5151,bot4 penalty=20,1,success,38,0,54.755,1
50,0.4,5151,bot4 penalty=30,1,success,38,0,51.616,1
50,0.4,5152,bot2,0,button_burned,74,0,49.501,0
50,0.4,5152,bot3,0,button_burned,74,0,65.406,0
50,0.4,5152,bot4 penalty=5,0,button_burned,74,0,133.241,0
50,0.4,5152,bot4 penalty=10,0,button_burned,74,0,151.022,0
50,0.4,5152,bot4 penalty=20,0,button_burned,74,0,135.403,0
50,0.4,5152,bot4 penalty=30,0,button_burned,74,0,131.714,0
50,0.4,5153,bot2,1,success,32,0,6.086,0
50,0.4,5153,bot3,1,success,32,0,7.072,0
50,0.4,5153,bot4 penalty=5,1,success,32,0,46.987,0
50,0.4,5153,bot4 penalty=10,1,success,32,0,45.058,0
50,0.4,5153,bot4 penalty=20,1,success,32,0,45.516,0
50,0.4,5153,bot4 penalty=30,1,success,32,0,45.414,0
50,0.4,5154,bot2,1,success,43,0,13.208,1
50,0.4,5154,bot3,1,success,43,0,14.671,1
50,0.4,5154,bot4 penalty=5,1,success,43,0,61.949,1
50,0.4,5154,bot4 penalty=10,1,success,43,0,68.156,1
50,0.4,5154,bot4 penalty=20,1,success,43,0,63.156,1
50,0.4,5154,bot4 penalty=30,1,success,43,0,61.456,1
50,0.4,5155,bot2,1,success,16,0,2.167,0
50,0.4,5155,bot3,1,success,16,0,2.342,0
50,0.4,5155,bot4 penalty=5,1,success,16,0,21.807,0
50,0.4,5155,bot4 penalty=10,1,success,16,0,19.826,0
50,0.4,5155,bot4 penalty=20,1,success,16,0,25.099,0
50,0.4,5155,bot4 penalty=30,1,success,16,0,23.086,0
50,0.4,5156,bot2,1,success,60,0,31.738,0
50,0.4,5156,bot3,1,success,66,2,39.973,0
50,0.4,5156,bot4 penalty=5,1,success,60,0,90.589,0
50,0.4,5156,bot4 penalty=10,1,success,60,0,103.546,0
50,0.4,5156,bot4 penalty=20,1,success,60,0,80.918,0
50,0.4,5156,bot4 penalty=30,1,success,60,0,82.462,0
50,0.4,5157,bot2,1,success,12,0,1.429,1
50,0.4,5157,bot3,1,success,12,0,1.418,1
50,0.4,5157,bot4 penalty=5,1,success,12,0,14.491,1
50,0.4,5157,bot4 penalty=10,1,success,12,0,15.49,1
50,0.4,5157,bot4 penalty=20,1,success,12,0,15.562,1
50,0.4,5157,bot4 penalty=30,1,success,12,0,20.998,1
50,0.4,5158,bot2,1,success,39,0,10.838,0
50,0.4,5158,bot3,1,success,39,0,10.807,0
50,0.4,5158,bot4 penalty=5,1,success,39,0,59.512,0
50,0.4,5158,bot4 penalty=10,1,success,39,0,76.848,0
50,0.4,5158,bot4 penalty=20,1,success,39,0,52.192,0
50,0.4,5158,bot4 penalty=30,1,success,39,0,54.327,0
50,0.4,5159,bot2,1,success,21,0,3.522,1
50,0.4,5159,bot3,1,success,21,0,3.998,1
50,0.4,5159,bot4 penalty=5,1,success,21,0,28.054,1
50,0.4,5159,bot4 penalty=10,1,success,21,0,27.267,1
50,0.4,5159,bot4 penalty=20,1,success,21,0,27.909,1
50,0.4,5159,bot4 penalty=30,1,success,21,0,26.89,1
50,0.4,5160,bot2,1,success,55,0,24.911,1
50,0.4,5160,bot3,1,success,55,0,28.622,1
50,0.4,5160,bot4 penalty=5,1,success,55,0,83.037,1
50,0.4,5160,bot4 penalty=10,1,success,55,0,79.985,1
50,0.4,5160,bot4 penalty=20,1,success,55,0,76.241,1
50,0.4,5160,bot4 penalty=30,1,success,55,0,78.091,1
50,0.4,5161,bot2,1,success,17,0,2.72,1
50,0.4,5161,bot3,1,success,17,0,2.762,1
50,0.4,5161,bot4 penalty=5,1,success,17,0,22.778,1
50,0.4,5161,bot4 penalty=10,1,success,17,0,22.313,1
50,0.4,5161,bot4 penalty=20,1,success,17,0,24.342,1
50,0.4,5161,bot4 penalty=30,1,success,17,0,22.45,1
50,0.4,5162,bot2,1,success,63,0,34.939,1
50,0.4,5162,bot3,1,success,63,0,39.496,1
50,0.4,5162,bot4 penalty=5,1,success,63,0,87.993,1
50,0.4,5162,bot4 penalty=10,1,success,63,0,90.632,1
50,0.4,5162,bot4 penalty=20,1,success,63,0,90.346,1
50,0.4,5162,bot4 penalty=30,1,success,63,0,90.568,1
50,0.4,5163,bot2,1,success,65,0,39.054,1
50,0.4,5163,bot3,1,success,65,0,39.667,1
50,0.4,5163,bot4 penalty=5,1,success,65,0,96.26,1
50,0.4,5163,bot4 penalty=10,1,success,65,0,90.22,1
50,0.4,5163,bot4 penalty=20,1,success,65,0,99.574,1
50,0.4,5163,bot4 penalty=30,1,success,65,0,94.482,1
50,0.4,5164,bot2,0,trapped,23,0,19.359,0
50,0.4,5164,bot3,0,trapped,23,0,24.323,0
50,0.4,5164,bot4 penalty=5,0,trapped,23,0,41.132,0
50,0.4,5164,bot4 penalty=10,0,trapped,23,0,41.758,0
50,0.4,5164,bot4 penalty=20,0,trapped,23,0,43.23,0
50,0.4,5164,bot4 penalty=30,0,trapped,23,1,42.175,0
50,0.4,5165,bot2,0,button_burned,34,0,13.751,0
50,0.4,5165,bot3,0,button_burned,34,0,16.072,0
50,0.4,5165,bot4 penalty=5,0,button_burned,34,0,44.916,0
50,0.4,5165,bot4 penalty=10,0,button_burned,34,0,46.81,0
50,0.4,5165,bot4 penalty=20,0,button_burned,34,0,66.052,0
50,0.4,5165,bot4 penalty=30,0,button_burned,34,0,69.118,0
50,0.4,5166,bot2,1,success,42,0,12.659,0
50,0.4,5166,bot3,1,success,42,0,13.395,0
50,0.4,5166,bot4 penalty=5,1,success,42,0,55.115,0
50,0.4,5166,bot4 penalty=10,1,success,42,0,52.553,0
50,0.4,5166,bot4 penalty=20,1,success,42,0,55.832,0
50,0.4,5166,bot4 penalty=30,1,success,42,0,54.851,0
50,0.4,5167,bot2,0,button_burned,53,0,30.685,0
50,0.4,5167,bot3,0,button_burned,53,1,34.849,0
50,0.4,5167,bot4 penalty=5,0,button_burned,53,0,82.723,0
50,0.4,5167,bot4 penalty=10,0,button_burned,53,0,84.531,0
50,0.4,5167,bot4 penalty=20,0,button_burned,53,1,85.106,0
50,0.4,5167,bot4 penalty=30,0,button_burned,53,1,87.677,0
50,0.4,5168,bot2,1,success,50,0,21.725,1
50,0.4,5168,bot3,1,success,50,0,26.076,1
50,0.4,5168,bot4 penalty=5,1,success,50,0,68.887,1
50,0.4,5168,bot4 penalty=10,1,success,50,0,65.535,1
50,0.4,5168,bot4 penalty=20,1,success,50,0,65.279,1
50,0.4,5168,bot4 penalty=30,1,success,50,0,66.373,1
50,0.4,5169,bot2,0,button_burned,19,0,10.252,0
50,0.4,5169,bot3,0,button_burned,19,0,15.977,0
50,0.4,5169,bot4 penalty=5,0,button_burned,19,0,32.058,0
50,0.4,5169,bot4 penalty=10,0,button_burned,19,0,32.778,0
50,0.4,5169,bot4 penalty=20,0,button_burned,19,0,35.961,0
50,0.4,5169,bot4 penalty=30,0,button_burned,19,0,40.07,0
50,0.4,5170,bot2,1,success,37,0,11.975,1
50,0.4,5170,bot3,1,success,37,0,15.415,1
50,0.4,5170,bot4 penalty=5,1,success,37,0,52.646,1
50,0.4,5170,bot4 penalty=10,1,success,37,0,55.857,1
50,0.4,5170,bot4 penalty=20,1,success,37,0,51.156,1
50,0.4,5170,bot4 penalty=30,1,success,37,0,54.805,1
50,0.4,5171,bot2,1,success,62,0,30.365,0
50,0.4,5171,bot3,1,success,62,0,36.358,0
50,0.4,5171,bot4 penalty=5,1,success,62,0,95.108,0
50,0.4,5171,bot4 penalty=10,1,success,62,0,89.442,0
50,0.4,5171,bot4 penalty=20,1,success,62,0,92.466,0
50,0.4,5171,bot4 penalty=30,1,success,62,0,98.528,0
50,0.4,5172,bot2,1,success,66,0,24.506,0
50,0.4,5172,bot3,1,success,64,3,41.192,0
50,0.4,5172,bot4 penalty=5,1,success,64,3,89.59,0
50,0.4,5172,bot4 penalty=10,1,success,64,3,88.366,0
50,0.4,5172,bot4 penalty=20,1,success,64,3,92.138,0
50,0.4,5172,bot4 penalty=30,1,success,64,3,96.253,0
50,0.4,5173,bot2,1,success,65,0,34.322,0
50,0.4,5173,bot3,1,success,65,0,35.323,0
50,0.4,5173,bot4 penalty=5,1,success,65,0,97.522,0
50,0.4,5173,bot4 penalty=10,1,success,65,0,98.137,0
50,0.4,5173,bot4 penalty=20,1,success,65,0,97.685,0
50,0.4,5173,bot4 penalty=30,1,success,65,0,101.774,0
50,0.4,5174,bot2,1,success,53,0,30.802,1
50,0.4,5174,bot3,1,success,53,0,33.751,1
50,0.4,5174,bot4 penalty=5,1,success,53,0,71.714,1
50,0.4,5174,bot4 penalty=10,1,success,53,0,72.526,1
50,0.4,5174,bot4 penalty=20,1,success,53,0,74.4,1
50,0.4,5174,bot4 penalty=30,1,success,53,0,74.764,1
50,0.4,5175,bot2,1,success,42,0,11.238,0
50,0.4,5175,bot3,1,success,42,0,12.454,0
50,0.4,5175,bot4 penalty=5,1,success,42,0,56.714,0
50,0.4,5175,bot4 penalty=10,1,success,42,0,57.083,0
50,0.4,5175,bot4 penalty=20,1,success,42,0,55.78,0
50,0.4,5175,bot4 penalty=30,1,success,42,0,57.133,0
50,0.4,5176,bot2,1,success,71,0,39.516,0
50,0.4,5176,bot3,1,success,71,0,49.259,0
50,0.4,5176,bot4 penalty=5,1,success,71,0,100.85,0
50,0.4,5176,bot4 penalty=10,1,success,71,0,101.813,0
50,0.4,5176,bot4 penalty=20,1,success,71,0,123.646,0
50,0.4,5176,bot4 penalty=30,1,success,71,0,139.235,0
50,0.4,5177,bot2,1,success,48,0,16.195,0
50,0.4,5177,bot3,1,success,48,0,20.029,0
50,0.4,5177,bot4 penalty=5,1,success,48,0,70.698,0
50,0.4,5177,bot4 penalty=10,1,success,48,0,72.237,0
50,0.4,5177,bot4 penalty=20,1,success,48,0,74.47,0
50,0.4,5177,bot4 penalty=30,1,success,48,0,78.826,0
50,0.4,5178,bot2,1,success,15,0,2.152,1
50,0.4,5178,bot3,1,success,15,0,2.246,1
50,0.4,5178,bot4 penalty=5,1,success,15,0,20.727,1
50,0.4,5178,bot4 penalty=10,1,success,15,0,20.801,1
50,0.4,5178,bot4 penalty=20,1,success,15,0,22.699,1
50,0.4,5178,bot4 penalty=30,1,success,15,0,21.317,1
50,0.4,5179,bot2,1,success,13,0,1.566,1
50,0.4,5179,bot3,1,success,13,0,1.785,1
50,0.4,5179,bot4 penalty=5,1,success,13,0,18.751,1
50,0.4,5179,bot4 penalty=10,1,success,13,0,16.504,1
50,0.4,5179,bot4 penalty=20,1,success,13,0,16.767,1
50,0.4,5179,bot4 penalty=30,1,success,13,0,16.146,1
50,0.4,5180,bot2,1,success,34,0,7.532,1
50,0.4,5180,bot3,1,success,34,0,8.165,1
50,0.4,5180,bot4 penalty=5,1,success,34,0,45.315,1
50,0.4,5180,bot4 penalty=10,1,success,34,0,41.943,1
50,0.4,5180,bot4 penalty=20,1,success,34,0,45.02,1
50,0.4,5180,bot4 penalty=30,1,success,34,0,44.561,1
50,0.4,5181,bot2,1,success,68,0,36.049,1
50,0.4,5181,bot3,1,success,68,0,36.936,1
50,0.4,5181,bot4 penalty=5,1,success,68,0,91.663,1
50,0.4,5181,bot4 penalty=10,1,success,68,0,92.136,1
50,0.4,5181,bot4 penalty=20,1,success,68,0,91.53,1
50,0.4,5181,bot4 penalty=30,1,success,68,0,95.714,1
50,0.4,5182,bot2,1,success,44,0,13.207,1
50,0.4,5182,bot3,1,success,44,0,14.232,1
50,0.4,5182,bot4 penalty=5,1,success,44,0,69.662,1
50,0.4,5182,bot4 penalty=10,1,success,44,0,59.012,1
50,0.4,5182,bot4 penalty=20,1,success,44,0,58.652,1
50,0.4,5182,bot4 penalty=30,1,success,44,0,62.086,1
50,0.4,5183,bot2,1,success,83,0,58.929,0
50,0.4,5183,bot3,1,success,83,0,53.37,0
50,0.4,5183,bot4 penalty=5,1,success,83,0,119.004,0
50,0.4,5183,bot4 penalty=10,1,success,83,0,122.769,0
50,0.4,5183,bot4 penalty=20,1,success,83,0,136.144,0
50,0.4,5183,bot4 penalty=30,1,success,83,0,142.103,0
50,0.4,5184,bot2,0,trapped,79,0,49.385,0
50,0.4,5184,bot3,1,success,66,1,39.411,0
50,0.4,5184,bot4 penalty=5,1,success,64,0,92.461,0
50,0.4,5184,bot4 penalty=10,1,success,64,0,96.847,0
50,0.4,5184,bot4 penalty=20,1,success,64,0,92.889,0
50,0.4,5184,bot4 penalty=30,1,success,64,0,92.928,0
50,0.4,5185,bot2,0,trapped,25,0,17.047,0
50,0.4,5185,bot3,0,trapped,25,0,20.808,0
50,0.4,5185,bot4 penalty=5,0,trapped,25,0,46.526,0
50,0.4,5185,bot4 penalty=10,0,trapped,25,0,46.0,0
50,0.4,5185,bot4 penalty=20,0,trapped,25,0,47.372,0
50,0.4,5185,bot4 penalty=30,0,trapped,25,0,49.988,0
50,0.4,5186,bot2,0,trapped,41,0,18.309,0
50,0.4,5186,bot3,0,trapped,41,1,22.496,0
50,0.4,5186,bot4 penalty=5,0,trapped,41,1,61.518,0
50,0.4,5186,bot4 penalty=10,0,trapped,41,1,60.375,0
50,0.4,5186,bot4 penalty=20,0,trapped,41,1,58.922,0
50,0.4,5186,bot4 penalty=30,0,trapped,41,1,61.956,0
50,0.4,5187,bot2,0,trapped,32,0,18.313,0
50,0.4,5187,bot3,0,trapped,32,5,19.457,0
50,0.4,5187,bot4 penalty=5,0,trapped,32,1,53.459,0
50,0.4,5187,bot4 penalty=10,0,trapped,32,5,53.599,0
50,0.4,5187,bot4 penalty=20,1,success,79,4,119.967,0
50,0.4,5187,bot4 penalty=30,1,success,77,5,114.919,0
50,0.4,5188,bot2,1,success,13,0,1.684,1
50,0.4,5188,bot3,1,success,13,0,1.813,1
50,0.4,5188,bot4 penalty=5,1,success,13,0,16.69,1
50,0.4,5188,bot4 penalty=10,1,success,13,0,16.679,1
50,0.4,5188,bot4 penalty=20,1,success,13,0,17.342,1
50,0.4,5188,bot4 penalty=30,1,success,13,0,21.08,1
50,0.4,5189,bot2,0,trapped,61,0,58.005,0
50,0.4,5189,bot3,0,trapped,61,2,66.353,0
50,0.4,5189,bot4 penalty=5,0,trapped,61,0,127.481,0
50,0.4,5189,bot4 penalty=10,0,trapped,61,1,122.705,0
50,0.4,5189,bot4 penalty=20,0,trapped,61,4,129.346,0
50,0.4,5189,bot4 penalty=30,0,trapped,61,4,142.226,0
50,0.4,5190,bot2,0,button_burned,57,0,39.726,0
50,0.4,5190,bot3,0,button_burned,57,6,48.046,0
50,0.4,5190,bot4 penalty=5,0,button_burned,57,7,83.981,0
50,0.4,5190,bot4 penalty=10,0,button_burned,57,3,88.368,0
50,0.4,5190,bot4 penalty=20,0,button_burned,57,3,93.226,0
50,0.4,5190,bot4 penalty=30,0,button_burned,57,11,118.256,0
50,0.4,5191,bot2,1,success,57,0,21.965,0
50,0.4,5191,bot3,1,success,57,0,25.298,0
50,0.4,5191,bot4 penalty=5,1,success,57,0,82.606,0
50,0.4,5191,bot4 penalty=10,1,success,57,0,83.237,0
50,0.4,5191,bot4 penalty=20,1,success,57,0,84.498,0
50,0.4,5191,bot4 penalty=30,1,success,57,0,82.769,0
50,0.4,5192,bot2,1,success,46,0,15.602,1
50,0.4,5192,bot3,1,success,46,0,17.515,1
50,0.4,5192,bot4 penalty=5,1,success,46,0,64.329,1
50,0.4,5192,bot4 penalty=10,1,success,46,0,68.904,1
50,0.4,5192,bot4 penalty=20,1,success,46,0,87.57,1
50,0.4,5192,bot4 penalty=30,1,success,46,0,68.093,1
50,0.4,5193,bot2,1,success,42,0,13.646,1
50,0.4,5193,bot3,1,success,42,0,14.674,1
50,0.4,5193,bot4 penalty=5,1,success,42,0,58.217,1
50,0.4,5193,bot4 penalty=10,1,success,42,0,65.758,1
50,0.4,5193,bot4 penalty=20,1,success,42,0,55.837,1
50,0.4,5193,bot4 penalty=30,1,success,42,0,56.566,1
50,0.4,5194,bot2,1,success,38,0,11.58,0
50,0.4,5194,bot3,1,success,38,0,10.531,0
50,0.4,5194,bot4 penalty=5,1,success,38,0,62.935,0
50,0.4,5194,bot4 penalty=10,1,success,40,1,56.099,0
50,0.4,5194,bot4 penalty=20,1,success,46,4,64.452,0
50,0.4,5194,bot4 penalty=30,1,success,44,3,58.032,0
50,0.4,5195,bot2,1,success,2,0,0.27,1
50,0.4,5195,bot3,1,success,2,0,0.22,1
50,0.4,5195,bot4 penalty=5,1,success,2,0,2.846,1
50,0.4,5195,bot4 penalty=10,1,success,2,0,3.957,1
50,0.4,5195,bot4 penalty=20,1,success,2,0,2.94,1
50,0.4,5195,bot4 penalty=30,1,success,2,0,2.992,1
50,0.4,5196,bot2,1,success,52,0,20.29,0
50,0.4,5196,bot3,1,success,54,1,22.717,0
50,0.4,5196,bot4 penalty=5,1,success,56,2,76.543,0
50,0.4,5196,bot4 penalty=10,1,success,56,2,78.349,0
50,0.4,5196,bot4 penalty=20,1,success,56,2,76.84,0
50,0.4,5196,bot4 penalty=30,1,success,56,2,79.52,0
50,0.4,5197,bot2,0,trapped,75,0,54.288,0
50,0.4,5197,bot3,0,trapped,75,0,72.643,0
50,0.4,5197,bot4 penalty=5,0,trapped,75,0,148.186,0
50,0.4,5197,bot4 penalty=10,0,trapped,61,1,112.715,0
50,0.4,5197,bot4 penalty=20,0,caught,61,2,109.071,0
50,0.4,5197,bot4 penalty=30,0,caught,61,2,120.627,0
50,0.4,5198,bot2,0,trapped,63,0,49.132,0
50,0.4,5198,bot3,0,trapped,63,2,59.764,0
50,0.4,5198,bot4 penalty=5,0,trapped,63,1,111.509,0
50,0.4,5198,bot4 penalty=10,0,trapped,63,3,103.964,0
50,0.4,5198,bot4 penalty=20,0,trapped,63,7,117.027,0
50,0.4,5198,bot4 penalty=30,0,trapped,63,8,129.755,0
50,0.4,5199,bot2,1,success,29,0,7.343,1
50,0.4,5199,bot3,1,success,29,0,8.759,1
50,0.4,5199,bot4 penalty=5,1,success,29,0,42.619,1
50,0.4,5199,bot4 penalty=10,1,success,29,0,54.512,1
50,0.4,5199,bot4 penalty=20,1,success,29,0,42.111,1
50,0.4,5199,bot4 penalty=30,1,success,29,0,41.734,1
50,0.6,5000,bot2,0,trapped,27,0,20.175,0
50,0.6,5000,bot3,0,trapped,27,1,23.057,0
50,0.6,5000,bot4 penalty=5,0,trapped,27,3,58.667,0
50,0.6,5000,bot4 penalty=10,0,trapped,27,7,59.704,0
50,0.6,5000,bot4 penalty=20,0,trapped,27,3,60.424,0
50,0.6,5000,bot4 penalty=30,0,trapped,27,5,66.46,0
50,0.6,5001,bot2,1,success,40,0,12.746,0
50,0.6,5001,bot3,1,success,40,0,15.666,0
50,0.6,5001,bot4 penalty=5,0,trapped,38,7,60.621,0
50,0.6,5001,bot4 penalty=10,0,trapped,38,9,61.373,0
50,0.6,5001,bot4 penalty=20,0,trapped,38,12,58.561,0
50,0.6,5001,bot4 penalty=30,0,trapped,38,8,65.038,0
50,0.6,5002,bot2,1,success,16,0,2.176,1
50,0.6,5002,bot3,1,success,16,0,2.564,1
50,0.6,5002,bot4 penalty=5,1,success,16,0,25.301,1
50,0.6,5002,bot4 penalty=10,1,success,16,0,20.867,1
50,0.6,5002,bot4 penalty=20,1,success,16,0,19.921,1
50,0.6,5002,bot4 penalty=30,1,success,16,0,23.956,1
50,0.6,5003,bot2,1,success,38,0,13.501,1
50,0.6,5003,bot3,1,success,38,0,17.267,1
50,0.6,5003,bot4 penalty=5,1,success,38,0,50.118,1
50,0.6,5003,bot4 penalty=10,1,success,38,0,50.457,1
50,0.6,5003,bot4 penalty=20,1,success,38,0,50.129,1
50,0.6,5003,bot4 penalty=30,1,success,38,0,48.794,1
50,0.6,5004,bot2,1,success,18,0,3.257,1
50,0.6,5004,bot3,1,success,18,0,3.259,1
50,0.6,5004,bot4 penalty=5,1,success,18,0,26.631,1
50,0.6,5004,bot4 penalty=10,1,success,18,0,24.168,1
50,0.6,5004,bot4 penalty=20,1,success,18,0,22.536,1
50,0.6,5004,bot4 penalty=30,1,success,18,0,22.805,1
50,0.6,5005,bot2,1,success,7,0,0.771,1
50,0.6,5005,bot3,1,success,7,0,0.876,1
50,0.6,5005,bot4 penalty=5,1,success,7,0,9.548,1
50,0.6,5005,bot4 penalty=10,1,success,7,0,9.109,1
50,0.6,5005,bot4 penalty=20,1,success,7,0,11.723,1
50,0.6,5005,bot4 penalty=30,1,success,7,0,14.344,1
50,0.6,5006,bot2,1,success,40,0,11.73,0
50,0.6,5006,bot3,1,success,40,0,14.945,0
50,0.6,5006,bot4 penalty=5,1,success,40,0,65.266,0
50,0.6,5006,bot4 penalty=10,1,success,40,0,69.444,0
50,0.6,5006,bot4 penalty=20,1,success,40,0,58.715,0
50,0.6,5006,bot4 penalty=30,1,success,40,0,62.872,0
50,0.6,5007,bot2,1,success,30,0,7.234,1
50,0.6,5007,bot3,1,success,30,0,8.322,1
50,0.6,5007,bot4 penalty=5,1,success,30,0,39.638,1
50,0.6,5007,bot4 penalty=10,1,success,30,0,44.639,1
50,0.6,5007,bot4 penalty=20,1,success,30,0,46.371,1
50,0.6,5007,bot4 penalty=30,1,success,30,0,41.037,1
50,0.6,5008,bot2,0,button_burned,52,0,36.959,0
50,0.6,5008,bot3,0,button_burned,52,1,37.76,0
50,0.6,5008,bot4 penalty=5,0,button_burned,52,1,110.73,0
50,0.6,5008,bot4 penalty=10,0,button_burned,52,1,78.566,0
50,0.6,5008,bot4 penalty=20,0,button_burned,52,9,96.5,0
50,0.6,5008,bot4 penalty=30,0,button_burned,52,9,95.343,0
50,0.6,5009,bot2,1,success,43,0,11.822,1
50,0.6,5009,bot3,1,success,43,0,15.362,1
50,0.6,5009,bot4 penalty=5,1,success,43,0,76.687,1
50,0.6,5009,bot4 penalty=10,1,success,43,0,64.661,1
50,0.6,5009,bot4 penalty=20,1,success,43,0,57.249,1
50,0.6,5009,bot4 penalty=30,1,success,43,0,58.625,1
50,0.6,5010,bot2,0,button_burned,8,0,5.65,0
50,0.6,5010,bot3,0,button_burned,8,0,5.726,0
50,0.6,5010,bot4 penalty=5,0,button_burned,8,0,15.306,0
50,0.6,5010,bot4 penalty=10,0,button_burned,8,0,16.776,0
50,0.6,5010,bot4 penalty=20,0,button_burned,8,0,19.371,0
50,0.6,5010,bot4 penalty=30,0,button_burned,8,0,20.356,0
50,0.6,5011,bot2,1,success,44,0,14.919,1
50,0.6,5011,bot3,1,success,44,0,19.11,1
50,0.6,5011,bot4 penalty=5,1,success,44,0,60.71,1
50,0.6,5011,bot4 penalty=10,1,success,44,0,61.112,1
50,0.6,5011,bot4 penalty=20,1,success,44,0,60.017,1
50,0.6,5011,bot4 penalty=30,1,success,44,0,63.761,1
50,0.6,5012,bot2,1,success,21,0,3.277,1
50,0.6,5012,bot3,1,success,21,0,3.822,1
50,0.6,5012,bot4 penalty=5,1,success,21,0,26.42,1
50,0.6,5012,bot4 penalty=10,1,success,21,0,27.683,1
50,0.6,5012,bot4 penalty=20,1,success,21,0,27.984,1
50,0.6,5012,bot4 penalty=30,1,success,21,0,27.514,1
50,0.6,5013,bot2,1,success,46,0,20.962,1
50,0.6,5013,bot3,1,success,46,0,24.096,1
50,0.6,5013,bot4 penalty=5,1,success,46,0,63.543,1
50,0.6,5013,bot4 penalty=10,1,success,46,0,62.894,1
50,0.6,5013,bot4 penalty=20,1,success,46,0,62.899,1
50,0.6,5013,bot4 penalty=30,1,success,46,0,67.526,1
50,0.6,5014,bot2,1,success,52,0,18.588,1
50,0.6,5014,bot3,1,success,52,0,29.032,1
50,0.6,5014,bot4 penalty=5,1,success,52,0,76.356,1
50,0.6,5014,bot4 penalty=10,1,success,52,0,72.272,1
50,0.6,5014,bot4 penalty=20,1,success,52,0,71.046,1
50,0.6,5014,bot4 penalty=30,1,success,52,0,70.345,1
50,0.6,5015,bot2,0,trapped,25,0,8.455,0
50,0.6,5015,bot3,0,trapped,25,0,10.542,0
50,0.6,5015,bot4 penalty=5,0,trapped,25,0,39.033,0
50,0.6,5015,bot4 penalty=10,0,trapped,25,0,40.491,0
50,0.6,5015,bot4 penalty=20,0,trapped,25,0,42.892,0
50,0.6,5015,bot4 penalty=30,0,trapped,25,0,49.827,0
50,0.6,5016,bot2,1,success,44,0,15.037,1
50,0.6,5016,bot3,1,success,44,0,17.583,1
50,0.6,5016,bot4 penalty=5,1,success,44,0,59.878,1
50,0.6,5016,bot4 penalty=10,1,success,44,0,61.882,1
50,0.6,5016,bot4 penalty=20,1,success,44,0,65.4,1
50,0.6,5016,bot4 penalty=30,1,success,44,0,64.85,1
50,0.6,5017,bot2,1,success,46,0,15.938,1
50,0.6,5017,bot3,1,success,46,0,20.22,1
50,0.6,5017,bot4 penalty=5,1,success,46,0,69.485,1
50,0.6,5017,bot4 penalty=10,1,success,46,0,70.367,1
50,0.6,5017,bot4 penalty=20,1,success,46,0,86.335,1
50,0.6,5017,bot4 penalty=30,1,success,46,0,70.821,1
50,0.6,5018,bot2,1,success,68,0,35.567,0
50,0.6,5018,bot3,1,success,68,0,41.261,0
50,0.6,5018,bot4 penalty=5,1,success,68,0,105.244,0
50,0.6,5018,bot4 penalty=10,1,success,68,0,108.049,0
50,0.6,5018,bot4 penalty=20,1,success,68,0,108.539,0
50,0.6,5018,bot4 penalty=30,1,success,68,0,107.759,0
50,0.6,5019,bot2,1,success,5,0,0.539,1
50,0.6,5019,bot3,1,success,5,0,0.551,1
50,0.6,5019,bot4 penalty=5,1,success,5,0,6.998,1
50,0.6,5019,bot4 penalty=10,1,success,5,0,6.671,1
50,0.6,5019,bot4 penalty=20,1,success,5,0,6.439,1
50,0.6,5019,bot4 penalty=30,1,success,5,0,6.154,1
50,0.6,5020,bot2,1,success,57,0,28.885,1
50,0.6,5020,bot3,1,success,57,0,34.141,1
50,0.6,5020,bot4 penalty=5,1,success,57,0,106.69,1
50,0.6,5020,bot4 penalty=10,1,success,57,0,108.421,1
50,0.6,5020,bot4 penalty=20,1,success,57,0,100.304,1
50,0.6,5020,bot4 penalty=30,1,success,57,0,84.237,1
50,0.6,5021,bot2,1,success,22,0,4.513,1
50,0.6,5021,bot3,1,success,22,0,4.53,1
50,0.6,5021,bot4 penalty=5,1,success,22,0,30.465,1
50,0.6,5021,bot4 penalty=10,1,success,22,0,29.906,1
50,0.6,5021,bot4 penalty=20,1,success,22,0,29.547,1
50,0.6,5021,bot4 penalty=30,1,success,22,0,30.864,1
50,0.6,5022,bot2,1,success,42,0,14.932,1
50,0.6,5022,bot3,1,success,42,0,16.74,1
50,0.6,5022,bot4 penalty=5,1,success,42,0,62.123,1
50,0.6,5022,bot4 penalty=10,1,success,42,0,59.84,1
50,0.6,5022,bot4 penalty=20,1,success,42,0,61.169,1
50,0.6,5022,bot4 penalty=30,1,success,42,0,57.391,1
50,0.6,5023,bot2,0,button_burned,31,0,9.845,0
50,0.6,5023,bot3,0,button_burned,31,0,12.787,0
50,0.6,5023,bot4 penalty=5,0,button_burned,31,0,47.696,0
50,0.6,5023,bot4 penalty=10,0,button_burned,31,0,43.993,0
50,0.6,5023,bot4 penalty=20,0,button_burned,31,0,43.989,0
50,0.6,5023,bot4 penalty=30,0,button_burned,31,0,44.85,0
50,0.6,5024,bot2,0,trapped,39,0,32.368,0
50,0.6,5024,bot3,0,trapped,39,1,27.024,0
50,0.6,5024,bot4 penalty=5,0,caught,39,0,64.349,0
50,0.6,5024,bot4 penalty=10,0,caught,39,0,58.937,0
50,0.6,5024,bot4 penalty=20,0,caught,39,0,56.29,0
50,0.6,5024,bot4 penalty=30,0,trapped,39,1,58.133,0
50,0.6,5025,bot2,1,success,52,0,24.318,1
50,0.6,5025,bot3,1,success,52,0,30.628,1
50,0.6,5025,bot4 penalty=5,1,success,52,0,79.914,1
50,0.6,5025,bot4 penalty=10,1,success,52,0,76.906,1
50,0.6,5025,bot4 penalty=20,1,success,52,0,77.281,1
50,0.6,5025,bot4 penalty=30,1,success,52,0,73.962,1
50,0.6,5026,bot2,0,trapped,66,0,30.104,0
50,0.6,5026,bot3,0,trapped,66,2,42.57,0
50,0.6,5026,bot4 penalty=5,0,trapped,66,1,98.612,0
50,0.6,5026,bot4 penalty=10,0,trapped,66,1,105.665,0
50,0.6,5026,bot4 penalty=20,0,trapped,66,7,94.247,0
50,0.6,5026,bot4 penalty=30,0,trapped,66,7,89.433,0
50,0.6,5027,bot2,1,success,23,0,5.355,1
50,0.6,5027,bot3,1,success,23,0,7.818,1
50,0.6,5027,bot4 penalty=5,1,success,23,0,43.873,1
50,0.6,5027,bot4 penalty=10,1,success,23,0,34.809,1
50,0.6,5027,bot4 penalty=20,1,success,23,0,35.549,1
50,0.6,5027,bot4 penalty=30,1,success,23,0,30.357,1
50,0.6,5028,bot2,1,success,34,0,8.981,1
50,0.6,5028,bot3,1,success,34,0,11.381,1
50,0.6,5028,bot4 penalty=5,1,success,34,0,63.837,1
50,0.6,5028,bot4 penalty=10,1,success,34,0,48.591,1
50,0.6,5028,bot4 penalty=20,1,success,34,0,49.29,1
50,0.6,5028,bot4 penalty=30,1,success,34,0,49.985,1
50,0.6,5029,bot2,1,success,67,0,48.808,1
50,0.6,5029,bot3,1,success,67,0,54.289,1
50,0.6,5029,bot4 penalty=5,1,success,67,0,101.654,1
50,0.6,5029,bot4 penalty=10,1,success,67,0,101.509,1
50,0.6,5029,bot4 penalty=20,1,success,67,0,113.262,1
50,0.6,5029,bot4 penalty=30,1,success,67,0,109.831,1
50,0.6,5030,bot2,1,success,55,0,27.14,1
50,0.6,5030,bot3,1,success,55,0,51.998,1
50,0.6,5030,bot4 penalty=5,1,success,55,0,101.837,1
50,0.6,5030,bot4 penalty=10,1,success,55,0,76.619,1
50,0.6,5030,bot4 penalty=20,1,success,55,0,75.221,1
50,0.6,5030,bot4 penalty=30,1,success,55,0,76.308,1
50,0.6,5031,bot2,0,trapped,48,0,23.183,0
50,0.6,5031,bot3,0,trapped,48,0,31.126,0
50,0.6,5031,bot4 penalty=5,0,trapped,48,0,80.191,0
50,0.6,5031,bot4 penalty=10,0,trapped,48,0,83.275,0
50,0.6,5031,bot4 penalty=20,0,trapped,48,0,76.924,0
50,0.6,5031,bot4 penalty=30,0,trapped,48,0,75.807,0
50,0.6,5032,bot2,0,trapped,21,0,13.391,0
50,0.6,5032,bot3,0,trapped,21,0,15.0,0
50,0.6,5032,bot4 penalty=5,0,trapped,21,0,34.08,0
50,0.6,5032,bot4 penalty=10,0,trapped,21,0,35.721,0
50,0.6,5032,bot4 penalty=20,0,trapped,21,0,37.642,0
50,0.6,5032,bot4 penalty=30,0,trapped,21,0,41.456,0
50,0.6,5033,bot2,0,trapped,18,0,4.683,0
50,0.6,5033,bot3,0,trapped,18,0,4.963,0
50,0.6,5033,bot4 penalty=5,0,trapped,18,0,28.294,0
50,0.6,5033,bot4 penalty=10,0,caught,29,5,41.659,0
50,0.6,5033,bot4 penalty=20,0,caught,29,5,42.773,0
50,0.6,5033,bot4 penalty=30,0,caught,29,5,60.387,0
50,0.6,5034,bot2,0,trapped,14,0,13.753,0
50,0.6,5034,bot3,0,trapped,14,0,19.667,0
50,0.6,5034,bot4 penalty=5,0,trapped,14,0,33.529,0
50,0.6,5034,bot4 penalty=10,0,trapped,14,0,38.684,0
50,0.6,5034,bot4 penalty=20,0,trapped,14,0,40.559,0
50,0.6,5034,bot4 penalty=30,0,trapped,14,0,42.729,0
50,0.6,5035,bot2,1,success,50,0,21.241,1
50,0.6,5035,bot3,1,success,50,0,35.561,1
50,0.6,5035,bot4 penalty=5,1,success,50,0,79.531,1
50,0.6,5035,bot4 penalty=10,1,success,50,0,68.049,1
50,0.6,5035,bot4 penalty=20,1,success,50,0,68.68,1
50,0.6,5035,bot4 penalty=30,1,success,50,0,72.706,1
50,0.6,5036,bot2,0,button_burned,43,0,28.139,0
50,0.6,5036,bot3,0,button_burned,43,0,32.139,0
50,0.6,5036,bot4 penalty=5,0,button_burned,43,0,72.222,0
50,0.6,5036,bot4 penalty=10,0,button_burned,43,0,73.773,0
50,0.6,5036,bot4 penalty=20,0,button_burned,43,0,77.971,0
50,0.6,5036,bot4 penalty=30,0,button_burned,43,0,75.714,0
50,0.6,5037,bot2,1,success,39,0,14.162,1
50,0.6,5037,bot3,1,success,39,0,15.815,1
50,0.6,5037,bot4 penalty=5,1,success,39,0,53.305,1
50,0.6,5037,bot4 penalty=10,1,success,39,0,52.583,1
50,0.6,5037,bot4 penalty=20,1,success,39,0,51.185,1
50,0.6,5037,bot4 penalty=30,1,success,39,0,70.289,1
50,0.6,5038,bot2,0,button_burned,22,0,9.22,0
50,0.6,5038,bot3,0,button_burned,22,2,11.653,0
50,0.6,5038,bot4 penalty=5,0,button_burned,22,0,37.088,0
50,0.6,5038,bot4 penalty=10,0,button_burned,22,2,39.39,0
50,0.6,5038,bot4 penalty=20,0,button_burned,22,3,43.215,0
50,0.6,5038,bot4 penalty=30,0,button_burned,22,3,42.155,0
50,0.6,5039,bot2,1,success,48,0,16.65,0
50,0.6,5039,bot3,1,success,48,0,20.414,0
50,0.6,5039,bot4 penalty=5,1,success,48,0,68.135,0
50,0.6,5039,bot4 penalty=10,1,success,48,0,67.012,0
50,0.6,5039,bot4 penalty=20,1,success,48,0,66.272,0
50,0.6,5039,bot4 penalty=30,1,success,48,0,80.286,0
50,0.6,5040,bot2,0,button_burned,31,0,28.389,0
50,0.6,5040,bot3,0,button_burned,31,2,29.86,0
50,0.6,5040,bot4 penalty=5,0,button_burned,31,0,53.597,0
50,0.6,5040,bot4 penalty=10,0,button_burned,31,0,55.084,0
50,0.6,5040,bot4 penalty=20,0,button_burned,31,0,56.728,0
50,0.6,5040,bot4 penalty=30,0,button_burned,31,0,56.879,0
50,0.6,5041,bot2,1,success,40,0,15.437,0
50,0.6,5041,bot3,1,success,40,0,18.461,0
50,0.6,5041,bot4 penalty=5,1,success,40,0,56.363,0
50,0.6,5041,bot4 penalty=10,1,success,40,0,56.713,0
50,0.6,5041,bot4 penalty=20,1,success,40,0,56.263,0
50,0.6,5041,bot4 penalty=30,1,success,40,0,55.87,0
50,0.6,5042,bot2,1,success,28,0,6.767,1
50,0.6,5042,bot3,1,success,28,0,7.563,1
50,0.6,5042,bot4 penalty=5,1,success,28,0,37.716,1
50,0.6,5042,bot4 penalty=10,1,success,28,0,36.747,1
50,0.6,5042,bot4 penalty=20,1,success,28,0,38.808,1
50,0.6,5042,bot4 penalty=30,1,success,28,0,39.965,1
50,0.6,5043,bot2,0,button_burned,34,0,12.374,0
50,0.6,5043,bot3,0,button_burned,34,1,14.754,0
50,0.6,5043,bot4 penalty=5,0,button_burned,34,1,51.737,0
50,0.6,5043,bot4 penalty=10,0,button_burned,34,3,63.885,0
50,0.6,5043,bot4 penalty=20,0,button_burned,34,3,57.644,0
50,0.6,5043,bot4 penalty=30,0,button_burned,34,3,54.342,0
50,0.6,5044,bot2,1,success,12,0,1.593,1
50,0.6,5044,bot3,1,success,12,0,1.821,1
50,0.6,5044,bot4 penalty=5,1,success,12,0,15.919,1
50,0.6,5044,bot4 penalty=10,1,success,12,0,15.306,1
50,0.6,5044,bot4 penalty=20,1,success,12,0,15.193,1
50,0.6,5044,bot4 penalty=30,1,success,12,0,15.811,1
50,0.6,5045,bot2,1,success,40,0,9.896,1
50,0.6,5045,bot3,1,success,40,0,12.041,1
50,0.6,5045,bot4 penalty=5,1,success,40,0,57.255,1
50,0.6,5045,bot4 penalty=10,1,success,40,0,56.836,1
50,0.6,5045,bot4 penalty=20,1,success,40,0,57.252,1
50,0.6,5045,bot4 penalty=30,1,success,40,0,54.927,1
50,0.6,5046,bot2,0,button_burned,38,0,16.532,0
50,0.6,5046,bot3,0,button_burned,38,0,18.226,0
50,0.6,5046,bot4 penalty=5,0,button_burned,38,0,55.164,0
50,0.6,5046,bot4 penalty=10,0,button_burned,38,0,52.095,0
50,0.6,5046,bot4 penalty=20,0,button_burned,38,0,51.338,0
50,0.6,5046,bot4 penalty=30,0,button_burned,38,0,53.087,0
50,0.6,5047,bot2,0,button_burned,18,0,5.158,0
50,0.6,5047,bot3,0,button_burned,18,0,5.901,0
50,0.6,5047,bot4 penalty=5,0,button_burned,18,0,31.284,0
50,0.6,5047,bot4 penalty=10,0,button_burned,18,0,33.251,0
50,0.6,5047,bot4 penalty=20,0,button_burned,18,0,30.116,0
50,0.6,5047,bot4 penalty=30,0,button_burned,18,0,31.082,0
50,0.6,5048,bot2,1,success,31,0,8.023,1
50,0.6,5048,bot3,1,success,31,0,11.543,1
50,0.6,5048,bot4 penalty=5,1,success,31,0,41.754,1
50,0.6,5048,bot4 penalty=10,1,success,31,0,41.187,1
50,0.6,5048,bot4 penalty=20,1,success,31,0,48.082,1
50,0.6,5048,bot4 penalty=30,1,success,31,0,43.792,1
50,0.6,5049,bot2,1,success,36,0,9.369,1
50,0.6,5049,bot3,1,success,36,0,11.539,1
50,0.6,5049,bot4 penalty=5,1,success,36,0,49.289,1
50,0.6,5049,bot4 penalty=10,1,success,36,0,47.294,1
50,0.6,5049,bot4 penalty=20,1,success,36,0,45.711,1
50,0.6,5049,bot4 penalty=30,1,success,36,0,46.681,1
50,0.6,5050,bot2,1,success,21,0,3.506,1
50,0.6,5050,bot3,1,success,21,0,3.993,1
50,0.6,5050,bot4 penalty=5,1,success,21,0,27.627,1
50,0.6,5050,bot4 penalty=10,1,success,21,0,27.7,1
50,0.6,5050,bot4 penalty=20,1,success,21,0,29.79,1
50,0.6,5050,bot4 penalty=30,1,success,21,0,28.754,1
50,0.6,5051,bot2,0,button_burned,24,0,23.547,0
50,0.6,5051,bot3,0,button_burned,24,0,25.286,0
50,0.6,5051,bot4 penalty=5,0,button_burned,24,2,43.557,0
50,0.6,5051,bot4 penalty=10,0,button_burned,24,2,65.186,0
50,0.6,5051,bot4 penalty=20,0,button_burned,24,2,77.995,0
50,0.6,5051,bot4 penalty=30,0,button_burned,24,2,50.308,0
50,0.6,5052,bot2,0,caught,45,0,38.142,0
50,0.6,5052,bot3,0,caught,46,1,41.258,0
50,0.6,5052,bot4 penalty=5,0,trapped,60,1,94.128,0
50,0.6,5052,bot4 penalty=10,0,trapped,60,4,123.694,0
50,0.6,5052,bot4 penalty=20,0,trapped,60,4,98.769,0
50,0.6,5052,bot4 penalty=30,0,trapped,60,5,95.982,0
50,0.6,5053,bot2,1,success,57,0,17.515,0
50,0.6,5053,bot3,1,success,57,0,23.933,0
50,0.6,5053,bot4 penalty=5,1,success,57,0,77.113,0
50,0.6,5053,bot4 penalty=10,1,success,57,0,74.077,0
50,0.6,5053,bot4 penalty=20,1,success,57,0,81.505,0
50,0.6,5053,bot4 penalty=30,1,success,57,0,78.6,0
50,0.6,5054,bot2,1,success,40,0,11.478,1
50,0.6,5054,bot3,1,success,40,0,12.892,1
50,0.6,5054,bot4 penalty=5,1,success,40,0,53.735,1
50,0.6,5054,bot4 penalty=10,1,success,40,0,52.268,1
50,0.6,5054,bot4 penalty=20,1,success,40,0,50.507,1
50,0.6,5054,bot4 penalty=30,1,success,40,0,74.684,1
50,0.6,5055,bot2,1,success,59,0,29.054,1
50,0.6,5055,bot3,1,success,59,0,35.044,1
50,0.6,5055,bot4 penalty=5,1,success,59,0,77.999,1
50,0.6,5055,bot4 penalty=10,1,success,59,0,76.738,1
50,0.6,5055,bot4 penalty=20,1,success,59,0,82.761,1
50,0.6,5055,bot4 penalty=30,1,success,59,0,84.092,1
50,0.6,5056,bot2,1,success,32,0,8.645,1
50,0.6,5056,bot3,1,success,32,0,10.973,1
50,0.6,5056,bot4 penalty=5,1,success,32,0,48.203,1
50,0.6,5056,bot4 penalty=10,1,success,32,0,51.436,1
50,0.6,5056,bot4 penalty=20,1,success,32,0,43.623,1
50,0.6,5056,bot4 penalty=30,1,success,32,0,40.728,1
50,0.6,5057,bot2,1,success,48,0,21.365,0
50,0.6,5057,bot3,1,success,48,0,24.57,0
50,0.6,5057,bot4 penalty=5,1,success,48,0,95.115,0
50,0.6,5057,bot4 penalty=10,1,success,48,0,70.874,0
50,0.6,5057,bot4 penalty=20,1,success,48,0,69.316,0
50,0.6,5057,bot4 penalty=30,1,success,48,0,73.43,0
50,0.6,5058,bot2,1,success,70,0,36.507,1
50,0.6,5058,bot3,1,success,70,0,44.686,1
50,0.6,5058,bot4 penalty=5,1,success,70,0,104.341,1
50,0.6,5058,bot4 penalty=10,1,success,70,0,106.064,1
50,0.6,5058,bot4 penalty=20,1,success,70,0,133.591,1
50,0.6,5058,bot4 penalty=30,1,success,70,0,108.889,1
50,0.6,5059,bot2,1,success,30,0,6.306,0
50,0.6,5059,bot3,0,trapped,40,2,19.253,0
50,0.6,5059,bot4 penalty=5,1,success,30,0,39.602,0
50,0.6,5059,bot4 penalty=10,1,success,30,0,40.18,0
50,0.6,5059,bot4 penalty=20,0,trapped,40,5,63.611,0
50,0.6,5059,bot4 penalty=30,0,trapped,40,6,65.719,0
50,0.6,5060,bot2,1,success,66,0,44.197,0
50,0.6,5060,bot3,1,success,66,0,40.614,0
50,0.6,5060,bot4 penalty=5,1,success,66,0,125.694,0
50,0.6,5060,bot4 penalty=10,1,success,66,0,125.439,0
50,0.6,5060,bot4 penalty=20,1,success,66,0,98.827,0
50,0.6,5060,bot4 penalty=30,1,success,66,0,105.805,0
50,0.6,5061,bot2,0,button_burned,17,0,12.453,0
50,0.6,5061,bot3,0,button_burned,17,0,11.56,0
50,0.6,5061,bot4 penalty=5,0,button_burned,17,0,29.3,0
50,0.6,5061,bot4 penalty=10,0,button_burned,17,0,30.434,0
50,0.6,5061,bot4 penalty=20,0,button_burned,17,0,32.617,0
50,0.6,5061,bot4 penalty=30,0,button_burned,17,0,34.751,0
50,0.6,5062,bot2,0,caught,36,0,26.614,0
50,0.6,5062,bot3,0,trapped,49,3,40.592,0
50,0.6,5062,bot4 penalty=5,0,trapped,49,4,77.503,0
50,0.6,5062,bot4 penalty=10,0,trapped,49,4,98.412,0
50,0.6,5062,bot4 penalty=20,0,trapped,49,4,103.365,0
50,0.6,5062,bot4 penalty=30,0,trapped,49,7,83.109,0
50,0.6,5063,bot2,0,trapped,11,0,10.98,0
50,0.6,5063,bot3,0,trapped,11,0,12.858,0
50,0.6,5063,bot4 penalty=5,0,trapped,11,0,32.439,0
50,0.6,5063,bot4 penalty=10,0,trapped,11,0,34.185,0
50,0.6,5063,bot4 penalty=20,0,trapped,11,1,35.401,0
50,0.6,5063,bot4 penalty=30,0,trapped,11,1,36.782,0
50,0.6,5064,bot2,1,success,42,0,18.713,1
50,0.6,5064,bot3,1,success,42,0,21.989,1
50,0.6,5064,bot4 penalty=5,1,success,42,0,55.883,1
50,0.6,5064,bot4 penalty=10,1,success,42,0,57.562,1
50,0.6,5064,bot4 penalty=20,1,success,42,0,58.322,1
50,0.6,5064,bot4 penalty=30,1,success,42,0,59.668,1
50,0.6,5065,bot2,1,success,54,0,20.496,1
50,0.6,5065,bot3,1,success,54,0,26.172,1
50,0.6,5065,bot4 penalty=5,1,success,54,0,79.12,1
50,0.6,5065,bot4 penalty=10,1,success,54,0,78.546,1
50,0.6,5065,bot4 penalty=20,1,success,54,0,78.559,1
50,0.6,5065,bot4 penalty=30,1,success,54,0,79.86,1
50,0.6,5066,bot2,0,trapped,34,0,30.593,0
50,0.6,5066,bot3,0,trapped,34,0,35.375,0
50,0.6,5066,bot4 penalty=5,0,trapped,34,0,52.653,0
50,0.6,5066,bot4 penalty=10,0,trapped,34,0,56.534,0
50,0.6,5066,bot4 penalty=20,0,trapped,34,0,61.245,0
50,0.6,5066,bot4 penalty=30,0,trapped,34,0,64.321,0
50,0.6,5067,bot2,1,success,23,0,4.288,1
50,0.6,5067,bot3,1,success,23,0,5.116,1
50,0.6,5067,bot4 penalty=5,1,success,23,0,30.634,1
50,0.6,5067,bot4 penalty=10,1,success,23,0,29.863,1
50,0.6,5067,bot4 penalty=20,1,success,23,0,29.391,1
50,0.6,5067,bot4 penalty=30,1,success,23,0,31.141,1
50,0.6,5068,bot2,1,success,73,0,45.788,0
50,0.6,5068,bot3,1,success,73,0,55.74,0
50,0.6,5068,bot4 penalty=5,1,success,73,0,108.528,0
50,0.6,5068,bot4 penalty=10,1,success,73,0,106.306,0
50,0.6,5068,bot4 penalty=20,1,success,73,0,108.473,0
50,0.6,5068,bot4 penalty=30,1,success,73,0,113.621,0
50,0.6,5069,bot2,1,success,25,0,4.044,1
50,0.6,5069,bot3,1,success,25,0,5.293,1
50,0.6,5069,bot4 penalty=5,1,success,25,0,33.472,1
50,0.6,5069,bot4 penalty=10,1,success,25,0,32.617,1
50,0.6,5069,bot4 penalty=20,1,success,25,0,33.396,1
50,0.6,5069,bot4 penalty=30,1,success,25,0,33.374,1
50,0.6,5070,bot2,0,trapped,43,0,40.752,0
50,0.6,5070,bot3,0,trapped,43,0,44.228,0
50,0.6,5070,bot4 penalty=5,0,trapped,43,2,125.712,0
50,0.6,5070,bot4 penalty=10,0,trapped,43,2,113.503,0
50,0.6,5070,bot4 penalty=20,0,trapped,43,2,124.273,0
50,0.6,5070,bot4 penalty=30,0,trapped,43,1,112.439,0
50,0.6,5071,bot2,0,trapped,24,0,17.964,0
50,0.6,5071,bot3,0,trapped,24,3,21.108,0
50,0.6,5071,bot4 penalty=5,0,trapped,24,4,40.776,0
50,0.6,5071,bot4 penalty=10,0,trapped,24,4,46.126,0
50,0.6,5071,bot4 penalty=20,0,trapped,24,4,48.828,0
50,0.6,5071,bot4 penalty=30,0,trapped,24,4,53.971,0
50,0.6,5072,bot2,0,trapped,20,0,12.606,0
50,0.6,5072,bot3,0,trapped,20,0,16.14,0
50,0.6,5072,bot4 penalty=5,0,trapped,20,0,37.149,0
50,0.6,5072,bot4 penalty=10,0,trapped,20,0,37.897,0
50,0.6,5072,bot4 penalty=20,0,trapped,20,0,40.316,0
50,0.6,5072,bot4 penalty=30,0,trapped,20,0,42.985,0
50,0.6,5073,bot2,1,success,20,0,3.868,1
50,0.6,5073,bot3,1,success,20,0,4.345,1
50,0.6,5073,bot4 penalty=5,1,success,20,0,27.214,1
50,0.6,5073,bot4 penalty=10,1,success,20,0,26.99,1
50,0.6,5073,bot4 penalty=20,1,success,20,0,26.527,1
50,0.6,5073,bot4 penalty=30,1,success,20,0,26.765,1
50,0.6,5074,bot2,0,trapped,26,0,17.14,0
50,0.6,5074,bot3,0,trapped,26,0,18.893,0
50,0.6,5074,bot4 penalty=5,0,trapped,26,0,46.78,0
50,0.6,5074,bot4 penalty=10,0,trapped,26,0,64.986,0
50,0.6,5074,bot4 penalty=20,0,trapped,26,0,52.307,0
50,0.6,5074,bot4 penalty=30,0,trapped,26,0,55.071,0
50,0.6,5075,bot2,0,button_burned,27,0,14.032,0
50,0.6,5075,bot3,0,button_burned,27,0,15.344,0
50,0.6,5075,bot4 penalty=5,0,button_burned,27,0,41.448,0
50,0.6,5075,bot4 penalty=10,0,button_burned,27,0,42.825,0
50,0.6,5075,bot4 penalty=20,0,button_burned,27,0,44.007,0
50,0.6,5075,bot4 penalty=30,0,button_burned,27,0,45.701,0
50,0.6,5076,bot2,1,success,18,0,2.476,1
50,0.6,5076,bot3,1,success,18,0,3.057,1
50,0.6,5076,bot4 penalty=5,1,success,18,0,23.502,1
50,0.6,5076,bot4 penalty=10,1,success,18,0,23.379,1
50,0.6,5076,bot4 penalty=20,1,success,18,0,22.379,1
50,0.6,5076,bot4 penalty=30,1,success,18,0,22.73,1
50,0.6,5077,bot2,0,caught,14,0,13.054,0
50,0.6,5077,bot3,0,trapped,61,3,56.852,0
50,0.6,5077,bot4 penalty=5,0,caught,14,0,24.37,0
50,0.6,5077,bot4 penalty=10,0,trapped,61,13,114.266,0
50,0.6,5077,bot4 penalty=20,0,trapped,61,12,115.993,0
50,0.6,5077,bot4 penalty=30,0,trapped,61,11,110.321,0
50,0.6,5078,bot2,1,success,48,0,20.345,0
50,0.6,5078,bot3,1,success,48,0,25.047,0
50,0.6,5078,bot4 penalty=5,1,success,48,0,61.273,0
50,0.6,5078,bot4 penalty=10,1,success,48,0,63.303,0
50,0.6,5078,bot4 penalty=20,1,success,48,0,63.409,0
50,0.6,5078,bot4 penalty=30,1,success,48,0,62.095,0
50,0.6,5079,bot2,0,button_burned,28,0,19.784,0
50,0.6,5079,bot3,0,button_burned,28,2,20.864,0
50,0.6,5079,bot4 penalty=5,0,button_burned,28,0,51.227,0
50,0.6,5079,bot4 penalty=10,0,button_burned,28,3,51.662,0
50,0.6,5079,bot4 penalty=20,0,button_burned,28,4,51.194,0
50,0.6,5079,bot4 penalty=30,0,button_burned,28,4,80.988,0
50,0.6,5080,bot2,1,success,12,0,1.58,1
50,0.6,5080,bot3,1,success,12,0,1.722,1
50,0.6,5080,bot4 penalty=5,1,success,12,0,15.606,1
50,0.6,5080,bot4 penalty=10,1,success,12,0,15.493,1
50,0.6,5080,bot4 penalty=20,1,success,12,0,15.185,1
50,0.6,5080,bot4 penalty=30,1,success,12,0,15.516,1
50,0.6,5081,bot2,0,trapped,30,0,20.687,0
50,0.6,5081,bot3,0,trapped,30,1,24.197,0
50,0.6,5081,bot4 penalty=5,0,trapped,30,0,51.745,0
50,0.6,5081,bot4 penalty=10,0,trapped,30,0,53.725,0
50,0.6,5081,bot4 penalty=20,0,trapped,30,4,55.096,0
50,0.6,5081,bot4 penalty=30,0,trapped,30,5,52.632,0
50,0.6,5082,bot2,0,trapped,18,0,8.706,0
50,0.6,5082,bot3,0,caught,18,1,8.865,0
50,0.6,5082,bot4 penalty=5,0,trapped,18,0,35.019,0
50,0.6,5082,bot4 penalty=10,0,trapped,18,0,36.024,0
50,0.6,5082,bot4 penalty=20,0,caught,18,1,36.252,0
50,0.6,5082,bot4 penalty=30,0,button_burned,22,7,54.296,0
50,0.6,5083,bot2,1,success,22,0,4.394,1
50,0.6,5083,bot3,1,success,22,0,5.638,1
50,0.6,5083,bot4 penalty=5,1,success,22,0,30.952,1
50,0.6,5083,bot4 penalty=10,1,success,22,0,30.858,1
50,0.6,5083,bot4 penalty=20,1,success,22,0,29.363,1
50,0.6,5083,bot4 penalty=30,1,success,22,0,30.473,1
50,0.6,5084,bot2,0,caught,47,0,29.673,0
50,0.6,5084,bot3,0,trapped,60,7,45.904,0
50,0.6,5084,bot4 penalty=5,1,success,54,1,79.297,0
50,0.6,5084,bot4 penalty=10,1,success,56,2,79.741,0
50,0.6,5084,bot4 penalty=20,1,success,58,3,81.225,0
50,0.6,5084,bot4 penalty=30,1,success,58,3,80.766,0
50,0.6,5085,bot2,0,button_burned,13,0,7.862,0
50,0.6,5085,bot3,0,button_burned,13,0,9.93,0
50,0.6,5085,bot4 penalty=5,0,button_burned,13,0,27.066,0
50,0.6,5085,bot4 penalty=10,0,button_burned,13,0,26.979,0
50,0.6,5085,bot4 penalty=20,0,button_burned,13,0,27.218,0
50,0.6,5085,bot4 penalty=30,0,button_burned,13,1,31.291,0
50,0.6,5086,bot2,0,trapped,16,0,7.474,0
50,0.6,5086,bot3,0,trapped,16,2,10.9,0
50,0.6,5086,bot4 penalty=5,0,trapped,16,5,30.382,0
50,0.6,5086,bot4 penalty=10,0,trapped,16,7,32.194,0
50,0.6,5086,bot4 penalty=20,0,trapped,16,7,37.27,0
50,0.6,5086,bot4 penalty=30,0,trapped,16,7,35.534,0
50,0.6,5087,bot2,1,success,22,0,4.216,1
50,0.6,5087,bot3,1,success,22,0,4.332,1
50,0.6,5087,bot4 penalty=5,1,success,22,0,28.386,1
50,0.6,5087,bot4 penalty=10,1,success,22,0,27.654,1
50,0.6,5087,bot4 penalty=20,1,success,22,0,29.174,1
50,0.6,5087,bot4 penalty=30,1,success,22,0,27.172,1
50,0.6,5088,bot2,1,success,62,0,28.4,0
50,0.6,5088,bot3,1,success,62,0,39.2,0
50,0.6,5088,bot4 penalty=5,1,success,62,0,79.818,0
50,0.6,5088,bot4 penalty=10,1,success,62,0,80.62,0
50,0.6,5088,bot4 penalty=20,1,success,62,0,80.036,0
50,0.6,5088,bot4 penalty=30,1,success,62,0,79.259,0
50,0.6,5089,bot2,1,success,61,0,25.295,0
50,0.6,5089,bot3,1,success,61,0,31.388,0
50,0.6,5089,bot4 penalty=5,1,success,61,0,83.896,0
50,0.6,5089,bot4 penalty=10,1,success,61,0,88.064,0
50,0.6,5089,bot4 penalty=20,1,success,61,0,96.334,0
50,0.6,5089,bot4 penalty=30,1,success,61,0,85.6,0
50,0.6,5090,bot2,0,button_burned,26,0,8.007,0
50,0.6,5090,bot3,0,button_burned,26,0,12.395,0
50,0.6,5090,bot4 penalty=5,0,button_burned,26,0,36.301,0
50,0.6,5090,bot4 penalty=10,0,button_burned,26,0,36.964,0
50,0.6,5090,bot4 penalty=20,0,button_burned,26,0,36.642,0
50,0.6,5090,bot4 penalty=30,0,button_burned,26,0,37.393,0
50,0.6,5091,bot2,1,success,49,0,19.762,0
50,0.6,5091,bot3,1,success,49,0,23.076,0
50,0.6,5091,bot4 penalty=5,1,success,49,0,66.757,0
50,0.6,5091,bot4 penalty=10,1,success,49,0,67.394,0
50,0.6,5091,bot4 penalty=20,1,success,49,0,67.285,0
50,0.6,5091,bot4 penalty=30,0,trapped,55,8,82.673,0
50,0.6,5092,bot2,0,caught,20,0,11.403,0
50,0.6,5092,bot3,0,trapped,28,2,15.44,0
50,0.6,5092,bot4 penalty=5,0,trapped,28,1,44.331,0
50,0.6,5092,bot4 penalty=10,0,trapped,28,1,42.36,0
50,0.6,5092,bot4 penalty=20,0,trapped,28,1,41.969,0
50,0.6,5092,bot4 penalty=30,0,trapped,28,1,43.201,0
50,0.6,5093,bot2,0,button_burned,24,0,17.602,0
50,0.6,5093,bot3,0,button_burned,24,0,20.661,0
50,0.6,5093,bot4 penalty=5,0,button_burned,24,0,37.817,0
50,0.6,5093,bot4 penalty=10,0,button_burned,24,0,35.545,0
50,0.6,5093,bot4 penalty=20,0,button_burned,24,0,35.52,0
50,0.6,5093,bot4 penalty=30,0,button_burned,24,0,38.641,0
50,0.6,5094,bot2,0,button_burned,15,0,10.795,0
50,0.6,5094,bot3,0,button_burned,15,0,11.931,0
50,0.6,5094,bot4 penalty=5,0,button_burned,15,0,25.302,0
50,0.6,5094,bot4 penalty=10,0,button_burned,15,0,25.924,0
50,0.6,5094,bot4 penalty=20,0,button_burned,15,0,28.003,0
50,0.6,5094,bot4 penalty=30,0,button_burned,15,0,29.971,0
50,0.6,5095,bot2,1,success,26,0,4.592,1
50,0.6,5095,bot3,1,success,26,0,5.197,1
50,0.6,5095,bot4 penalty=5,1,success,26,0,31.725,1
50,0.6,5095,bot4 penalty=10,1,success,26,0,34.1,1
50,0.6,5095,bot4 penalty=20,1,success,26,0,33.481,1
50,0.6,5095,bot4 penalty=30,1,success,26,0,36.235,1
50,0.6,5096,bot2,1,success,20,0,3.004,1
50,0.6,5096,bot3,1,success,20,0,3.544,1
50,0.6,5096,bot4 penalty=5,1,success,20,0,24.714,1
50,0.6,5096,bot4 penalty=10,1,success,20,0,26.052,1
50,0.6,5096,bot4 penalty=20,1,success,20,0,25.495,1
50,0.6,5096,bot4 penalty=30,1,success,20,0,25.496,1
50,0.6,5097,bot2,1,success,32,0,8.0,1
50,0.6,5097,bot3,1,success,32,0,9.79,1
50,0.6,5097,bot4 penalty=5,1,success,32,0,41.304,1
50,0.6,5097,bot4 penalty=10,1,success,32,0,40.175,1
50,0.6,5097,bot4 penalty=20,1,success,32,0,41.166,1
50,0.6,5097,bot4 penalty=30,1,success,32,0,43.986,1
50,0.6,5098,bot2,0,trapped,35,0,13.069,0
50,0.6,5098,bot3,0,trapped,35,0,17.82,0
50,0.6,5098,bot4 penalty=5,0,trapped,35,2,77.278,0
50,0.6,5098,bot4 penalty=10,0,trapped,35,2,52.028,0
50,0.6,5098,bot4 penalty=20,0,trapped,35,2,51.809,0
50,0.6,5098,bot4 penalty=30,0,trapped,35,2,52.574,0
50,0.6,5099,bot2,1,success,33,0,9.066,1
50,0.6,5099,bot3,1,success,33,0,10.304,1
50,0.6,5099,bot4 penalty=5,1,success,33,0,47.953,1
50,0.6,5099,bot4 penalty=10,1,success,33,0,47.499,1
50,0.6,5099,bot4 penalty=20,1,success,33,0,47.216,1
50,0.6,5099,bot4 penalty=30,1,success,33,0,44.748,1
50,0.6,5100,bot2,1,success,22,0,3.553,1
50,0.6,5100,bot3,1,success,22,0,3.996,1
50,0.6,5100,bot4 penalty=5,1,success,22,0,28.002,1
50,0.6,5100,bot4 penalty=10,1,success,22,0,27.539,1
50,0.6,5100,bot4 penalty=20,1,success,22,0,28.24,1
50,0.6,5100,bot4 penalty=30,1,success,22,0,28.235,1
50,0.6,5101,bot2,1,success,29,0,6.765,0
50,0.6,5101,bot3,1,success,29,0,8.156,0
50,0.6,5101,bot4 penalty=5,1,success,29,0,38.31,0
50,0.6,5101,bot4 penalty=10,1,success,29,0,36.142,0
50,0.6,5101,bot4 penalty=20,1,success,29,0,35.233,0
50,0.6,5101,bot4 penalty=30,1,success,29,0,36.393,0
50,0.6,5102,bot2,0,button_burned,26,0,21.846,0
50,0.6,5102,bot3,0,button_burned,26,0,26.011,0
50,0.6,5102,bot4 penalty=5,0,button_burned,26,0,61.501,0
50,0.6,5102,bot4 penalty=10,0,button_burned,26,0,60.436,0
50,0.6,5102,bot4 penalty=20,0,button_burned,26,0,58.559,0
50,0.6,5102,bot4 penalty=30,0,button_burned,26,0,64.02,0
50,0.6,5103,bot2,1,success,66,0,36.996,1
50,0.6,5103,bot3,1,success,66,0,52.814,1
50,0.6,5103,bot4 penalty=5,1,success,66,0,126.483,1
50,0.6,5103,bot4 penalty=10,1,success,66,0,105.249,1
50,0.6,5103,bot4 penalty=20,1,success,66,0,107.936,1
50,0.6,5103,bot4 penalty=30,1,success,66,0,102.562,1
50,0.6,5104,bot2,1,success,54,0,23.856,0
50,0.6,5104,bot3,1,success,54,0,29.037,0
50,0.6,5104,bot4 penalty=5,1,success,54,0,77.356,0
50,0.6,5104,bot4 penalty=10,1,success,54,0,77.089,0
50,0.6,5104,bot4 penalty=20,1,success,54,0,76.221,0
50,0.6,5104,bot4 penalty=30,1,success,54,0,103.088,0
50,0.6,5105,bot2,0,button_burned,23,0,11.574,0
50,0.6,5105,bot3,0,button_burned,23,0,13.404,0
50,0.6,5105,bot4 penalty=5,0,button_burned,23,0,34.943,0
50,0.6,5105,bot4 penalty=10,0,button_burned,23,0,35.704,0
50,0.6,5105,bot4 penalty=20,0,button_burned,23,0,36.718,0
50,0.6,5105,bot4 penalty=30,0,button_burned,23,0,37.972,0
50,0.6,5106,bot2,0,caught,81,0,65.239,0
50,0.6,5106,bot3,0,trapped,84,1,80.136,0
50,0.6,5106,bot4 penalty=5,0,trapped,84,3,148.003,0
50,0.6,5106,bot4 penalty=10,0,trapped,84,3,141.018,0
50,0.6,5106,bot4 penalty=20,0,trapped,84,3,141.256,0
50,0.6,5106,bot4 penalty=30,0,trapped,84,3,186.947,0
50,0.6,5107,bot2,0,trapped,27,0,14.29,0
50,0.6,5107,bot3,0,trapped,27,1,16.203,0
50,0.6,5107,bot4 penalty=5,0,trapped,27,1,43.859,0
50,0.6,5107,bot4 penalty=10,0,trapped,27,1,57.428,0
50,0.6,5107,bot4 penalty=20,0,trapped,27,3,56.482,0
50,0.6,5107,bot4 penalty=30,0,trapped,27,3,51.792,0
50,0.6,5108,bot2,1,success,31,0,8.237,1
50,0.6,5108,bot3,1,success,31,0,9.317,1
50,0.6,5108,bot4 penalty=5,1,success,31,0,38.498,1
50,0.6,5108,bot4 penalty=10,1,success,31,0,40.99,1
50,0.6,5108,bot4 penalty=20,1,success,31,0,40.536,1
50,0.6,5108,bot4 penalty=30,1,success,31,0,39.981,1
50,0.6,5109,bot2,1,success,65,0,35.455,0
50,0.6,5109,bot3,1,success,65,0,43.108,0
50,0.6,5109,bot4 penalty=5,1,success,65,0,97.817,0
50,0.6,5109,bot4 penalty=10,1,success,65,0,102.401,0
50,0.6,5109,bot4 penalty=20,1,success,65,0,88.903,0
50,0.6,5109,bot4 penalty=30,0,trapped,65,9,94.261,0
50,0.6,5110,bot2,1,success,47,0,18.821,0
50,0.6,5110,bot3,1,success,47,0,23.621,0
50,0.6,5110,bot4 penalty=5,1,success,47,0,59.092,0
50,0.6,5110,bot4 penalty=10,1,success,47,0,60.296,0
50,0.6,5110,bot4 penalty=20,1,success,47,0,66.082,0
50,0.6,5110,bot4 penalty=30,1,success,47,0,64.599,0
50,0.6,5111,bot2,1,success,58,0,27.137,1
50,0.6,5111,bot3,1,success,58,0,31.564,1
50,0.6,5111,bot4 penalty=5,1,success,58,0,86.68,1
50,0.6,5111,bot4 penalty=10,1,success,58,0,94.374,1
50,0.6,5111,bot4 penalty=20,1,success,58,0,90.705,1
50,0.6,5111,bot4 penalty=30,1,success,58,0,108.6,1
50,0.6,5112,bot2,1,success,12,0,1.654,1
50,0.6,5112,bot3,1,success,12,0,1.813,1
50,0.6,5112,bot4 penalty=5,1,success,12,0,15.628,1
50,0.6,5112,bot4 penalty=10,1,success,12,0,17.363,1
50,0.6,5112,bot4 penalty=20,1,success,12,0,16.677,1
50,0.6,5112,bot4 penalty=30,1,success,12,0,16.158,1
50,0.6,5113,bot2,1,success,21,0,3.491,1
50,0.6,5113,bot3,1,success,21,0,4.208,1
50,0.6,5113,bot4 penalty=5,1,success,21,0,27.432,1
50,0.6,5113,bot4 penalty=10,1,success,21,0,27.992,1
50,0.6,5113,bot4 penalty=20,1,success,21,0,31.629,1
50,0.6,5113,bot4 penalty=30,1,success,21,0,38.392,1
50,0.6,5114,bot2,1,success,36,0,11.595,0
50,0.6,5114,bot3,1,success,36,0,12.383,0
50,0.6,5114,bot4 penalty=5,1,success,36,0,50.851,0
50,0.6,5114,bot4 penalty=10,1,success,36,0,53.26,0
50,0.6,5114,bot4 penalty=20,1,success,36,0,64.528,0
50,0.6,5114,bot4 penalty=30,1,success,36,0,51.716,0
50,0.6,5115,bot2,1,success,27,0,6.246,1
50,0.6,5115,bot3,1,success,27,0,7.231,1
50,0.6,5115,bot4 penalty=5,1,success,27,0,35.316,1
50,0.6,5115,bot4 penalty=10,1,success,27,0,37.11,1
50,0.6,5115,bot4 penalty=20,1,success,27,0,36.214,1
50,0.6,5115,bot4 penalty=30,1,success,27,0,33.783,1
50,0.6,5116,bot2,1,success,31,0,6.269,0
50,0.6,5116,bot3,1,success,31,0,7.944,0
50,0.6,5116,bot4 penalty=5,1,success,35,2,47.881,0
50,0.6,5116,bot4 penalty=10,1,success,37,3,50.115,0
50,0.6,5116,bot4 penalty=20,1,success,39,4,50.835,0
50,0.6,5116,bot4 penalty=30,1,success,39,4,52.003,0
50,0.6,5117,bot2,1,success,21,0,3.586,1
50,0.6,5117,bot3,1,success,21,0,3.61,1
50,0.6,5117,bot4 penalty=5,1,success,21,0,27.733,1
50,0.6,5117,bot4 penalty=10,1,success,21,0,26.265,1
50,0.6,5117,bot4 penalty=20,1,success,21,0,26.143,1
50,0.6,5117,bot4 penalty=30,1,success,21,0,26.489,1
50,0.6,5118,bot2,1,success,51,0,21.873,1
50,0.6,5118,bot3,1,success,51,0,27.049,1
50,0.6,5118,bot4 penalty=5,1,success,51,0,67.92,1
50,0.6,5118,bot4 penalty=10,1,success,51,0,69.923,1
50,0.6,5118,bot4 penalty=20,1,success,51,0,94.924,1
50,0.6,5118,bot4 penalty=30,1,success,51,0,79.718,1
50,0.6,5119,bot2,1,success,11,0,1.438,1
50,0.6,5119,bot3,1,success,11,0,1.554,1
50,0.6,5119,bot4 penalty=5,1,success,11,0,14.57,1
50,0.6,5119,bot4 penalty=10,1,success,11,0,15.281,1
50,0.6,5119,bot4 penalty=20,1,success,11,0,14.777,1
50,0.6,5119,bot4 penalty=30,1,success,11,0,14.649,1
50,0.6,5120,bot2,1,success,30,0,6.489,1
50,0.6,5120,bot3,1,success,30,0,7.245,1
50,0.6,5120,bot4 penalty=5,1,success,30,0,39.995,1
50,0.6,5120,bot4 penalty=10,1,success,30,0,43.392,1
50,0.6,5120,bot4 penalty=20,1,success,30,0,47.537,1
50,0.6,5120,bot4 penalty=30,1,success,30,0,45.272,1
50,0.6,5121,bot2,0,button_burned,34,0,24.945,0
50,0.6,5121,bot3,0,button_burned,34,0,22.913,0
50,0.6,5121,bot4 penalty=5,0,button_burned,34,0,55.995,0
50,0.6,5121,bot4 penalty=10,0,button_burned,34,0,58.686,0
50,0.6,5121,bot4 penalty=20,0,button_burned,34,0,64.667,0
50,0.6,5121,bot4 penalty=30,0,button_burned,34,4,77.041,0
50,0.6,5122,bot2,1,success,35,0,11.669,0
50,0.6,5122,bot3,1,success,35,0,10.944,0
50,0.6,5122,bot4 penalty=5,1,success,35,0,50.232,0
50,0.6,5122,bot4 penalty=10,1,success,35,0,50.361,0
50,0.6,5122,bot4 penalty=20,1,success,35,0,51.729,0
50,0.6,5122,bot4 penalty=30,1,success,35,0,49.899,0
50,0.6,5123,bot2,1,success,48,0,17.15,0
50,0.6,5123,bot3,1,success,48,0,22.849,0
50,0.6,5123,bot4 penalty=5,1,success,48,0,78.452,0
50,0.6,5123,bot4 penalty=10,1,success,48,0,74.602,0
50,0.6,5123,bot4 penalty=20,1,success,48,0,68.664,0
50,0.6,5123,bot4 penalty=30,1,success,48,0,67.529,0
50,0.6,5124,bot2,0,button_burned,15,0,6.337,0
50,0.6,5124,bot3,0,button_burned,15,1,8.211,0
50,0.6,5124,bot4 penalty=5,0,button_burned,15,1,24.47,0
50,0.6,5124,bot4 penalty=10,0,button_burned,15,1,25.198,0
50,0.6,5124,bot4 penalty=20,0,button_burned,15,1,29.505,0
50,0.6,5124,bot4 penalty=30,0,button_burned,15,1,30.542,0
50,0.6,5125,bot2,0,trapped,32,0,28.914,0
50,0.6,5125,bot3,0,trapped,32,2,30.336,0
50,0.6,5125,bot4 penalty=5,0,trapped,32,1,70.594,0
50,0.6,5125,bot4 penalty=10,0,trapped,32,4,68.444,0
50,0.6,5125,bot4 penalty=20,0,trapped,32,4,84.842,0
50,0.6,5125,bot4 penalty=30,0,trapped,32,4,73.327,0
50,0.6,5126,bot2,1,success,52,0,27.029,1
50,0.6,5126,bot3,1,success,52,0,30.862,1
50,0.6,5126,bot4 penalty=5,1,success,52,0,74.509,1
50,0.6,5126,bot4 penalty=10,1,success,52,0,73.384,1
50,0.6,5126,bot4 penalty=20,1,success,52,0,72.372,1
50,0.6,5126,bot4 penalty=30,1,success,52,0,72.464,1
50,0.6,5127,bot2,1,success,1,0,0.097,1
50,0.6,5127,bot3,1,success,1,0,0.088,1
50,0.6,5127,bot4 penalty=5,1,success,1,0,1.231,1
50,0.6,5127,bot4 penalty=10,1,success,1,0,1.172,1
50,0.6,5127,bot4 penalty=20,1,success,1,0,1.244,1
50,0.6,5127,bot4 penalty=30,1,success,1,0,1.309,1
50,0.6,5128,bot2,1,success,6,0,0.691,1
50,0.6,5128,bot3,1,success,6,0,0.707,1
50,0.6,5128,bot4 penalty=5,1,success,6,0,8.422,1
50,0.6,5128,bot4 penalty=10,1,success,6,0,8.783,1
50,0.6,5128,bot4 penalty=20,1,success,6,0,9.087,1
50,0.6,5128,bot4 penalty=30,1,success,6,0,9.229,1
50,0.6,5129,bot2,1,success,26,0,5.937,1
50,0.6,5129,bot3,1,success,26,0,6.569,1
50,0.6,5129,bot4 penalty=5,1,success,26,0,47.737,1
50,0.6,5129,bot4 penalty=10,1,success,26,0,36.402,1
50,0.6,5129,bot4 penalty=20,1,success,26,0,36.909,1
50,0.6,5129,bot4 penalty=30,1,success,26,0,41.446,1
50,0.6,5130,bot2,0,button_burned,24,0,10.755,0
50,0.6,5130,bot3,0,button_burned,24,0,14.966,0
50,0.6,5130,bot4 penalty=5,0,button_burned,24,0,45.05,0
50,0.6,5130,bot4 penalty=10,0,button_burned,24,0,39.245,0
50,0.6,5130,bot4 penalty=20,0,button_burned,24,0,44.833,0
50,0.6,5130,bot4 penalty=30,0,button_burned,24,0,56.654,0
50,0.6,5131,bot2,1,success,47,0,26.058,1
50,0.6,5131,bot3,1,success,47,0,25.219,1
50,0.6,5131,bot4 penalty=5,1,success,47,0,78.768,1
50,0.6,5131,bot4 penalty=10,1,success,47,0,64.055,1
50,0.6,5131,bot4 penalty=20,1,success,47,0,68.088,1
50,0.6,5131,bot4 penalty=30,1,success,47,0,63.991,1
50,0.6,5132,bot2,1,success,35,0,11.888,1
50,0.6,5132,bot3,1,success,35,0,18.297,1
50,0.6,5132,bot4 penalty=5,1,success,35,0,61.251,1
50,0.6,5132,bot4 penalty=10,1,success,35,0,46.324,1
50,0.6,5132,bot4 penalty=20,1,success,35,0,48.835,1
50,0.6,5132,bot4 penalty=30,1,success,35,0,47.716,1
50,0.6,5133,bot2,1,success,40,0,11.974,1
50,0.6,5133,bot3,1,success,40,0,14.847,1
50,0.6,5133,bot4 penalty=5,1,success,40,0,57.194,1
50,0.6,5133,bot4 penalty=10,1,success,40,0,54.454,1
50,0.6,5133,bot4 penalty=20,1,success,40,0,53.519,1
50,0.6,5133,bot4 penalty=30,1,success,40,0,53.751,1
50,0.6,5134,bot2,1,success,15,0,2.363,1
50,0.6,5134,bot3,1,success,15,0,2.412,1
50,0.6,5134,bot4 penalty=5,1,success,15,0,18.245,1
50,0.6,5134,bot4 penalty=10,1,success,15,0,19.792,1
50,0.6,5134,bot4 penalty=20,1,success,15,0,18.759,1
50,0.6,5134,bot4 penalty=30,1,success,15,0,19.322,1
50,0.6,5135,bot2,1,success,56,0,35.421,0
50,0.6,5135,bot3,1,success,56,0,37.917,0
50,0.6,5135,bot4 penalty=5,1,success,56,0,97.673,0
50,0.6,5135,bot4 penalty=10,1,success,56,0,91.272,0
50,0.6,5135,bot4 penalty=20,0,caught,56,4,81.671,0
50,0.6,5135,bot4 penalty=30,0,caught,56,4,82.108,0
50,0.6,5136,bot2,1,success,66,0,30.121,1
50,0.6,5136,bot3,1,success,66,0,35.968,1
50,0.6,5136,bot4 penalty=5,1,success,66,0,92.201,1
50,0.6,5136,bot4 penalty=10,1,success,66,0,91.646,1
50,0.6,5136,bot4 penalty=20,1,success,66,0,91.117,1
50,0.6,5136,bot4 penalty=30,1,success,66,0,93.212,1
50,0.6,5137,bot2,0,trapped,13,0,10.961,0
50,0.6,5137,bot3,0,trapped,13,0,14.323,0
50,0.6,5137,bot4 penalty=5,0,trapped,13,0,28.002,0
50,0.6,5137,bot4 penalty=10,0,trapped,13,0,29.903,0
50,0.6,5137,bot4 penalty=20,0,trapped,13,0,33.28,0
50,0.6,5137,bot4 penalty=30,0,trapped,13,0,35.344,0
50,0.6,5138,bot2,1,success,14,0,1.732,1
50,0.6,5138,bot3,1,success,14,0,1.985,1
50,0.6,5138,bot4 penalty=5,1,success,14,0,17.429,1
50,0.6,5138,bot4 penalty=10,1,success,14,0,17.509,1
50,0.6,5138,bot4 penalty=20,1,success,14,0,16.948,1
50,0.6,5138,bot4 penalty=30,1,success,14,0,17.107,1
50,0.6,5139,bot2,1,success,78,0,44.443,1
50,0.6,5139,bot3,1,success,78,0,56.539,1
50,0.6,5139,bot4 penalty=5,1,success,78,0,159.564,1
50,0.6,5139,bot4 penalty=10,1,success,78,0,121.808,1
50,0.6,5139,bot4 penalty=20,1,success,78,0,126.761,1
50,0.6,5139,bot4 penalty=30,1,success,78,0,119.013,1
50,0.6,5140,bot2,1,success,15,0,2.712,1
50,0.6,5140,bot3,1,success,15,0,2.258,1
50,0.6,5140,bot4 penalty=5,1,success,15,0,20.604,1
50,0.6,5140,bot4 penalty=10,1,success,15,0,20.262,1
50,0.6,5140,bot4 penalty=20,1,success,15,0,19.759,1
50,0.6,5140,bot4 penalty=30,1,success,15,0,19.166,1
50,0.6,5141,bot2,0,trapped,37,0,21.388,0
50,0.6,5141,bot3,0,trapped,37,0,23.847,0
50,0.6,5141,bot4 penalty=5,0,trapped,37,0,61.427,0
50,0.6,5141,bot4 penalty=10,0,trapped,37,0,64.941,0
50,0.6,5141,bot4 penalty=20,0,trapped,37,0,65.755,0
50,0.6,5141,bot4 penalty=30,0,trapped,37,0,77.111,0
50,0.6,5142,bot2,1,success,39,0,11.283,1
50,0.6,5142,bot3,1,success,39,0,13.221,1
50,0.6,5142,bot4 penalty=5,1,success,39,0,58.32,1
50,0.6,5142,bot4 penalty=10,1,success,39,0,56.091,1
50,0.6,5142,bot4 penalty=20,1,success,39,0,51.563,1
50,0.6,5142,bot4 penalty=30,1,success,39,0,52.526,1
50,0.6,5143,bot2,1,success,29,0,6.196,1
50,0.6,5143,bot3,1,success,29,0,7.764,1
50,0.6,5143,bot4 penalty=5,1,success,29,0,37.389,1
50,0.6,5143,bot4 penalty=10,1,success,29,0,38.033,1
50,0.6,5143,bot4 penalty=20,1,success,29,0,38.183,1
50,0.6,5143,bot4 penalty=30,1,success,29,0,37.947,1
50,0.6,5144,bot2,1,success,55,0,24.796,1
50,0.6,5144,bot3,1,success,55,0,29.441,1
50,0.6,5144,bot4 penalty=5,1,success,55,0,74.863,1
50,0.6,5144,bot4 penalty=10,1,success,55,0,71.315,1
50,0.6,5144,bot4 penalty=20,1,success,55,0,76.44,1
50,0.6,5144,bot4 penalty=30,1,success,55,0,80.569,1
50,0.6,5145,bot2,0,button_burned,41,0,33.995,0
50,0.6,5145,bot3,0,button_burned,41,0,35.061,0
50,0.6,5145,bot4 penalty=5,0,button_burned,41,0,71.459,0
50,0.6,5145,bot4 penalty=10,0,button_burned,41,0,73.742,0
50,0.6,5145,bot4 penalty=20,0,button_burned,41,0,69.816,0
50,0.6,5145,bot4 penalty=30,0,button_burned,41,0,73.451,0
50,0.6,5146,bot2,1,success,62,0,25.707,0
50,0.6,5146,bot3,1,success,62,0,32.811,0
50,0.6,5146,bot4 penalty=5,1,success,62,0,91.696,0
50,0.6,5146,bot4 penalty=10,1,success,62,0,86.635,0
50,0.6,5146,bot4 penalty=20,1,success,62,0,89.618,0
50,0.6,5146,bot4 penalty=30,1,success,62,0,91.733,0
50,0.6,5147,bot2,1,success,28,0,6.308,0
50,0.6,5147,bot3,1,success,28,0,7.706,0
50,0.6,5147,bot4 penalty=5,1,success,28,0,35.63,0
50,0.6,5147,bot4 penalty=10,1,success,28,0,37.802,0
50,0.6,5147,bot4 penalty=20,1,success,28,0,35.436,0
50,0.6,5147,bot4 penalty=30,1,success,28,0,37.683,0
50,0.6,5148,bot2,0,button_burned,9,0,4.856,0
50,0.6,5148,bot3,0,button_burned,9,0,8.982,0
50,0.6,5148,bot4 penalty=5,0,button_burned,9,0,18.919,0
50,0.6,5148,bot4 penalty=10,0,button_burned,9,0,21.586,0
50,0.6,5148,bot4 penalty=20,0,button_burned,9,0,25.562,0
50,0.6,5148,bot4 penalty=30,0,button_burned,9,0,28.727,0
50,0.6,5149,bot2,1,success,57,0,31.305,1
50,0.6,5149,bot3,1,success,57,0,40.462,1
50,0.6,5149,bot4 penalty=5,1,success,57,0,88.392,1
50,0.6,5149,bot4 penalty=10,1,success,57,0,85.24,1
50,0.6,5149,bot4 penalty=20,1,success,57,0,92.254,1
50,0.6,5149,bot4 penalty=30,1,success,57,0,93.066,1
50,0.6,5150,bot2,1,success,41,0,14.275,1
50,0.6,5150,bot3,1,success,41,0,16.709,1
50,0.6,5150,bot4 penalty=5,1,success,41,0,57.394,1
50,0.6,5150,bot4 penalty=10,1,success,41,0,56.056,1
50,0.6,5150,bot4 penalty=20,1,success,41,0,56.712,1
50,0.6,5150,bot4 penalty=30,1,success,41,0,55.474,1
50,0.6,5151,bot2,1,success,38,0,10.725,1
50,0.6,5151,bot3,1,success,38,0,13.621,1
50,0.6,5151,bot4 penalty=5,1,success,38,0,53.571,1
50,0.6,5151,bot4 penalty=10,1,success,38,0,58.019,1
50,0.6,5151,bot4 penalty=20,1,success,38,0,58.13,1
50,0.6,5151,bot4 penalty=30,1,success,38,0,57.274,1
50,0.6,5152,bot2,0,button_burned,47,0,36.586,0
50,0.6,5152,bot3,0,button_burned,47,0,41.938,0
50,0.6,5152,bot4 penalty=5,0,button_burned,47,0,91.968,0
50,0.6,5152,bot4 penalty=10,0,button_burned,47,0,92.474,0
50,0.6,5152,bot4 penalty=20,0,button_burned,47,0,91.914,0
50,0.6,5152,bot4 penalty=30,0,button_burned,47,0,96.978,0
50,0.6,5153,bot2,1,success,32,0,5.98,0
50,0.6,5153,bot3,1,success,32,0,7.42,0
50,0.6,5153,bot4 penalty=5,1,success,32,0,42.625,0
50,0.6,5153,bot4 penalty=10,1,success,32,0,44.827,0
50,0.6,5153,bot4 penalty=20,1,success,32,0,42.232,0
50,0.6,5153,bot4 penalty=30,1,success,32,0,40.512,0
50,0.6,5154,bot2,1,success,43,0,11.576,1
50,0.6,5154,bot3,1,success,43,0,14.387,1
50,0.6,5154,bot4 penalty=5,1,success,43,0,56.159,1
50,0.6,5154,bot4 penalty=10,1,success,43,0,56.227,1
50,0.6,5154,bot4 penalty=20,1,success,43,0,57.666,1
50,0.6,5154,bot4 penalty=30,1,success,43,0,55.465,1
50,0.6,5155,bot2,1,success,16,0,2.415,0
50,0.6,5155,bot3,1,success,16,0,2.605,0
50,0.6,5155,bot4 penalty=5,1,success,16,0,20.59,0
50,0.6,5155,bot4 penalty=10,1,success,16,0,20.264,0
50,0.6,5155,bot4 penalty=20,1,success,16,0,19.851,0
50,0.6,5155,bot4 penalty=30,1,success,16,0,20.782,0
50,0.6,5156,bot2,0,caught,28,0,20.445,0
50,0.6,5156,bot3,1,success,64,1,40.59,0
50,0.6,5156,bot4 penalty=5,1,success,60,0,83.758,0
50,0.6,5156,bot4 penalty=10,1,success,60,0,79.985,0
50,0.6,5156,bot4 penalty=20,1,success,60,0,78.726,0
50,0.6,5156,bot4 penalty=30,1,success,60,0,77.677,0
50,0.6,5157,bot2,1,success,12,0,1.422,1
50,0.6,5157,bot3,1,success,12,0,1.659,1
50,0.6,5157,bot4 penalty=5,1,success,12,0,15.627,1
50,0.6,5157,bot4 penalty=10,1,success,12,0,15.262,1
50,0.6,5157,bot4 penalty=20,1,success,12,0,14.121,1
50,0.6,5157,bot4 penalty=30,1,success,12,0,14.505,1
50,0.6,5158,bot2,1,success,39,0,9.175,0
50,0.6,5158,bot3,1,success,39,0,11.653,0
50,0.6,5158,bot4 penalty=5,1,success,39,0,51.458,0
50,0.6,5158,bot4 penalty=10,1,success,39,0,53.74,0
50,0.6,5158,bot4 penalty=20,1,success,39,0,52.746,0
50,0.6,5158,bot4 penalty=30,1,success,39,0,51.275,0
50,0.6,5159,bot2,1,success,21,0,3.53,1
50,0.6,5159,bot3,1,success,21,0,4.433,1
50,0.6,5159,bot4 penalty=5,1,success,21,0,27.253,1
50,0.6,5159,bot4 penalty=10,1,success,21,0,27.361,1
50,0.6,5159,bot4 penalty=20,1,success,21,0,26.961,1
50,0.6,5159,bot4 penalty=30,1,success,21,0,26.212,1
50,0.6,5160,bot2,1,success,55,0,23.049,1
50,0.6,5160,bot3,1,success,55,0,31.004,1
50,0.6,5160,bot4 penalty=5,1,success,55,0,75.913,1
50,0.6,5160,bot4 penalty=10,1,success,55,0,74.761,1
50,0.6,5160,bot4 penalty=20,1,success,55,0,93.062,1
50,0.6,5160,bot4 penalty=30,1,success,55,0,78.647,1
50,0.6,5161,bot2,1,success,17,0,2.564,1
50,0.6,5161,bot3,1,success,17,0,2.989,1
50,0.6,5161,bot4 penalty=5,1,success,17,0,21.764,1
50,0.6,5161,bot4 penalty=10,1,success,17,0,21.958,1
50,0.6,5161,bot4 penalty=20,1,success,17,0,21.27,1
50,0.6,5161,bot4 penalty=30,1,success,17,0,25.959,1
50,0.6,5162,bot2,1,success,63,0,35.344,1
50,0.6,5162,bot3,1,success,63,0,41.703,1
50,0.6,5162,bot4 penalty=5,1,success,63,0,88.094,1
50,0.6,5162,bot4 penalty=10,1,success,63,0,88.078,1
50,0.6,5162,bot4 penalty=20,1,success,63,0,88.77,1
50,0.6,5162,bot4 penalty=30,1,success,63,0,87.804,1
50,0.6,5163,bot2,1,success,65,0,53.24,1
50,0.6,5163,bot3,1,success,65,0,43.985,1
50,0.6,5163,bot4 penalty=5,1,success,65,0,90.07,1
50,0.6,5163,bot4 penalty=10,1,success,65,0,88.351,1
50,0.6,5163,bot4 penalty=20,1,success,65,0,88.316,1
50,0.6,5163,bot4 penalty=30,1,success,65,0,98.759,1
50,0.6,5164,bot2,0,trapped,19,0,16.076,0
50,0.6,5164,bot3,0,trapped,19,0,21.91,0
50,0.6,5164,bot4 penalty=5,0,trapped,19,1,37.016,0
50,0.6,5164,bot4 penalty=10,0,trapped,19,5,41.841,0
50,0.6,5164,bot4 penalty=20,0,trapped,19,4,41.515,0
50,0.6,5164,bot4 penalty=30,0,trapped,19,4,44.653,0
50,0.6,5165,bot2,0,trapped,28,0,14.067,0
50,0.6,5165,bot3,0,trapped,28,0,15.946,0
50,0.6,5165,bot4 penalty=5,0,trapped,28,0,43.167,0
50,0.6,5165,bot4 penalty=10,0,trapped,28,0,47.01,0
50,0.6,5165,bot4 penalty=20,0,trapped,28,0,47.122,0
50,0.6,5165,bot4 penalty=30,0,trapped,28,0,50.575,0
50,0.6,5166,bot2,1,success,42,0,12.722,0
50,0.6,5166,bot3,1,success,42,0,15.127,0
50,0.6,5166,bot4 penalty=5,1,success,42,0,59.664,0
50,0.6,5166,bot4 penalty=10,1,success,44,1,63.902,0
50,0.6,5166,bot4 penalty=20,1,success,44,1,65.447,0
50,0.6,5166,bot4 penalty=30,1,success,44,1,64.202,0
50,0.6,5167,bot2,0,button_burned,26,0,17.285,0
50,0.6,5167,bot3,0,button_burned,26,4,19.074,0
50,0.6,5167,bot4 penalty=5,0,button_burned,26,2,46.245,0
50,0.6,5167,bot4 penalty=10,0,button_burned,26,5,46.557,0
50,0.6,5167,bot4 penalty=20,0,button_burned,26,9,50.145,0
50,0.6,5167,bot4 penalty=30,0,button_burned,26,11,51.106,0
50,0.6,5168,bot2,1,success,50,0,22.825,1
50,0.6,5168,bot3,1,success,50,0,28.07,1
50,0.6,5168,bot4 penalty=5,1,success,50,0,68.475,1
50,0.6,5168,bot4 penalty=10,1,success,50,0,68.057,1
50,0.6,5168,bot4 penalty=20,1,success,50,0,68.759,1
50,0.6,5168,bot4 penalty=30,1,success,50,0,70.206,1
50,0.6,5169,bot2,0,button_burned,11,0,5.704,0
50,0.6,5169,bot3,0,button_burned,11,0,8.346,0
50,0.6,5169,bot4 penalty=5,0,button_burned,11,0,17.835,0
50,0.6,5169,bot4 penalty=10,0,button_burned,11,0,19.195,0
50,0.6,5169,bot4 penalty=20,0,button_burned,11,0,22.946,0
50,0.6,5169,bot4 penalty=30,0,button_burned,11,0,25.995,0
50,0.6,5170,bot2,1,success,37,0,12.429,1
50,0.6,5170,bot3,1,success,37,0,14.864,1
50,0.6,5170,bot4 penalty=5,1,success,37,0,50.734,1
50,0.6,5170,bot4 penalty=10,1,success,37,0,50.292,1
50,0.6,5170,bot4 penalty=20,1,success,37,0,54.533,1
50,0.6,5170,bot4 penalty=30,1,success,37,0,52.285,1
50,0.6,5171,bot2,0,caught,34,0,22.965,0
50,0.6,5171,bot3,0,caught,39,1,30.367,0
50,0.6,5171,bot4 penalty=5,0,caught,38,0,89.883,0
50,0.6,5171,bot4 penalty=10,0,caught,39,1,71.09,0
50,0.6,5171,bot4 penalty=20,0,trapped,61,2,94.027,0
50,0.6,5171,bot4 penalty=30,0,trapped,61,2,91.08,0
50,0.6,5172,bot2,0,trapped,38,0,17.291,0
50,0.6,5172,bot3,0,trapped,38,0,21.445,0
50,0.6,5172,bot4 penalty=5,0,trapped,38,0,59.504,0
50,0.6,5172,bot4 penalty=10,0,trapped,38,3,58.549,0
50,0.6,5172,bot4 penalty=20,0,trapped,38,3,60.176,0
50,0.6,5172,bot4 penalty=30,0,trapped,38,3,60.666,0
50,0.6,5173,bot2,1,success,65,0,30.786,0
50,0.6,5173,bot3,1,success,65,0,34.524,0
50,0.6,5173,bot4 penalty=5,1,success,65,0,95.339,0
50,0.6,5173,bot4 penalty=10,1,success,67,1,102.359,0
50,0.6,5173,bot4 penalty=20,1,success,67,1,106.341,0
50,0.6,5173,bot4 penalty=30,1,success,71,3,122.833,0
50,0.6,5174,bot2,1,success,53,0,27.027,1
50,0.6,5174,bot3,1,success,53,0,29.587,1
50,0.6,5174,bot4 penalty=5,1,success,53,0,80.026,1
50,0.6,5174,bot4 penalty=10,1,success,53,0,75.151,1
50,0.6,5174,bot4 penalty=20,1,success,53,0,70.4,1
50,0.6,5174,bot4 penalty=30,1,success,53,0,69.739,1
50,0.6,5175,bot2,1,success,42,0,12.265,0
50,0.6,5175,bot3,1,success,42,0,28.592,0
50,0.6,5175,bot4 penalty=5,1,success,42,0,57.513,0
50,0.6,5175,bot4 penalty=10,1,success,42,0,57.866,0
50,0.6,5175,bot4 penalty=20,1,success,42,0,57.449,0
50,0.6,5175,bot4 penalty=30,1,success,42,0,57.642,0
50,0.6,5176,bot2,1,success,71,0,40.541,0
50,0.6,5176,bot3,1,success,71,0,55.837,0
50,0.6,5176,bot4 penalty=5,1,success,71,0,99.433,0
50,0.6,5176,bot4 penalty=10,1,success,71,0,101.322,0
50,0.6,5176,bot4 penalty=20,1,success,71,0,101.509,0
50,0.6,5176,bot4 penalty=30,1,success,71,0,101.875,0
50,0.6,5177,bot2,1,success,48,0,17.604,0
50,0.6,5177,bot3,1,success,48,0,22.908,0
50,0.6,5177,bot4 penalty=5,1,success,48,0,68.021,0
50,0.6,5177,bot4 penalty=10,1,success,48,0,74.698,0
50,0.6,5177,bot4 penalty=20,1,success,48,0,65.877,0
50,0.6,5177,bot4 penalty=30,1,success,48,0,75.222,0
50,0.6,5178,bot2,1,success,15,0,2.215,1
50,0.6,5178,bot3,1,success,15,0,2.321,1
50,0.6,5178,bot4 penalty=5,1,success,15,0,20.442,1
50,0.6,5178,bot4 penalty=10,1,success,15,0,26.794,1
50,0.6,5178,bot4 penalty=20,1,success,15,0,33.933,1
50,0.6,5178,bot4 penalty=30,1,success,15,0,31.109,1
50,0.6,5179,bot2,1,success,13,0,1.593,1
50,0.6,5179,bot3,1,success,13,0,1.996,1
50,0.6,5179,bot4 penalty=5,1,success,13,0,18.957,1
50,0.6,5179,bot4 penalty=10,1,success,13,0,19.252,1
50,0.6,5179,bot4 penalty=20,1,success,13,0,18.818,1
50,0.6,5179,bot4 penalty=30,1,success,13,0,18.41,1
50,0.6,5180,bot2,1,success,34,0,8.412,1
50,0.6,5180,bot3,1,success,34,0,10.294,1
50,0.6,5180,bot4 penalty=5,1,success,34,0,45.412,1
50,0.6,5180,bot4 penalty=10,1,success,34,0,43.626,1
50,0.6,5180,bot4 penalty=20,1,success,34,0,44.872,1
50,0.6,5180,bot4 penalty=30,1,success,34,0,72.208,1
50,0.6,5181,bot2,1,success,68,0,35.073,1
50,0.6,5181,bot3,1,success,68,0,42.264,1
50,0.6,5181,bot4 penalty=5,1,success,68,0,94.666,1
50,0.6,5181,bot4 penalty=10,1,success,68,0,92.981,1
50,0.6,5181,bot4 penalty=20,1,success,68,0,94.699,1
50,0.6,5181,bot4 penalty=30,1,success,68,0,96.591,1
50,0.6,5182,bot2,1,success,44,0,14.064,1
50,0.6,5182,bot3,1,success,44,0,17.174,1
50,0.6,5182,bot4 penalty=5,1,success,44,0,63.168,1
50,0.6,5182,bot4 penalty=10,1,success,44,0,63.844,1
50,0.6,5182,bot4 penalty=20,1,success,44,0,61.877,1
50,0.6,5182,bot4 penalty=30,1,success,44,0,61.423,1
50,0.6,5183,bot2,0,trapped,78,0,42.902,0
50,0.6,5183,bot3,0,trapped,78,0,67.204,0
50,0.6,5183,bot4 penalty=5,0,trapped,78,0,125.092,0
50,0.6,5183,bot4 penalty=10,0,trapped,78,0,126.816,0
50,0.6,5183,bot4 penalty=20,0,trapped,78,0,116.307,0
50,0.6,5183,bot4 penalty=30,0,trapped,78,0,117.703,0
50,0.6,5184,bot2,0,trapped,56,0,34.769,0
50,0.6,5184,bot3,0,trapped,56,2,42.576,0
50,0.6,5184,bot4 penalty=5,0,trapped,56,0,108.135,0
50,0.6,5184,bot4 penalty=10,0,trapped,59,3,116.044,0
50,0.6,5184,bot4 penalty=20,0,trapped,59,4,105.085,0
50,0.6,5184,bot4 penalty=30,0,trapped,59,4,94.583,0
50,0.6,5185,bot2,0,trapped,23,0,17.672,0
50,0.6,5185,bot3,0,trapped,23,0,22.042,0
50,0.6,5185,bot4 penalty=5,0,trapped,23,0,44.805,0
50,0.6,5185,bot4 penalty=10,0,trapped,23,0,47.434,0
50,0.6,5185,bot4 penalty=20,0,trapped,23,0,48.859,0
50,0.6,5185,bot4 penalty=30,0,trapped,23,0,53.557,0
50,0.6,5186,bot2,0,trapped,36,0,21.255,0
50,0.6,5186,bot3,0,trapped,36,1,26.222,0
50,0.6,5186,bot4 penalty=5,0,trapped,36,0,58.775,0
50,0.6,5186,bot4 penalty=10,0,trapped,36,5,59.396,0
50,0.6,5186,bot4 penalty=20,0,trapped,36,4,88.978,0
50,0.6,5186,bot4 penalty=30,0,trapped,36,4,64.18,0
50,0.6,5187,bot2,0,button_burned,63,0,33.256,0
50,0.6,5187,bot3,0,trapped,19,4,13.483,0
50,0.6,5187,bot4 penalty=5,0,button_burned,63,6,106.731,0
50,0.6,5187,bot4 penalty=10,0,button_burned,63,6,105.915,0
50,0.6,5187,bot4 penalty=20,0,trapped,19,10,35.641,0
50,0.6,5187,bot4 penalty=30,0,button_burned,63,6,95.732,0
50,0.6,5188,bot2,1,success,13,0,1.877,1
50,0.6,5188,bot3,1,success,13,0,2.078,1
50,0.6,5188,bot4 penalty=5,1,success,13,0,17.308,1
50,0.6,5188,bot4 penalty=10,1,success,13,0,17.384,1
50,0.6,5188,bot4 penalty=20,1,success,13,0,20.671,1
50,0.6,5188,bot4 penalty=30,1,success,13,0,21.131,1
50,0.6,5189,bot2,0,trapped,37,0,41.886,0
50,0.6,5189,bot3,0,trapped,37,2,42.675,0
50,0.6,5189,bot4 penalty=5,0,trapped,37,0,101.571,0
50,0.6,5189,bot4 penalty=10,0,trapped,37,3,82.004,0
50,0.6,5189,bot4 penalty=20,0,trapped,37,7,110.452,0
50,0.6,5189,bot4 penalty=30,0,trapped,37,7,100.354,0
50,0.6,5190,bot2,0,button_burned,31,0,27.053,0
50,0.6,5190,bot3,0,button_burned,31,3,33.724,0
50,0.6,5190,bot4 penalty=5,0,button_burned,31,3,65.174,0
50,0.6,5190,bot4 penalty=10,0,button_burned,31,4,65.215,0
50,0.6,5190,bot4 penalty=20,0,button_burned,31,4,66.621,0
50,0.6,5190,bot4 penalty=30,0,button_burned,31,6,74.808,0
50,0.6,5191,bot2,1,success,57,0,22.917,0
50,0.6,5191,bot3,1,success,57,0,29.816,0
50,0.6,5191,bot4 penalty=5,1,success,57,0,81.744,0
50,0.6,5191,bot4 penalty=10,1,success,57,0,80.832,0
50,0.6,5191,bot4 penalty=20,1,success,57,0,82.559,0
50,0.6,5191,bot4 penalty=30,1,success,57,0,82.94,0
50,0.6,5192,bot2,1,success,46,0,15.767,1
50,0.6,5192,bot3,1,success,46,0,19.224,1
50,0.6,5192,bot4 penalty=5,1,success,46,0,68.128,1
50,0.6,5192,bot4 penalty=10,1,success,46,0,64.494,1
50,0.6,5192,bot4 penalty=20,1,success,46,0,64.817,1
50,0.6,5192,bot4 penalty=30,1,success,46,0,64.479,1
50,0.6,5193,bot2,1,success,42,0,13.035,1
50,0.6,5193,bot3,1,success,42,0,15.129,1
50,0.6,5193,bot4 penalty=5,1,success,42,0,59.082,1
50,0.6,5193,bot4 penalty=10,1,success,42,0,54.621,1
50,0.6,5193,bot4 penalty=20,1,success,42,0,54.304,1
50,0.6,5193,bot4 penalty=30,1,success,42,0,61.526,1
50,0.6,5194,bot2,1,success,38,0,9.637,0
50,0.6,5194,bot3,1,success,38,0,11.448,0
50,0.6,5194,bot4 penalty=5,1,success,38,0,70.976,0
50,0.6,5194,bot4 penalty=10,1,success,44,3,78.914,0
50,0.6,5194,bot4 penalty=20,1,success,44,3,66.433,0
50,0.6,5194,bot4 penalty=30,0,trapped,45,11,71.77,0
50,0.6,5195,bot2,1,success,2,0,0.23,1
50,0.6,5195,bot3,1,success,2,0,0.232,1
50,0.6,5195,bot4 penalty=5,1,success,2,0,2.759,1
50,0.6,5195,bot4 penalty=10,1,success,2,0,2.77,1
50,0.6,5195,bot4 penalty=20,1,success,2,0,2.729,1
50,0.6,5195,bot4 penalty=30,1,success,2,0,2.786,1
50,0.6,5196,bot2,0,trapped,52,0,35.776,0
50,0.6,5196,bot3,0,trapped,52,3,43.144,0
50,0.6,5196,bot4 penalty=5,0,trapped,52,5,84.663,0
50,0.6,5196,bot4 penalty=10,0,trapped,52,8,82.982,0
50,0.6,5196,bot4 penalty=20,0,trapped,52,8,84.118,0
50,0.6,5196,bot4 penalty=30,0,trapped,52,6,95.132,0
50,0.6,5197,bot2,0,trapped,48,0,37.343,0
50,0.6,5197,bot3,0,trapped,48,0,45.09,0
50,0.6,5197,bot4 penalty=5,0,trapped,48,0,93.115,0
50,0.6,5197,bot4 penalty=10,0,trapped,48,3,95.744,0
50,0.6,5197,bot4 penalty=20,0,trapped,48,3,95.613,0
50,0.6,5197,bot4 penalty=30,0,trapped,48,3,100.639,0
50,0.6,5198,bot2,0,trapped,40,0,35.411,0
50,0.6,5198,bot3,0,caught,40,1,38.747,0
50,0.6,5198,bot4 penalty=5,0,trapped,44,4,82.391,0
50,0.6,5198,bot4 penalty=10,0,trapped,44,1,79.362,0
50,0.6,5198,bot4 penalty=20,0,trapped,44,1,78.301,0
50,0.6,5198,bot4 penalty=30,0,trapped,44,6,91.816,0
50,0.6,5199,bot2,1,success,29,0,6.976,1
50,0.6,5199,bot3,1,success,29,0,7.718,1
50,0.6,5199,bot4 penalty=5,1,success,29,0,37.492,1
50,0.6,5199,bot4 penalty=10,1,success,29,0,37.384,1
50,0.6,5199,bot4 penalty=20,1,success,29,0,38.95,1
50,0.6,5199,bot4 penalty=30,1,success,29,0,39.274,1
50,0.8,5000,bot2,0,trapped,23,0,18.315,0
50,0.8,5000,bot3,0,trapped,23,1,21.307,0
50,0.8,5000,bot4 penalty=5,0,trapped,23,3,57.588,0
50,0.8,5000,bot4 penalty=10,0,trapped,23,3,62.242,0
50,0.8,5000,bot4 penalty=20,0,trapped,23,11,66.279,0
50,0.8,5000,bot4 penalty=30,0,trapped,23,12,68.387,0
50,0.8,5001,bot2,1,success,40,0,11.777,0
50,0.8,5001,bot3,0,trapped,29,2,22.451,0
50,0.8,5001,bot4 penalty=5,0,caught,14,3,21.189,0
50,0.8,5001,bot4 penalty=10,0,trapped,30,5,50.591,0
50,0.8,5001,bot4 penalty=20,0,button_burned,46,10,72.44,0
50,0.8,5001,bot4 penalty=30,0,button_burned,46,10,72.06,0
50,0.8,5002,bot2,1,success,16,0,3.391,1
50,0.8,5002,bot3,1,success,16,0,3.116,1
50,0.8,5002,bot4 penalty=5,1,success,16,0,20.577,1
50,0.8,5002,bot4 penalty=10,1,success,16,0,23.832,1
50,0.8,5002,bot4 penalty=20,1,success,16,0,31.063,1
50,0.8,5002,bot4 penalty=30,1,success,16,0,27.697,1
50,0.8,5003,bot2,1,success,38,0,13.136,1
50,0.8,5003,bot3,1,success,38,0,16.764,1
50,0.8,5003,bot4 penalty=5,1,success,38,0,58.384,1
50,0.8,5003,bot4 penalty=10,1,success,38,0,59.257,1
50,0.8,5003,bot4 penalty=20,1,success,40,1,59.106,1
50,0.8,5003,bot4 penalty=30,1,success,40,1,54.495,1
50,0.8,5004,bot2,1,success,18,0,2.806,1
50,0.8,5004,bot3,1,success,18,0,3.509,1
50,0.8,5004,bot4 penalty=5,1,success,18,0,25.694,1
50,0.8,5004,bot4 penalty=10,1,success,18,0,25.082,1
50,0.8,5004,bot4 penalty=20,1,success,18,0,26.192,1
50,0.8,5004,bot4 penalty=30,1,success,18,0,25.483,1
50,0.8,5005,bot2,1,success,7,0,0.915,1
50,0.8,5005,bot3,1,success,7,0,0.921,1
50,0.8,5005,bot4 penalty=5,1,success,7,0,9.888,1
50,0.8,5005,bot4 penalty=10,1,success,7,0,12.94,1
50,0.8,5005,bot4 penalty=20,1,success,7,0,14.634,1
50,0.8,5005,bot4 penalty=30,1,success,7,0,13.427,1
50,0.8,5006,bot2,1,success,40,0,13.764,0
50,0.8,5006,bot3,1,success,40,0,18.239,0
50,0.8,5006,bot4 penalty=5,1,success,40,0,59.253,0
50,0.8,5006,bot4 penalty=10,1,success,40,0,66.494,0
50,0.8,5006,bot4 penalty=20,1,success,40,0,79.061,0
50,0.8,5006,bot4 penalty=30,1,success,40,0,65.498,0
50,0.8,5007,bot2,1,success,30,0,7.462,1
50,0.8,5007,bot3,1,success,30,0,9.451,1
50,0.8,5007,bot4 penalty=5,1,success,30,0,42.951,1
50,0.8,5007,bot4 penalty=10,1,success,30,0,40.824,1
50,0.8,5007,bot4 penalty=20,1,success,30,0,41.124,1
50,0.8,5007,bot4 penalty=30,1,success,30,0,41.989,1
50,0.8,5008,bot2,0,button_burned,40,0,30.562,0
50,0.8,5008,bot3,0,button_burned,40,1,35.437,0
50,0.8,5008,bot4 penalty=5,0,button_burned,40,2,69.758,0
50,0.8,5008,bot4 penalty=10,0,button_burned,40,6,76.409,0
50,0.8,5008,bot4 penalty=20,0,button_burned,40,6,83.217,0
50,0.8,5008,bot4 penalty=30,0,button_burned,40,9,85.271,0
50,0.8,5009,bot2,1,success,43,0,12.64,1
50,0.8,5009,bot3,1,success,43,0,15.819,1
50,0.8,5009,bot4 penalty=5,1,success,43,0,54.049,1
50,0.8,5009,bot4 penalty=10,1,success,43,0,55.007,1
50,0.8,5009,bot4 penalty=20,1,success,43,0,57.07,1
50,0.8,5009,bot4 penalty=30,1,success,43,0,60.758,1
50,0.8,5010,bot2,0,button_burned,5,0,3.798,0
50,0.8,5010,bot3,0,button_burned,5,0,4.303,0
50,0.8,5010,bot4 penalty=5,0,button_burned,5,0,11.791,0
50,0.8,5010,bot4 penalty=10,0,button_burned,5,0,12.017,0
50,0.8,5010,bot4 penalty=20,0,button_burned,5,0,16.362,0
50,0.8,5010,bot4 penalty=30,0,button_burned,5,0,17.489,0
50,0.8,5011,bot2,1,success,44,0,15.569,1
50,0.8,5011,bot3,1,success,44,0,22.186,1
50,0.8,5011,bot4 penalty=5,1,success,44,0,67.21,1
50,0.8,5011,bot4 penalty=10,1,success,44,0,64.526,1
50,0.8,5011,bot4 penalty=20,1,success,44,0,70.178,1
50,0.8,5011,bot4 penalty=30,1,success,44,0,61.555,1
50,0.8,5012,bot2,1,success,21,0,3.322,1
50,0.8,5012,bot3,1,success,21,0,3.842,1
50,0.8,5012,bot4 penalty=5,1,success,21,0,26.596,1
50,0.8,5012,bot4 penalty=10,1,success,21,0,26.545,1
50,0.8,5012,bot4 penalty=20,1,success,21,0,26.922,1
50,0.8,5012,bot4 penalty=30,1,success,21,0,26.955,1
50,0.8,5013,bot2,1,success,46,0,20.21,1
50,0.8,5013,bot3,1,success,46,0,26.56,1
50,0.8,5013,bot4 penalty=5,1,success,46,0,73.149,1
50,0.8,5013,bot4 penalty=10,1,success,46,0,68.834,1
50,0.8,5013,bot4 penalty=20,1,success,46,0,66.247,1
50,0.8,5013,bot4 penalty=30,1,success,46,0,80.459,1
50,0.8,5014,bot2,1,success,52,0,19.392,1
50,0.8,5014,bot3,1,success,52,0,33.401,1
50,0.8,5014,bot4 penalty=5,1,success,52,0,76.725,1
50,0.8,5014,bot4 penalty=10,1,success,56,2,80.581,1
50,0.8,5014,bot4 penalty=20,1,success,60,4,87.532,1
50,0.8,5014,bot4 penalty=30,1,success,60,4,84.214,1
50,0.8,5015,bot2,0,trapped,19,0,6.398,0
50,0.8,5015,bot3,0,trapped,19,0,9.202,0
50,0.8,5015,bot4 penalty=5,0,trapped,19,0,30.081,0
50,0.8,5015,bot4 penalty=10,0,trapped,19,0,33.22,0
50,0.8,5015,bot4 penalty=20,0,trapped,19,0,38.106,0
50,0.8,5015,bot4 penalty=30,0,trapped,19,0,44.856,0
50,0.8,5016,bot2,1,success,44,0,12.953,1
50,0.8,5016,bot3,1,success,44,0,18.663,1
50,0.8,5016,bot4 penalty=5,1,success,44,0,59.338,1
50,0.8,5016,bot4 penalty=10,1,success,44,0,58.305,1
50,0.8,5016,bot4 penalty=20,1,success,44,0,59.43,1
50,0.8,5016,bot4 penalty=30,1,success,44,0,58.521,1
50,0.8,5017,bot2,1,success,46,0,14.627,1
50,0.8,5017,bot3,1,success,46,0,22.302,1
50,0.8,5017,bot4 penalty=5,1,success,46,0,65.562,1
50,0.8,5017,bot4 penalty=10,1,success,46,0,65.563,1
50,0.8,5017,bot4 penalty=20,1,success,46,0,65.199,1
50,0.8,5017,bot4 penalty=30,1,success,46,0,62.129,1
50,0.8,5018,bot2,0,button_burned,65,0,41.349,0
50,0.8,5018,bot3,0,button_burned,65,1,46.801,0
50,0.8,5018,bot4 penalty=5,0,button_burned,65,5,126.959,0
50,0.8,5018,bot4 penalty=10,0,button_burned,65,5,111.63,0
50,0.8,5018,bot4 penalty=20,0,button_burned,65,6,116.285,0
50,0.8,5018,bot4 penalty=30,0,button_burned,65,6,111.744,0
50,0.8,5019,bot2,1,success,5,0,0.568,1
50,0.8,5019,bot3,1,success,5,0,0.589,1
50,0.8,5019,bot4 penalty=5,1,success,5,0,6.913,1
50,0.8,5019,bot4 penalty=10,1,success,5,0,7.325,1
50,0.8,5019,bot4 penalty=20,1,success,5,0,7.88,1
50,0.8,5019,bot4 penalty=30,1,success,5,0,6.734,1
50,0.8,5020,bot2,1,success,57,0,25.842,1
50,0.8,5020,bot3,1,success,57,0,36.078,1
50,0.8,5020,bot4 penalty=5,1,success,57,0,88.657,1
50,0.8,5020,bot4 penalty=10,0,button_burned,67,10,97.747,1
50,0.8,5020,bot4 penalty=20,0,button_burned,67,10,95.702,1
50,0.8,5020,bot4 penalty=30,0,button_burned,67,10,110.666,1
50,0.8,5021,bot2,1,success,22,0,4.576,1
50,0.8,5021,bot3,1,success,22,0,5.587,1
50,0.8,5021,bot4 penalty=5,1,success,22,0,29.452,1
50,0.8,5021,bot4 penalty=10,1,success,22,0,31.649,1
50,0.8,5021,bot4 penalty=20,1,success,22,0,30.742,1
50,0.8,5021,bot4 penalty=30,1,success,22,0,29.275,1
50,0.8,5022,bot2,1,success,42,0,13.804,1
50,0.8,5022,bot3,1,success,42,0,21.441,1
50,0.8,5022,bot4 penalty=5,1,success,42,0,57.466,1
50,0.8,5022,bot4 penalty=10,1,success,42,0,58.402,1
50,0.8,5022,bot4 penalty=20,1,success,42,0,75.751,1
50,0.8,5022,bot4 penalty=30,1,success,42,0,59.006,1
50,0.8,5023,bot2,0,button_burned,20,0,5.481,0
50,0.8,5023,bot3,0,button_burned,20,0,7.549,0
50,0.8,5023,bot4 penalty=5,0,button_burned,20,0,30.773,0
50,0.8,5023,bot4 penalty=10,0,button_burned,20,0,30.298,0
50,0.8,5023,bot4 penalty=20,0,button_burned,20,0,30.412,0
50,0.8,5023,bot4 penalty=30,0,button_burned,20,0,33.614,0
50,0.8,5024,bot2,0,trapped,29,0,18.312,0
50,0.8,5024,bot3,0,trapped,29,1,20.433,0
50,0.8,5024,bot4 penalty=5,0,trapped,29,1,49.653,0
50,0.8,5024,bot4 penalty=10,0,trapped,29,6,47.736,0
50,0.8,5024,bot4 penalty=20,0,trapped,29,6,52.788,0
50,0.8,5024,bot4 penalty=30,0,trapped,29,6,52.529,0
50,0.8,5025,bot2,1,success,52,0,23.939,1
50,0.8,5025,bot3,1,success,52,0,32.434,1
50,0.8,5025,bot4 penalty=5,1,success,52,0,70.026,1
50,0.8,5025,bot4 penalty=10,1,success,52,0,72.002,1
50,0.8,5025,bot4 penalty=20,1,success,52,0,74.879,1
50,0.8,5025,bot4 penalty=30,1,success,52,0,78.298,1
50,0.8,5026,bot2,0,caught,34,0,17.099,0
50,0.8,5026,bot3,0,caught,34,0,20.745,0
50,0.8,5026,bot4 penalty=5,0,trapped,51,7,80.472,0
50,0.8,5026,bot4 penalty=10,0,trapped,51,7,79.133,0
50,0.8,5026,bot4 penalty=20,0,trapped,51,7,73.43,0
50,0.8,5026,bot4 penalty=30,0,trapped,51,7,71.378,0
50,0.8,5027,bot2,1,success,23,0,4.436,1
50,0.8,5027,bot3,1,success,23,0,5.005,1
50,0.8,5027,bot4 penalty=5,1,success,23,0,28.79,1
50,0.8,5027,bot4 penalty=10,1,success,23,0,27.625,1
50,0.8,5027,bot4 penalty=20,1,success,23,0,28.007,1
50,0.8,5027,bot4 penalty=30,1,success,23,0,28.347,1
50,0.8,5028,bot2,1,success,34,0,9.173,1
50,0.8,5028,bot3,1,success,34,0,12.042,1
50,0.8,5028,bot4 penalty=5,1,success,34,0,44.105,1
50,0.8,5028,bot4 penalty=10,1,success,34,0,47.141,1
50,0.8,5028,bot4 penalty=20,1,success,34,0,43.799,1
50,0.8,5028,bot4 penalty=30,1,success,34,0,43.124,1
50,0.8,5029,bot2,1,success,67,0,37.627,1
50,0.8,5029,bot3,1,success,67,0,48.591,1
50,0.8,5029,bot4 penalty=5,1,success,69,1,101.01,1
50,0.8,5029,bot4 penalty=10,1,success,69,1,102.763,1
50,0.8,5029,bot4 penalty=20,1,success,69,1,108.229,1
50,0.8,5029,bot4 penalty=30,1,success,73,3,111.122,1
50,0.8,5030,bot2,1,success,55,0,24.234,1
50,0.8,5030,bot3,1,success,55,0,33.286,1
50,0.8,5030,bot4 penalty=5,1,success,55,0,76.66,1
50,0.8,5030,bot4 penalty=10,1,success,55,0,74.614,1
50,0.8,5030,bot4 penalty=20,1,success,55,0,74.579,1
50,0.8,5030,bot4 penalty=30,1,success,55,0,72.988,1
50,0.8,5031,bot2,0,trapped,31,0,15.514,0
50,0.8,5031,bot3,0,trapped,31,0,18.601,0
50,0.8,5031,bot4 penalty=5,0,trapped,31,2,52.852,0
50,0.8,5031,bot4 penalty=10,0,trapped,31,2,54.897,0
50,0.8,5031,bot4 penalty=20,0,trapped,31,2,55.426,0
50,0.8,5031,bot4 penalty=30,0,trapped,31,2,53.959,0
50,0.8,5032,bot2,0,trapped,19,0,12.826,0
50,0.8,5032,bot3,0,trapped,19,0,16.626,0
50,0.8,5032,bot4 penalty=5,0,trapped,19,0,34.637,0
50,0.8,5032,bot4 penalty=10,0,trapped,19,0,39.197,0
50,0.8,5032,bot4 penalty=20,0,trapped,19,0,46.111,0
50,0.8,5032,bot4 penalty=30,0,trapped,19,0,56.334,0
50,0.8,5033,bot2,0,button_burned,18,0,5.094,0
50,0.8,5033,bot3,0,button_burned,18,1,6.643,0
50,0.8,5033,bot4 penalty=5,0,button_burned,18,1,26.305,0
50,0.8,5033,bot4 penalty=10,0,button_burned,18,1,31.874,0
50,0.8,5033,bot4 penalty=20,0,button_burned,18,1,32.752,0
50,0.8,5033,bot4 penalty=30,0,button_burned,18,1,33.707,0
50,0.8,5034,bot2,0,trapped,7,0,7.26,0
50,0.8,5034,bot3,0,trapped,7,0,8.641,0
50,0.8,5034,bot4 penalty=5,0,trapped,7,0,22.086,0
50,0.8,5034,bot4 penalty=10,0,trapped,7,0,24.003,0
50,0.8,5034,bot4 penalty=20,0,trapped,7,0,25.383,0
50,0.8,5034,bot4 penalty=30,0,trapped,7,0,25.692,0
50,0.8,5035,bot2,1,success,50,0,26.777,1
50,0.8,5035,bot3,1,success,50,0,30.722,1
50,0.8,5035,bot4 penalty=5,1,success,50,0,68.425,1
50,0.8,5035,bot4 penalty=10,1,success,50,0,66.611,1
50,0.8,5035,bot4 penalty=20,1,success,50,0,69.925,1
50,0.8,5035,bot4 penalty=30,0,caught,46,5,66.866,1
50,0.8,5036,bot2,0,button_burned,29,0,20.897,0
50,0.8,5036,bot3,0,button_burned,29,0,23.59,0
50,0.8,5036,bot4 penalty=5,0,button_burned,29,0,59.181,0
50,0.8,5036,bot4 penalty=10,0,button_burned,29,0,69.624,0
50,0.8,5036,bot4 penalty=20,0,button_burned,29,0,74.54,0
50,0.8,5036,bot4 penalty=30,0,button_burned,29,0,67.422,0
50,0.8,5037,bot2,1,success,39,0,14.079,1
50,0.8,5037,bot3,1,success,39,0,16.875,1
50,0.8,5037,bot4 penalty=5,1,success,39,0,52.841,1
50,0.8,5037,bot4 penalty=10,1,success,39,0,53.246,1
50,0.8,5037,bot4 penalty=20,1,success,39,0,52.841,1
50,0.8,5037,bot4 penalty=30,1,success,39,0,81.888,1
50,0.8,5038,bot2,0,button_burned,15,0,4.975,0
50,0.8,5038,bot3,0,button_burned,15,1,6.483,0
50,0.8,5038,bot4 penalty=5,0,button_burned,15,0,26.246,0
50,0.8,5038,bot4 penalty=10,0,button_burned,15,1,29.907,0
50,0.8,5038,bot4 penalty=20,0,button_burned,15,3,36.2,0
50,0.8,5038,bot4 penalty=30,0,button_burned,15,3,40.07,0
50,0.8,5039,bot2,0,trapped,41,0,14.826,0
50,0.8,5039,bot3,0,trapped,41,0,18.059,0
50,0.8,5039,bot4 penalty=5,0,button_burned,47,1,59.927,0
50,0.8,5039,bot4 penalty=10,0,button_burned,47,1,62.369,0
50,0.8,5039,bot4 penalty=20,0,button_burned,47,1,61.798,0
50,0.8,5039,bot4 penalty=30,0,button_burned,47,1,66.642,0
50,0.8,5040,bot2,0,button_burned,24,0,21.826,0
50,0.8,5040,bot3,0,button_burned,24,0,23.294,0
50,0.8,5040,bot4 penalty=5,0,button_burned,24,1,51.79,0
50,0.8,5040,bot4 penalty=10,0,button_burned,24,1,54.801,0
50,0.8,5040,bot4 penalty=20,0,button_burned,24,1,60.435,0
50,0.8,5040,bot4 penalty=30,0,button_burned,24,1,64.52,0
50,0.8,5041,bot2,1,success,40,0,14.602,0
50,0.8,5041,bot3,1,success,40,0,19.121,0
50,0.8,5041,bot4 penalty=5,1,success,40,0,62.379,0
50,0.8,5041,bot4 penalty=10,1,success,40,0,65.002,0
50,0.8,5041,bot4 penalty=20,0,trapped,41,6,66.312,0
50,0.8,5041,bot4 penalty=30,0,trapped,41,6,67.84,0
50,0.8,5042,bot2,1,success,28,0,6.742,1
50,0.8,5042,bot3,1,success,28,0,8.735,1
50,0.8,5042,bot4 penalty=5,1,success,28,0,38.433,1
50,0.8,5042,bot4 penalty=10,1,success,28,0,42.763,1
50,0.8,5042,bot4 penalty=20,1,success,28,0,37.058,1
50,0.8,5042,bot4 penalty=30,1,success,28,0,40.208,1
50,0.8,5043,bot2,0,button_burned,31,0,10.081,0
50,0.8,5043,bot3,0,button_burned,31,1,13.547,0
50,0.8,5043,bot4 penalty=5,0,button_burned,31,3,46.808,0
50,0.8,5043,bot4 penalty=10,0,button_burned,31,3,50.275,0
50,0.8,5043,bot4 penalty=20,0,button_burned,31,3,86.101,0
50,0.8,5043,bot4 penalty=30,0,button_burned,31,3,59.487,0
50,0.8,5044,bot2,1,success,12,0,1.554,1
50,0.8,5044,bot3,1,success,12,0,1.713,1
50,0.8,5044,bot4 penalty=5,1,success,12,0,15.683,1
50,0.8,5044,bot4 penalty=10,1,success,12,0,14.946,1
50,0.8,5044,bot4 penalty=20,1,success,12,0,15.334,1
50,0.8,5044,bot4 penalty=30,1,success,12,0,15.963,1
50,0.8,5045,bot2,1,success,40,0,10.393,1
50,0.8,5045,bot3,1,success,40,0,12.536,1
50,0.8,5045,bot4 penalty=5,1,success,40,0,55.005,1
50,0.8,5045,bot4 penalty=10,1,success,40,0,52.861,1
50,0.8,5045,bot4 penalty=20,1,success,40,0,54.626,1
50,0.8,5045,bot4 penalty=30,1,success,40,0,53.329,1
50,0.8,5046,bot2,0,button_burned,33,0,13.417,0
50,0.8,5046,bot3,0,button_burned,33,0,15.767,0
50,0.8,5046,bot4 penalty=5,0,button_burned,33,0,45.905,0
50,0.8,5046,bot4 penalty=10,0,button_burned,33,0,47.634,0
50,0.8,5046,bot4 penalty=20,0,button_burned,33,0,54.132,0
50,0.8,5046,bot4 penalty=30,0,button_burned,33,0,55.899,0
50,0.8,5047,bot2,0,button_burned,10,0,3.051,0
50,0.8,5047,bot3,0,button_burned,10,0,4.101,0
50,0.8,5047,bot4 penalty=5,0,button_burned,10,0,15.338,0
50,0.8,5047,bot4 penalty=10,0,button_burned,10,0,17.093,0
50,0.8,5047,bot4 penalty=20,0,button_burned,10,0,23.489,0
50,0.8,5047,bot4 penalty=30,0,button_burned,10,0,26.826,0
50,0.8,5048,bot2,1,success,31,0,7.758,1
50,0.8,5048,bot3,1,success,31,0,10.235,1
50,0.8,5048,bot4 penalty=5,1,success,31,0,38.851,1
50,0.8,5048,bot4 penalty=10,1,success,31,0,40.385,1
50,0.8,5048,bot4 penalty=20,1,success,31,0,38.296,1
50,0.8,5048,bot4 penalty=30,1,success,31,0,38.542,1
50,0.8,5049,bot2,1,success,36,0,8.703,1
50,0.8,5049,bot3,1,success,36,0,11.86,1
50,0.8,5049,bot4 penalty=5,1,success,36,0,44.236,1
50,0.8,5049,bot4 penalty=10,1,success,36,0,45.21,1
50,0.8,5049,bot4 penalty=20,1,success,36,0,44.713,1
50,0.8,5049,bot4 penalty=30,1,success,36,0,44.761,1
50,0.8,5050,bot2,1,success,21,0,3.737,1
50,0.8,5050,bot3,1,success,21,0,4.188,1
50,0.8,5050,bot4 penalty=5,1,success,21,0,26.298,1
50,0.8,5050,bot4 penalty=10,1,success,21,0,26.199,1
50,0.8,5050,bot4 penalty=20,1,success,21,0,26.496,1
50,0.8,5050,bot4 penalty=30,1,success,21,0,26.553,1
50,0.8,5051,bot2,0,button_burned,17,0,15.565,0
50,0.8,5051,bot3,0,button_burned,17,0,15.758,0
50,0.8,5051,bot4 penalty=5,0,button_burned,17,0,38.542,0
50,0.8,5051,bot4 penalty=10,0,button_burned,17,0,43.043,0
50,0.8,5051,bot4 penalty=20,0,button_burned,17,0,46.683,0
50,0.8,5051,bot4 penalty=30,0,button_burned,17,2,65.166,0
50,0.8,5052,bot2,0,trapped,43,0,54.282,0
50,0.8,5052,bot3,0,trapped,43,2,63.376,0
50,0.8,5052,bot4 penalty=5,0,trapped,43,9,84.769,0
50,0.8,5052,bot4 penalty=10,0,trapped,43,9,86.134,0
50,0.8,5052,bot4 penalty=20,0,trapped,43,13,94.012,0
50,0.8,5052,bot4 penalty=30,0,trapped,43,14,131.652,0
50,0.8,5053,bot2,0,trapped,34,0,12.117,0
50,0.8,5053,bot3,0,trapped,34,0,14.396,0
50,0.8,5053,bot4 penalty=5,0,trapped,34,0,47.188,0
50,0.8,5053,bot4 penalty=10,0,trapped,34,0,47.607,0
50,0.8,5053,bot4 penalty=20,0,button_burned,61,11,93.222,0
50,0.8,5053,bot4 penalty=30,0,button_burned,61,11,97.849,0
50,0.8,5054,bot2,1,success,40,0,10.687,1
50,0.8,5054,bot3,1,success,40,0,15.313,1
50,0.8,5054,bot4 penalty=5,1,success,40,0,53.308,1
50,0.8,5054,bot4 penalty=10,1,success,40,0,51.239,1
50,0.8,5054,bot4 penalty=20,1,success,40,0,49.777,1
50,0.8,5054,bot4 penalty=30,1,success,40,0,51.349,1
50,0.8,5055,bot2,1,success,59,0,28.6,1
50,0.8,5055,bot3,1,success,59,0,39.153,1
50,0.8,5055,bot4 penalty=5,1,success,59,0,84.017,1
50,0.8,5055,bot4 penalty=10,1,success,59,0,82.699,1
50,0.8,5055,bot4 penalty=20,1,success,59,0,81.436,1
50,0.8,5055,bot4 penalty=30,1,success,59,0,83.118,1
50,0.8,5056,bot2,1,success,32,0,7.98,1
50,0.8,5056,bot3,1,success,32,0,9.918,1
50,0.8,5056,bot4 penalty=5,1,success,32,0,41.715,1
50,0.8,5056,bot4 penalty=10,1,success,32,0,58.551,1
50,0.8,5056,bot4 penalty=20,1,success,32,0,45.271,1
50,0.8,5056,bot4 penalty=30,1,success,32,0,43.353,1
50,0.8,5057,bot2,1,success,48,0,22.026,0
50,0.8,5057,bot3,1,success,48,0,25.178,0
50,0.8,5057,bot4 penalty=5,1,success,48,0,72.415,0
50,0.8,5057,bot4 penalty=10,1,success,50,1,70.999,0
50,0.8,5057,bot4 penalty=20,1,success,50,1,74.145,0
50,0.8,5057,bot4 penalty=30,1,success,52,2,77.831,0
50,0.8,5058,bot2,1,success,70,0,37.787,1
50,0.8,5058,bot3,1,success,70,0,50.946,1
50,0.8,5058,bot4 penalty=5,1,success,70,0,102.679,1
50,0.8,5058,bot4 penalty=10,1,success,70,0,103.838,1
50,0.8,5058,bot4 penalty=20,1,success,70,0,107.037,1
50,0.8,5058,bot4 penalty=30,1,success,70,0,104.047,1
50,0.8,5059,bot2,0,button_burned,25,0,6.753,0
50,0.8,5059,bot3,0,button_burned,25,0,9.734,0
50,0.8,5059,bot4 penalty=5,0,button_burned,25,3,37.123,0
50,0.8,5059,bot4 penalty=10,0,button_burned,25,5,43.363,0
50,0.8,5059,bot4 penalty=20,0,button_burned,25,8,50.991,0
50,0.8,5059,bot4 penalty=30,0,button_burned,25,8,48.416,0
50,0.8,5060,bot2,0,trapped,33,0,20.577,0
50,0.8,5060,bot3,0,trapped,33,0,25.62,0
50,0.8,5060,bot4 penalty=5,0,trapped,33,0,56.315,0
50,0.8,5060,bot4 penalty=10,0,trapped,33,0,58.807,0
50,0.8,5060,bot4 penalty=20,0,trapped,33,0,66.247,0
50,0.8,5060,bot4 penalty=30,0,trapped,33,0,62.471,0
50,0.8,5061,bot2,0,button_burned,14,0,7.213,0
50,0.8,5061,bot3,0,button_burned,14,0,8.286,0
50,0.8,5061,bot4 penalty=5,0,button_burned,14,0,24.527,0
50,0.8,5061,bot4 penalty=10,0,button_burned,14,0,27.914,0
50,0.8,5061,bot4 penalty=20,0,button_burned,14,0,32.032,0
50,0.8,5061,bot4 penalty=30,0,button_burned,14,0,34.857,0
50,0.8,5062,bot2,0,trapped,31,0,26.425,0
50,0.8,5062,bot3,0,trapped,31,0,30.507,0
50,0.8,5062,bot4 penalty=5,0,trapped,31,0,57.433,0
50,0.8,5062,bot4 penalty=10,0,trapped,31,5,62.519,0
50,0.8,5062,bot4 penalty=20,0,trapped,31,4,65.021,0
50,0.8,5062,bot4 penalty=30,0,trapped,31,4,70.096,0
50,0.8,5063,bot2,0,trapped,10,0,10.054,0
50,0.8,5063,bot3,0,trapped,10,0,11.977,0
50,0.8,5063,bot4 penalty=5,0,trapped,10,1,31.427,0
50,0.8,5063,bot4 penalty=10,0,trapped,10,3,35.06,0
50,0.8,5063,bot4 penalty=20,0,trapped,10,3,33.399,0
50,0.8,5063,bot4 penalty=30,0,trapped,10,2,32.278,0
50,0.8,5064,bot2,1,success,42,0,17.802,1
50,0.8,5064,bot3,1,success,42,0,22.555,1
50,0.8,5064,bot4 penalty=5,1,success,42,0,56.562,1
50,0.8,5064,bot4 penalty=10,1,success,42,0,53.836,1
50,0.8,5064,bot4 penalty=20,1,success,42,0,55.299,1
50,0.8,5064,bot4 penalty=30,1,success,42,0,53.148,1
50,0.8,5065,bot2,1,success,54,0,18.309,1
50,0.8,5065,bot3,1,success,54,0,24.61,1
50,0.8,5065,bot4 penalty=5,1,success,54,0,73.773,1
50,0.8,5065,bot4 penalty=10,1,success,54,0,76.152,1
50,0.8,5065,bot4 penalty=20,1,success,54,0,75.488,1
50,0.8,5065,bot4 penalty=30,1,success,54,0,72.757,1
50,0.8,5066,bot2,0,trapped,23,0,20.177,0
50,0.8,5066,bot3,0,trapped,23,0,22.967,0
50,0.8,5066,bot4 penalty=5,0,trapped,23,0,44.992,0
50,0.8,5066,bot4 penalty=10,0,trapped,23,0,50.505,0
50,0.8,5066,bot4 penalty=20,0,trapped,23,0,57.762,0
50,0.8,5066,bot4 penalty=30,0,trapped,23,0,59.415,0
50,0.8,5067,bot2,1,success,23,0,4.398,1
50,0.8,5067,bot3,1,success,23,0,4.964,1
50,0.8,5067,bot4 penalty=5,1,success,23,0,28.581,1
50,0.8,5067,bot4 penalty=10,1,success,23,0,28.833,1
50,0.8,5067,bot4 penalty=20,1,success,23,0,28.413,1
50,0.8,5067,bot4 penalty=30,1,success,23,0,27.898,1
50,0.8,5068,bot2,0,caught,36,0,27.768,0
50,0.8,5068,bot3,0,caught,36,0,34.901,0
50,0.8,5068,bot4 penalty=5,0,caught,48,2,83.663,0
50,0.8,5068,bot4 penalty=10,0,trapped,59,5,105.157,0
50,0.8,5068,bot4 penalty=20,0,trapped,59,10,109.057,0
50,0.8,5068,bot4 penalty=30,0,trapped,59,10,109.668,0
50,0.8,5069,bot2,1,success,25,0,4.336,1
50,0.8,5069,bot3,1,success,25,0,6.1,1
50,0.8,5069,bot4 penalty=5,1,success,25,0,34.188,1
50,0.8,5069,bot4 penalty=10,1,success,25,0,32.238,1
50,0.8,5069,bot4 penalty=20,1,success,25,0,38.02,1
50,0.8,5069,bot4 penalty=30,1,success,25,0,33.154,1
50,0.8,5070,bot2,0,trapped,33,0,29.002,0
50,0.8,5070,bot3,0,trapped,33,0,31.864,0
50,0.8,5070,bot4 penalty=5,0,trapped,33,3,82.054,0
50,0.8,5070,bot4 penalty=10,0,trapped,33,3,87.491,0
50,0.8,5070,bot4 penalty=20,0,trapped,33,3,93.563,0
50,0.8,5070,bot4 penalty=30,0,trapped,33,3,94.464,0
50,0.8,5071,bot2,0,caught,16,0,11.632,0
50,0.8,5071,bot3,0,trapped,19,1,17.808,0
50,0.8,5071,bot4 penalty=5,0,caught,16,0,31.701,0
50,0.8,5071,bot4 penalty=10,0,trapped,19,3,51.742,0
50,0.8,5071,bot4 penalty=20,0,trapped,19,6,57.133,0
50,0.8,5071,bot4 penalty=30,0,trapped,19,6,55.856,0
50,0.8,5072,bot2,0,trapped,17,0,10.959,0
50,0.8,5072,bot3,0,trapped,17,0,12.868,0
50,0.8,5072,bot4 penalty=5,0,trapped,17,0,33.375,0
50,0.8,5072,bot4 penalty=10,0,trapped,17,6,40.514,0
50,0.8,5072,bot4 penalty=20,0,trapped,17,6,41.555,0
50,0.8,5072,bot4 penalty=30,0,trapped,17,6,43.504,0
50,0.8,5073,bot2,1,success,20,0,3.884,1
50,0.8,5073,bot3,1,success,20,0,4.108,1
50,0.8,5073,bot4 penalty=5,1,success,20,0,25.616,1
50,0.8,5073,bot4 penalty=10,1,success,20,0,25.648,1
50,0.8,5073,bot4 penalty=20,1,success,20,0,25.654,1
50,0.8,5073,bot4 penalty=30,1,success,20,0,25.513,1
50,0.8,5074,bot2,0,trapped,26,0,17.15,0
50,0.8,5074,bot3,0,trapped,26,0,19.605,0
50,0.8,5074,bot4 penalty=5,0,trapped,26,2,53.554,0
50,0.8,5074,bot4 penalty=10,0,trapped,26,2,59.704,0
50,0.8,5074,bot4 penalty=20,0,trapped,26,2,68.124,0
50,0.8,5074,bot4 penalty=30,0,trapped,26,2,72.969,0
50,0.8,5075,bot2,0,button_burned,25,0,13.387,0
50,0.8,5075,bot3,0,button_burned,25,0,15.129,0
50,0.8,5075,bot4 penalty=5,0,button_burned,25,4,41.964,0
50,0.8,5075,bot4 penalty=10,0,button_burned,25,4,46.297,0
50,0.8,5075,bot4 penalty=20,0,button_burned,25,4,50.755,0
50,0.8,5075,bot4 penalty=30,0,button_burned,25,3,51.572,0
50,0.8,5076,bot2,1,success,18,0,2.561,1
50,0.8,5076,bot3,1,success,18,0,3.133,1
50,0.8,5076,bot4 penalty=5,1,success,18,0,22.348,1
50,0.8,5076,bot4 penalty=10,1,success,18,0,22.904,1
50,0.8,5076,bot4 penalty=20,1,success,18,0,22.369,1
50,0.8,5076,bot4 penalty=30,1,success,18,0,22.393,1
50,0.8,5077,bot2,0,caught,24,0,21.808,0
50,0.8,5077,bot3,0,trapped,53,1,48.33,0
50,0.8,5077,bot4 penalty=5,0,trapped,53,9,105.595,0
50,0.8,5077,bot4 penalty=10,0,trapped,53,14,130.153,0
50,0.8,5077,bot4 penalty=20,0,trapped,53,15,112.697,0
50,0.8,5077,bot4 penalty=30,0,trapped,53,15,103.07,0
50,0.8,5078,bot2,1,success,48,0,21.532,0
50,0.8,5078,bot3,1,success,48,0,32.228,0
50,0.8,5078,bot4 penalty=5,1,success,48,0,63.425,0
50,0.8,5078,bot4 penalty=10,0,caught,53,3,80.922,0
50,0.8,5078,bot4 penalty=20,0,caught,53,3,84.172,0
50,0.8,5078,bot4 penalty=30,0,trapped,44,6,69.94,0
50,0.8,5079,bot2,0,button_burned,25,0,19.843,0
50,0.8,5079,bot3,0,button_burned,25,2,20.615,0
50,0.8,5079,bot4 penalty=5,0,button_burned,25,4,53.455,0
50,0.8,5079,bot4 penalty=10,0,button_burned,25,4,49.259,0
50,0.8,5079,bot4 penalty=20,0,button_burned,25,4,54.039,0
50,0.8,5079,bot4 penalty=30,0,button_burned,25,6,63.772,0
50,0.8,5080,bot2,1,success,12,0,1.563,1
50,0.8,5080,bot3,1,success,12,0,1.845,1
50,0.8,5080,bot4 penalty=5,1,success,12,0,16.87,1
50,0.8,5080,bot4 penalty=10,1,success,12,0,17.472,1
50,0.8,5080,bot4 penalty=20,1,success,12,0,17.805,1
50,0.8,5080,bot4 penalty=30,1,success,12,0,16.525,1
50,0.8,5081,bot2,0,trapped,26,0,20.064,0
50,0.8,5081,bot3,0,trapped,26,1,21.048,0
50,0.8,5081,bot4 penalty=5,0,trapped,26,4,48.708,0
50,0.8,5081,bot4 penalty=10,0,trapped,26,3,54.353,0
50,0.8,5081,bot4 penalty=20,0,trapped,26,3,59.179,0
50,0.8,5081,bot4 penalty=30,0,trapped,26,3,63.729,0
50,0.8,5082,bot2,0,button_burned,17,0,14.192,0
50,0.8,5082,bot3,0,button_burned,17,2,14.846,0
50,0.8,5082,bot4 penalty=5,0,button_burned,17,0,41.971,0
50,0.8,5082,bot4 penalty=10,0,button_burned,17,0,50.258,0
50,0.8,5082,bot4 penalty=20,0,button_burned,17,6,58.826,0
50,0.8,5082,bot4 penalty=30,0,button_burned,17,8,51.415,0
50,0.8,5083,bot2,1,success,22,0,3.814,1
50,0.8,5083,bot3,1,success,22,0,5.011,1
50,0.8,5083,bot4 penalty=5,1,success,22,0,29.208,1
50,0.8,5083,bot4 penalty=10,1,success,22,0,29.297,1
50,0.8,5083,bot4 penalty=20,1,success,22,0,32.048,1
50,0.8,5083,bot4 penalty=30,1,success,22,0,31.418,1
50,0.8,5084,bot2,0,trapped,30,0,20.29,0
50,0.8,5084,bot3,0,trapped,30,1,21.935,0
50,0.8,5084,bot4 penalty=5,0,trapped,42,4,61.357,0
50,0.8,5084,bot4 penalty=10,0,trapped,42,4,59.624,0
50,0.8,5084,bot4 penalty=20,0,trapped,47,12,70.381,0
50,0.8,5084,bot4 penalty=30,0,trapped,47,12,72.632,0
50,0.8,5085,bot2,0,button_burned,12,0,7.18,0
50,0.8,5085,bot3,0,button_burned,12,0,8.069,0
50,0.8,5085,bot4 penalty=5,0,button_burned,12,1,26.431,0
50,0.8,5085,bot4 penalty=10,0,button_burned,12,1,29.645,0
50,0.8,5085,bot4 penalty=20,0,button_burned,12,1,32.239,0
50,0.8,5085,bot4 penalty=30,0,button_burned,12,1,33.357,0
50,0.8,5086,bot2,0,trapped,13,0,5.647,0
50,0.8,5086,bot3,0,trapped,13,2,8.251,0
50,0.8,5086,bot4 penalty=5,0,trapped,13,4,26.516,0
50,0.8,5086,bot4 penalty=10,0,trapped,13,8,32.193,0
50,0.8,5086,bot4 penalty=20,0,trapped,13,8,36.046,0
50,0.8,5086,bot4 penalty=30,0,trapped,13,8,39.108,0
50,0.8,5087,bot2,1,success,22,0,3.683,1
50,0.8,5087,bot3,1,success,22,0,4.7,1
50,0.8,5087,bot4 penalty=5,1,success,22,0,27.421,1
50,0.8,5087,bot4 penalty=10,1,success,22,0,26.71,1
50,0.8,5087,bot4 penalty=20,1,success,22,0,26.478,1
50,0.8,5087,bot4 penalty=30,1,success,22,0,30.58,1
50,0.8,5088,bot2,0,caught,54,0,29.032,0
50,0.8,5088,bot3,0,caught,54,0,38.658,0
50,0.8,5088,bot4 penalty=5,0,caught,58,4,81.583,0
50,0.8,5088,bot4 penalty=10,0,caught,58,4,86.21,0
50,0.8,5088,bot4 penalty=20,0,caught,58,4,86.935,0
50,0.8,5088,bot4 penalty=30,0,caught,58,4,89.114,0
50,0.8,5089,bot2,0,button_burned,62,0,30.702,0
50,0.8,5089,bot3,0,button_burned,62,1,42.081,0
50,0.8,5089,bot4 penalty=5,0,button_burned,62,4,92.533,0
50,0.8,5089,bot4 penalty=10,0,button_burned,62,5,93.335,0
50,0.8,5089,bot4 penalty=20,0,button_burned,62,7,132.675,0
50,0.8,5089,bot4 penalty=30,0,button_burned,62,6,117.983,0
50,0.8,5090,bot2,0,button_burned,20,0,7.682,0
50,0.8,5090,bot3,0,button_burned,20,0,7.267,0
50,0.8,5090,bot4 penalty=5,0,button_burned,20,1,29.227,0
50,0.8,5090,bot4 penalty=10,0,button_burned,20,1,30.707,0
50,0.8,5090,bot4 penalty=20,0,button_burned,20,1,34.953,0
50,0.8,5090,bot4 penalty=30,0,button_burned,20,1,48.958,0
50,0.8,5091,bot2,0,caught,38,0,17.898,0
50,0.8,5091,bot3,0,caught,39,0,20.318,0
50,0.8,5091,bot4 penalty=5,0,caught,39,0,78.407,0
50,0.8,5091,bot4 penalty=10,0,caught,39,0,57.02,0
50,0.8,5091,bot4 penalty=20,0,caught,39,0,61.519,0
50,0.8,5091,bot4 penalty=30,0,trapped,44,7,108.465,0
50,0.8,5092,bot2,0,caught,19,0,10.184,0
50,0.8,5092,bot3,0,caught,19,0,10.419,0
50,0.8,5092,bot4 penalty=5,0,caught,19,0,28.244,0
50,0.8,5092,bot4 penalty=10,0,caught,19,0,44.525,0
50,0.8,5092,bot4 penalty=20,0,caught,19,0,33.396,0
50,0.8,5092,bot4 penalty=30,0,caught,19,0,30.442,0
50,0.8,5093,bot2,0,button_burned,20,0,8.065,0
50,0.8,5093,bot3,0,button_burned,20,0,11.878,0
50,0.8,5093,bot4 penalty=5,0,button_burned,20,0,52.554,0
50,0.8,5093,bot4 penalty=10,0,button_burned,20,0,52.428,0
50,0.8,5093,bot4 penalty=20,0,button_burned,20,0,45.766,0
50,0.8,5093,bot4 penalty=30,0,button_burned,20,0,40.858,0
50,0.8,5094,bot2,0,button_burned,12,0,9.639,0
50,0.8,5094,bot3,0,button_burned,12,0,10.291,0
50,0.8,5094,bot4 penalty=5,0,button_burned,12,0,24.691,0
50,0.8,5094,bot4 penalty=10,0,button_burned,12,2,29.057,0
50,0.8,5094,bot4 penalty=20,0,button_burned,12,2,32.032,0
50,0.8,5094,bot4 penalty=30,0,button_burned,12,2,33.07,0
50,0.8,5095,bot2,1,success,26,0,4.967,1
50,0.8,5095,bot3,1,success,26,0,5.687,1
50,0.8,5095,bot4 penalty=5,1,success,26,0,34.787,1
50,0.8,5095,bot4 penalty=10,1,success,26,0,38.943,1
50,0.8,5095,bot4 penalty=20,1,success,26,0,37.65,1
50,0.8,5095,bot4 penalty=30,1,success,26,0,34.654,1
50,0.8,5096,bot2,1,success,20,0,2.95,1
50,0.8,5096,bot3,1,success,20,0,3.353,1
50,0.8,5096,bot4 penalty=5,1,success,20,0,25.152,1
50,0.8,5096,bot4 penalty=10,1,success,20,0,24.483,1
50,0.8,5096,bot4 penalty=20,1,success,20,0,24.083,1
50,0.8,5096,bot4 penalty=30,1,success,20,0,23.738,1
50,0.8,5097,bot2,1,success,32,0,7.899,1
50,0.8,5097,bot3,1,success,32,0,9.645,1
50,0.8,5097,bot4 penalty=5,1,success,32,0,39.867,1
50,0.8,5097,bot4 penalty=10,1,success,32,0,42.413,1
50,0.8,5097,bot4 penalty=20,1,success,32,0,41.461,1
50,0.8,5097,bot4 penalty=30,1,success,32,0,42.794,1
50,0.8,5098,bot2,0,trapped,28,0,9.227,0
50,0.8,5098,bot3,0,trapped,28,0,11.548,0
50,0.8,5098,bot4 penalty=5,0,trapped,28,0,43.524,0
50,0.8,5098,bot4 penalty=10,0,trapped,28,0,42.702,0
50,0.8,5098,bot4 penalty=20,0,trapped,28,0,42.617,0
50,0.8,5098,bot4 penalty=30,0,trapped,28,0,41.848,0
50,0.8,5099,bot2,1,success,33,0,8.921,1
50,0.8,5099,bot3,1,success,33,0,9.924,1
50,0.8,5099,bot4 penalty=5,1,success,33,0,43.682,1
50,0.8,5099,bot4 penalty=10,1,success,33,0,44.258,1
50,0.8,5099,bot4 penalty=20,1,success,35,1,46.377,1
50,0.8,5099,bot4 penalty=30,1,success,35,1,45.327,1
50,0.8,5100,bot2,1,success,22,0,4.359,1
50,0.8,5100,bot3,1,success,22,0,5.413,1
50,0.8,5100,bot4 penalty=5,1,success,22,0,31.469,1
50,0.8,5100,bot4 penalty=10,1,success,22,0,31.922,1
50,0.8,5100,bot4 penalty=20,1,success,22,0,27.331,1
50,0.8,5100,bot4 penalty=30,1,success,24,1,30.22,1
50,0.8,5101,bot2,0,button_burned,28,0,6.536,0
50,0.8,5101,bot3,0,button_burned,28,0,8.927,0
50,0.8,5101,bot4 penalty=5,0,button_burned,28,0,36.593,0
50,0.8,5101,bot4 penalty=10,0,button_burned,28,0,36.48,0
50,0.8,5101,bot4 penalty=20,0,button_burned,28,0,39.244,0
50,0.8,5101,bot4 penalty=30,0,button_burned,28,0,41.153,0
50,0.8,5102,bot2,0,trapped,20,0,17.06,0
50,0.8,5102,bot3,0,trapped,20,0,20.064,0
50,0.8,5102,bot4 penalty=5,0,trapped,20,0,53.311,0
50,0.8,5102,bot4 penalty=10,0,trapped,20,0,59.449,0
50,0.8,5102,bot4 penalty=20,0,trapped,20,1,57.9,0
50,0.8,5102,bot4 penalty=30,0,trapped,20,1,59.818,0
50,0.8,5103,bot2,1,success,66,0,37.213,1
50,0.8,5103,bot3,1,success,66,0,48.851,1
50,0.8,5103,bot4 penalty=5,1,success,66,0,94.707,1
50,0.8,5103,bot4 penalty=10,1,success,66,0,116.351,1
50,0.8,5103,bot4 penalty=20,1,success,66,0,101.759,1
50,0.8,5103,bot4 penalty=30,1,success,66,0,103.048,1
50,0.8,5104,bot2,0,trapped,38,0,19.59,0
50,0.8,5104,bot3,0,trapped,38,0,25.117,0
50,0.8,5104,bot4 penalty=5,0,trapped,38,0,58.944,0
50,0.8,5104,bot4 penalty=10,0,trapped,38,1,61.003,0
50,0.8,5104,bot4 penalty=20,0,trapped,38,1,67.772,0
50,0.8,5104,bot4 penalty=30,0,trapped,38,1,69.996,0
50,0.8,5105,bot2,0,button_burned,17,0,8.105,0
50,0.8,5105,bot3,0,button_burned,17,0,9.035,0
50,0.8,5105,bot4 penalty=5,0,button_burned,17,0,27.307,0
50,0.8,5105,bot4 penalty=10,0,button_burned,17,1,33.463,0
50,0.8,5105,bot4 penalty=20,0,button_burned,17,1,39.408,0
50,0.8,5105,bot4 penalty=30,0,button_burned,17,1,40.229,0
50,0.8,5106,bot2,0,trapped,68,0,52.15,0
50,0.8,5106,bot3,0,trapped,68,0,62.956,0
50,0.8,5106,bot4 penalty=5,0,trapped,68,1,118.123,0
50,0.8,5106,bot4 penalty=10,0,trapped,68,1,159.601,0
50,0.8,5106,bot4 penalty=20,0,trapped,68,11,132.399,0
50,0.8,5106,bot4 penalty=30,0,trapped,68,11,134.771,0
50,0.8,5107,bot2,0,trapped,20,0,17.628,0
50,0.8,5107,bot3,0,trapped,20,1,20.269,0
50,0.8,5107,bot4 penalty=5,0,trapped,20,2,41.454,0
50,0.8,5107,bot4 penalty=10,0,trapped,20,2,43.27,0
50,0.8,5107,bot4 penalty=20,0,trapped,20,7,52.8,0
50,0.8,5107,bot4 penalty=30,0,trapped,20,8,52.841,0
50,0.8,5108,bot2,1,success,31,0,12.316,1
50,0.8,5108,bot3,1,success,31,0,13.862,1
50,0.8,5108,bot4 penalty=5,1,success,31,0,42.288,1
50,0.8,5108,bot4 penalty=10,1,success,31,0,40.347,1
50,0.8,5108,bot4 penalty=20,1,success,31,0,40.3,1
50,0.8,5108,bot4 penalty=30,1,success,31,0,42.277,1
50,0.8,5109,bot2,0,caught,21,0,18.461,0
50,0.8,5109,bot3,0,trapped,38,1,34.892,0
50,0.8,5109,bot4 penalty=5,0,trapped,50,4,75.843,0
50,0.8,5109,bot4 penalty=10,0,trapped,50,5,76.897,0
50,0.8,5109,bot4 penalty=20,0,caught,49,8,100.479,0
50,0.8,5109,bot4 penalty=30,0,caught,49,8,91.482,0
50,0.8,5110,bot2,1,success,47,0,18.555,0
50,0.8,5110,bot3,1,success,47,0,30.52,0
50,0.8,5110,bot4 penalty=5,1,success,49,1,70.599,0
50,0.8,5110,bot4 penalty=10,1,success,49,1,66.821,0
50,0.8,5110,bot4 penalty=20,0,button_burned,53,8,80.232,0
50,0.8,5110,bot4 penalty=30,0,trapped,45,6,67.683,0
50,0.8,5111,bot2,1,success,58,0,27.14,1
50,0.8,5111,bot3,1,success,58,0,34.067,1
50,0.8,5111,bot4 penalty=5,1,success,58,0,85.38,1
50,0.8,5111,bot4 penalty=10,1,success,58,0,82.818,1
50,0.8,5111,bot4 penalty=20,1,success,58,0,84.733,1
50,0.8,5111,bot4 penalty=30,1,success,58,0,82.207,1
50,0.8,5112,bot2,1,success,12,0,1.647,1
50,0.8,5112,bot3,1,success,12,0,1.797,1
50,0.8,5112,bot4 penalty=5,1,success,12,0,14.918,1
50,0.8,5112,bot4 penalty=10,1,success,12,0,14.808,1
50,0.8,5112,bot4 penalty=20,1,success,12,0,14.881,1
50,0.8,5112,bot4 penalty=30,1,success,12,0,15.079,1
50,0.8,5113,bot2,1,success,21,0,3.51,1
50,0.8,5113,bot3,1,success,21,0,4.372,1
50,0.8,5113,bot4 penalty=5,1,success,21,0,26.932,1
50,0.8,5113,bot4 penalty=10,1,success,21,0,26.918,1
50,0.8,5113,bot4 penalty=20,1,success,21,0,26.637,1
50,0.8,5113,bot4 penalty=30,1,success,21,0,26.526,1
50,0.8,5114,bot2,0,button_burned,32,0,10.342,0
50,0.8,5114,bot3,0,button_burned,32,0,14.248,0
50,0.8,5114,bot4 penalty=5,0,button_burned,32,0,46.821,0
50,0.8,5114,bot4 penalty=10,0,button_burned,32,0,45.808,0
50,0.8,5114,bot4 penalty=20,0,button_burned,32,0,46.326,0
50,0.8,5114,bot4 penalty=30,0,button_burned,32,0,49.981,0
50,0.8,5115,bot2,1,success,27,0,6.534,1
50,0.8,5115,bot3,1,success,27,0,7.915,1
50,0.8,5115,bot4 penalty=5,1,success,27,0,37.888,1
50,0.8,5115,bot4 penalty=10,1,success,27,0,35.579,1
50,0.8,5115,bot4 penalty=20,1,success,27,0,35.794,1
50,0.8,5115,bot4 penalty=30,1,success,37,5,50.492,1
50,0.8,5116,bot2,0,trapped,5,0,2.153,0
50,0.8,5116,bot3,0,trapped,5,0,1.869,0
50,0.8,5116,bot4 penalty=5,0,caught,20,4,28.203,0
50,0.8,5116,bot4 penalty=10,0,button_burned,32,6,57.654,0
50,0.8,5116,bot4 penalty=20,0,button_burned,32,6,67.88,0
50,0.8,5116,bot4 penalty=30,0,button_burned,32,5,74.825,0
50,0.8,5117,bot2,1,success,21,0,3.58,1
50,0.8,5117,bot3,1,success,21,0,5.083,1
50,0.8,5117,bot4 penalty=5,1,success,21,0,27.983,1
50,0.8,5117,bot4 penalty=10,1,success,21,0,29.873,1
50,0.8,5117,bot4 penalty=20,1,success,21,0,27.9,1
50,0.8,5117,bot4 penalty=30,1,success,21,0,33.171,1
50,0.8,5118,bot2,1,success,51,0,24.001,1
50,0.8,5118,bot3,1,success,51,0,29.383,1
50,0.8,5118,bot4 penalty=5,1,success,51,0,69.607,1
50,0.8,5118,bot4 penalty=10,1,success,51,0,68.897,1
50,0.8,5118,bot4 penalty=20,1,success,51,0,69.995,1
50,0.8,5118,bot4 penalty=30,1,success,51,0,73.414,1
50,0.8,5119,bot2,1,success,11,0,1.329,1
50,0.8,5119,bot3,1,success,11,0,1.564,1
50,0.8,5119,bot4 penalty=5,1,success,11,0,14.394,1
50,0.8,5119,bot4 penalty=10,1,success,11,0,15.887,1
50,0.8,5119,bot4 penalty=20,1,success,11,0,14.549,1
50,0.8,5119,bot4 penalty=30,1,success,11,0,14.705,1
50,0.8,5120,bot2,1,success,30,0,6.999,1
50,0.8,5120,bot3,1,success,30,0,8.406,1
50,0.8,5120,bot4 penalty=5,1,success,30,0,39.496,1
50,0.8,5120,bot4 penalty=10,1,success,30,0,38.503,1
50,0.8,5120,bot4 penalty=20,1,success,30,0,40.372,1
50,0.8,5120,bot4 penalty=30,1,success,30,0,39.207,1
50,0.8,5121,bot2,0,trapped,28,0,16.889,0
50,0.8,5121,bot3,0,button_burned,29,1,19.879,0
50,0.8,5121,bot4 penalty=5,0,button_burned,29,3,54.464,0
50,0.8,5121,bot4 penalty=10,0,button_burned,29,3,60.149,0
50,0.8,5121,bot4 penalty=20,0,button_burned,29,3,64.27,0
50,0.8,5121,bot4 penalty=30,0,button_burned,29,3,64.004,0
50,0.8,5122,bot2,1,success,35,0,9.289,0
50,0.8,5122,bot3,1,success,35,0,10.952,0
50,0.8,5122,bot4 penalty=5,1,success,35,0,44.33,0
50,0.8,5122,bot4 penalty=10,1,success,35,0,45.443,0
50,0.8,5122,bot4 penalty=20,1,success,35,0,47.052,0
50,0.8,5122,bot4 penalty=30,1,success,35,0,46.402,0
50,0.8,5123,bot2,0,button_burned,45,0,15.338,0
50,0.8,5123,bot3,0,button_burned,45,0,22.366,0
50,0.8,5123,bot4 penalty=5,0,button_burned,45,0,61.266,0
50,0.8,5123,bot4 penalty=10,0,button_burned,45,0,67.64,0
50,0.8,5123,bot4 penalty=20,0,button_burned,45,0,82.844,0
50,0.8,5123,bot4 penalty=30,0,button_burned,45,0,67.816,0
50,0.8,5124,bot2,0,button_burned,10,0,5.48,0
50,0.8,5124,bot3,0,button_burned,10,0,7.044,0
50,0.8,5124,bot4 penalty=5,0,button_burned,10,0,22.569,0
50,0.8,5124,bot4 penalty=10,0,button_burned,10,0,20.762,0
50,0.8,5124,bot4 penalty=20,0,button_burned,10,0,23.489,0
50,0.8,5124,bot4 penalty=30,0,button_burned,10,0,24.504,0
50,0.8,5125,bot2,0,trapped,23,0,19.575,0
50,0.8,5125,bot3,0,trapped,23,0,21.967,0
50,0.8,5125,bot4 penalty=5,0,trapped,23,0,56.556,0
50,0.8,5125,bot4 penalty=10,0,trapped,23,0,64.344,0
50,0.8,5125,bot4 penalty=20,0,trapped,23,0,59.247,0
50,0.8,5125,bot4 penalty=30,0,trapped,23,0,59.823,0
50,0.8,5126,bot2,1,success,52,0,26.574,1
50,0.8,5126,bot3,1,success,52,0,31.448,1
50,0.8,5126,bot4 penalty=5,1,success,52,0,77.468,1
50,0.8,5126,bot4 penalty=10,1,success,52,0,92.356,1
50,0.8,5126,bot4 penalty=20,1,success,52,0,81.69,1
50,0.8,5126,bot4 penalty=30,1,success,52,0,73.199,1
50,0.8,5127,bot2,1,success,1,0,0.112,1
50,0.8,5127,bot3,1,success,1,0,0.098,1
50,0.8,5127,bot4 penalty=5,1,success,1,0,1.372,1
50,0.8,5127,bot4 penalty=10,1,success,1,0,1.343,1
50,0.8,5127,bot4 penalty=20,1,success,1,0,1.259,1
50,0.8,5127,bot4 penalty=30,1,success,1,0,1.202,1
50,0.8,5128,bot2,1,success,6,0,0.676,1
50,0.8,5128,bot3,1,success,6,0,0.706,1
50,0.8,5128,bot4 penalty=5,1,success,6,0,7.9,1
50,0.8,5128,bot4 penalty=10,1,success,6,0,7.724,1
50,0.8,5128,bot4 penalty=20,1,success,6,0,7.932,1
50,0.8,5128,bot4 penalty=30,1,success,6,0,7.463,1
50,0.8,5129,bot2,1,success,26,0,5.874,1
50,0.8,5129,bot3,1,success,26,0,6.854,1
50,0.8,5129,bot4 penalty=5,1,success,26,0,34.896,1
50,0.8,5129,bot4 penalty=10,1,success,26,0,35.564,1
50,0.8,5129,bot4 penalty=20,1,success,26,0,33.089,1
50,0.8,5129,bot4 penalty=30,1,success,26,0,33.609,1
50,0.8,5130,bot2,0,button_burned,19,0,8.509,0
50,0.8,5130,bot3,0,button_burned,19,0,9.668,0
50,0.8,5130,bot4 penalty=5,0,button_burned,19,0,28.126,0
50,0.8,5130,bot4 penalty=10,0,button_burned,19,0,30.738,0
50,0.8,5130,bot4 penalty=20,0,button_burned,19,0,37.613,0
50,0.8,5130,bot4 penalty=30,0,button_burned,19,0,42.793,0
50,0.8,5131,bot2,1,success,47,0,17.996,1
50,0.8,5131,bot3,1,success,47,0,26.877,1
50,0.8,5131,bot4 penalty=5,1,success,47,0,63.425,1
50,0.8,5131,bot4 penalty=10,1,success,47,0,60.316,1
50,0.8,5131,bot4 penalty=20,1,success,47,0,63.161,1
50,0.8,5131,bot4 penalty=30,1,success,47,0,74.276,1
50,0.8,5132,bot2,1,success,35,0,9.767,1
50,0.8,5132,bot3,1,success,35,0,12.703,1
50,0.8,5132,bot4 penalty=5,1,success,35,0,50.048,1
50,0.8,5132,bot4 penalty=10,1,success,35,0,47.954,1
50,0.8,5132,bot4 penalty=20,1,success,35,0,46.789,1
50,0.8,5132,bot4 penalty=30,1,success,35,0,46.172,1
50,0.8,5133,bot2,1,success,40,0,11.608,1
50,0.8,5133,bot3,1,success,40,0,16.314,1
50,0.8,5133,bot4 penalty=5,1,success,40,0,54.832,1
50,0.8,5133,bot4 penalty=10,1,success,40,0,52.067,1
50,0.8,5133,bot4 penalty=20,1,success,40,0,52.575,1
50,0.8,5133,bot4 penalty=30,1,success,40,0,53.14,1
50,0.8,5134,bot2,1,success,15,0,2.092,1
50,0.8,5134,bot3,1,success,15,0,2.354,1
50,0.8,5134,bot4 penalty=5,1,success,15,0,19.57,1
50,0.8,5134,bot4 penalty=10,1,success,15,0,18.947,1
50,0.8,5134,bot4 penalty=20,1,success,15,0,23.176,1
50,0.8,5134,bot4 penalty=30,1,success,15,0,29.527,1
50,0.8,5135,bot2,1,success,56,0,28.324,0
50,0.8,5135,bot3,1,success,56,0,41.456,0
50,0.8,5135,bot4 penalty=5,0,caught,53,4,82.208,0
50,0.8,5135,bot4 penalty=10,0,caught,53,4,77.972,0
50,0.8,5135,bot4 penalty=20,0,caught,53,4,76.385,0
50,0.8,5135,bot4 penalty=30,0,caught,53,4,77.614,0
50,0.8,5136,bot2,1,success,66,0,31.919,1
50,0.8,5136,bot3,1,success,66,0,40.189,1
50,0.8,5136,bot4 penalty=5,1,success,66,0,92.179,1
50,0.8,5136,bot4 penalty=10,1,success,66,0,89.623,1
50,0.8,5136,bot4 penalty=20,1,success,66,0,91.335,1
50,0.8,5136,bot4 penalty=30,1,success,66,0,96.96,1
50,0.8,5137,bot2,0,trapped,12,0,10.351,0
50,0.8,5137,bot3,0,trapped,12,0,12.295,0
50,0.8,5137,bot4 penalty=5,0,trapped,12,0,30.665,0
50,0.8,5137,bot4 penalty=10,0,trapped,12,0,34.036,0
50,0.8,5137,bot4 penalty=20,0,trapped,12,0,42.069,0
50,0.8,5137,bot4 penalty=30,0,trapped,12,0,44.603,0
50,0.8,5138,bot2,1,success,14,0,1.789,1
50,0.8,5138,bot3,1,success,14,0,2.81,1
50,0.8,5138,bot4 penalty=5,1,success,14,0,19.113,1
50,0.8,5138,bot4 penalty=10,1,success,14,0,18.493,1
50,0.8,5138,bot4 penalty=20,1,success,14,0,17.967,1
50,0.8,5138,bot4 penalty=30,1,success,14,0,17.938,1
50,0.8,5139,bot2,1,success,78,0,43.552,1
50,0.8,5139,bot3,1,success,78,0,60.298,1
50,0.8,5139,bot4 penalty=5,1,success,78,0,123.363,1
50,0.8,5139,bot4 penalty=10,1,success,78,0,121.754,1
50,0.8,5139,bot4 penalty=20,1,success,82,2,125.773,1
50,0.8,5139,bot4 penalty=30,1,success,82,2,131.464,1
50,0.8,5140,bot2,1,success,15,0,2.102,1
50,0.8,5140,bot3,1,success,15,0,2.337,1
50,0.8,5140,bot4 penalty=5,1,success,15,0,19.55,1
50,0.8,5140,bot4 penalty=10,1,success,15,0,19.079,1
50,0.8,5140,bot4 penalty=20,1,success,15,0,19.047,1
50,0.8,5140,bot4 penalty=30,1,success,15,0,19.071,1
50,0.8,5141,bot2,0,trapped,33,0,23.988,0
50,0.8,5141,bot3,0,trapped,33,1,30.425,0
50,0.8,5141,bot4 penalty=5,0,trapped,33,0,104.974,0
50,0.8,5141,bot4 penalty=10,0,trapped,33,4,84.113,0
50,0.8,5141,bot4 penalty=20,0,trapped,33,7,76.942,0
50,0.8,5141,bot4 penalty=30,0,trapped,33,8,76.221,0
50,0.8,5142,bot2,1,success,39,0,11.295,1
50,0.8,5142,bot3,1,success,39,0,13.699,1
50,0.8,5142,bot4 penalty=5,1,success,39,0,50.701,1
50,0.8,5142,bot4 penalty=10,1,success,39,0,49.596,1
50,0.8,5142,bot4 penalty=20,1,success,39,0,52.12,1
50,0.8,5142,bot4 penalty=30,1,success,39,0,52.024,1
50,0.8,5143,bot2,1,success,29,0,6.747,1
50,0.8,5143,bot3,1,success,29,0,8.865,1
50,0.8,5143,bot4 penalty=5,1,success,29,0,35.772,1
50,0.8,5143,bot4 penalty=10,1,success,29,0,36.26,1
50,0.8,5143,bot4 penalty=20,1,success,29,0,35.172,1
50,0.8,5143,bot4 penalty=30,1,success,29,0,36.356,1
50,0.8,5144,bot2,1,success,55,0,22.304,1
50,0.8,5144,bot3,1,success,55,0,33.489,1
50,0.8,5144,bot4 penalty=5,1,success,55,0,82.851,1
50,0.8,5144,bot4 penalty=10,1,success,55,0,86.341,1
50,0.8,5144,bot4 penalty=20,1,success,55,0,78.473,1
50,0.8,5144,bot4 penalty=30,1,success,55,0,77.256,1
50,0.8,5145,bot2,0,button_burned,24,0,22.423,0
50,0.8,5145,bot3,0,button_burned,24,0,27.524,0
50,0.8,5145,bot4 penalty=5,0,button_burned,24,0,52.615,0
50,0.8,5145,bot4 penalty=10,0,button_burned,24,0,73.459,0
50,0.8,5145,bot4 penalty=20,0,button_burned,24,0,68.334,0
50,0.8,5145,bot4 penalty=30,0,button_burned,24,0,65.013,0
50,0.8,5146,bot2,0,trapped,32,0,15.399,0
50,0.8,5146,bot3,0,trapped,32,0,18.745,0
50,0.8,5146,bot4 penalty=5,0,trapped,32,0,53.946,0
50,0.8,5146,bot4 penalty=10,0,trapped,32,0,56.914,0
50,0.8,5146,bot4 penalty=20,0,trapped,32,0,51.128,0
50,0.8,5146,bot4 penalty=30,0,trapped,32,0,52.066,0
50,0.8,5147,bot2,0,caught,26,0,6.027,0
50,0.8,5147,bot3,0,button_burned,27,1,8.529,0
50,0.8,5147,bot4 penalty=5,0,button_burned,27,0,36.334,0
50,0.8,5147,bot4 penalty=10,0,button_burned,27,0,36.354,0
50,0.8,5147,bot4 penalty=20,0,button_burned,27,0,35.084,0
50,0.8,5147,bot4 penalty=30,0,button_burned,27,0,37.207,0
50,0.8,5148,bot2,0,button_burned,6,0,3.722,0
50,0.8,5148,bot3,0,button_burned,6,0,4.69,0
50,0.8,5148,bot4 penalty=5,0,button_burned,6,0,15.768,0
50,0.8,5148,bot4 penalty=10,0,button_burned,6,0,18.87,0
50,0.8,5148,bot4 penalty=20,0,button_burned,6,0,21.394,0
50,0.8,5148,bot4 penalty=30,0,button_burned,6,0,21.001,0
50,0.8,5149,bot2,1,success,57,0,32.324,1
50,0.8,5149,bot3,1,success,57,0,54.951,1
50,0.8,5149,bot4 penalty=5,1,success,57,0,97.771,1
50,0.8,5149,bot4 penalty=10,1,success,57,0,98.613,1
50,0.8,5149,bot4 penalty=20,1,success,57,0,89.664,1
50,0.8,5149,bot4 penalty=30,1,success,57,0,92.042,1
50,0.8,5150,bot2,1,success,41,0,13.716,1
50,0.8,5150,bot3,1,success,41,0,19.838,1
50,0.8,5150,bot4 penalty=5,1,success,41,0,58.967,1
50,0.8,5150,bot4 penalty=10,1,success,41,0,63.891,1
50,0.8,5150,bot4 penalty=20,1,success,41,0,78.818,1
50,0.8,5150,bot4 penalty=30,1,success,41,0,61.225,1
50,0.8,5151,bot2,1,success,38,0,11.034,1
50,0.8,5151,bot3,1,success,38,0,16.913,1
50,0.8,5151,bot4 penalty=5,1,success,38,0,55.195,1
50,0.8,5151,bot4 penalty=10,1,success,38,0,52.136,1
50,0.8,5151,bot4 penalty=20,1,success,38,0,52.653,1
50,0.8,5151,bot4 penalty=30,1,success,38,0,52.649,1
50,0.8,5152,bot2,0,button_burned,35,0,28.085,0
50,0.8,5152,bot3,0,button_burned,35,0,33.239,0
50,0.8,5152,bot4 penalty=5,0,button_burned,35,3,75.873,0
50,0.8,5152,bot4 penalty=10,0,button_burned,35,3,75.383,0
50,0.8,5152,bot4 penalty=20,0,button_burned,35,3,80.009,0
50,0.8,5152,bot4 penalty=30,0,button_burned,35,3,81.376,0
50,0.8,5153,bot2,0,caught,25,0,4.911,0
50,0.8,5153,bot3,0,caught,25,0,6.281,0
50,0.8,5153,bot4 penalty=5,0,caught,25,0,36.016,0
50,0.8,5153,bot4 penalty=10,0,caught,25,0,36.062,0
50,0.8,5153,bot4 penalty=20,0,caught,25,0,37.992,0
50,0.8,5153,bot4 penalty=30,0,caught,25,0,36.838,0
50,0.8,5154,bot2,1,success,43,0,11.92,1
50,0.8,5154,bot3,1,success,43,0,18.32,1
50,0.8,5154,bot4 penalty=5,1,success,43,0,68.569,1
50,0.8,5154,bot4 penalty=10,1,success,43,0,58.698,1
50,0.8,5154,bot4 penalty=20,1,success,43,0,57.917,1
50,0.8,5154,bot4 penalty=30,1,success,43,0,72.959,1
50,0.8,5155,bot2,1,success,16,0,2.167,0
50,0.8,5155,bot3,1,success,16,0,2.479,0
50,0.8,5155,bot4 penalty=5,1,success,16,0,20.502,0
50,0.8,5155,bot4 penalty=10,1,success,16,0,21.221,0
50,0.8,5155,bot4 penalty=20,1,success,16,0,21.783,0
50,0.8,5155,bot4 penalty=30,1,success,16,0,21.627,0
50,0.8,5156,bot2,0,trapped,46,0,28.769,0
50,0.8,5156,bot3,0,trapped,46,2,49.577,0
50,0.8,5156,bot4 penalty=5,0,caught,35,0,73.372,0
50,0.8,5156,bot4 penalty=10,0,caught,35,0,56.964,0
50,0.8,5156,bot4 penalty=20,0,trapped,46,10,82.815,0
50,0.8,5156,bot4 penalty=30,0,trapped,46,10,80.921,0
50,0.8,5157,bot2,1,success,12,0,1.476,1
50,0.8,5157,bot3,1,success,12,0,1.651,1
50,0.8,5157,bot4 penalty=5,1,success,12,0,15.844,1
50,0.8,5157,bot4 penalty=10,1,success,12,0,16.067,1
50,0.8,5157,bot4 penalty=20,1,success,12,0,16.381,1
50,0.8,5157,bot4 penalty=30,1,success,12,0,16.665,1
50,0.8,5158,bot2,1,success,39,0,11.076,0
50,0.8,5158,bot3,1,success,39,0,17.868,0
50,0.8,5158,bot4 penalty=5,1,success,39,0,59.437,0
50,0.8,5158,bot4 penalty=10,1,success,39,0,64.649,0
50,0.8,5158,bot4 penalty=20,1,success,39,0,66.014,0
50,0.8,5158,bot4 penalty=30,1,success,39,0,66.592,0
50,0.8,5159,bot2,1,success,21,0,4.09,1
50,0.8,5159,bot3,1,success,21,0,5.2,1
50,0.8,5159,bot4 penalty=5,1,success,21,0,30.937,1
50,0.8,5159,bot4 penalty=10,1,success,21,0,28.937,1
50,0.8,5159,bot4 penalty=20,1,success,21,0,28.555,1
50,0.8,5159,bot4 penalty=30,1,success,21,0,29.536,1
50,0.8,5160,bot2,1,success,55,0,24.915,1
50,0.8,5160,bot3,1,success,55,0,35.875,1
50,0.8,5160,bot4 penalty=5,1,success,55,0,78.626,1
50,0.8,5160,bot4 penalty=10,1,success,55,0,74.904,1
50,0.8,5160,bot4 penalty=20,1,success,55,0,71.74,1
50,0.8,5160,bot4 penalty=30,1,success,55,0,73.917,1
50,0.8,5161,bot2,1,success,17,0,2.604,1
50,0.8,5161,bot3,1,success,17,0,2.749,1
50,0.8,5161,bot4 penalty=5,1,success,17,0,21.658,1
50,0.8,5161,bot4 penalty=10,1,success,17,0,20.905,1
50,0.8,5161,bot4 penalty=20,1,success,17,0,20.959,1
50,0.8,5161,bot4 penalty=30,1,success,17,0,20.578,1
50,0.8,5162,bot2,1,success,63,0,33.221,1
50,0.8,5162,bot3,1,success,63,0,42.664,1
50,0.8,5162,bot4 penalty=5,1,success,63,0,82.206,1
50,0.8,5162,bot4 penalty=10,1,success,63,0,89.215,1
50,0.8,5162,bot4 penalty=20,1,success,63,0,84.529,1
50,0.8,5162,bot4 penalty=30,1,success,63,0,87.062,1
50,0.8,5163,bot2,1,success,65,0,35.645,1
50,0.8,5163,bot3,1,success,65,0,41.793,1
50,0.8,5163,bot4 penalty=5,1,success,65,0,90.247,1
50,0.8,5163,bot4 penalty=10,1,success,65,0,91.431,1
50,0.8,5163,bot4 penalty=20,1,success,65,0,94.864,1
50,0.8,5163,bot4 penalty=30,1,success,65,0,92.761,1
50,0.8,5164,bot2,0,trapped,16,0,14.958,0
50,0.8,5164,bot3,0,trapped,16,1,16.926,0
50,0.8,5164,bot4 penalty=5,0,trapped,16,2,35.68,0
50,0.8,5164,bot4 penalty=10,0,trapped,16,2,42.712,0
50,0.8,5164,bot4 penalty=20,0,trapped,16,2,49.353,0
50,0.8,5164,bot4 penalty=30,0,trapped,16,2,51.449,0
50,0.8,5165,bot2,0,trapped,19,0,11.456,0
50,0.8,5165,bot3,0,trapped,19,0,13.394,0
50,0.8,5165,bot4 penalty=5,0,trapped,19,0,35.382,0
50,0.8,5165,bot4 penalty=10,0,trapped,19,0,36.956,0
50,0.8,5165,bot4 penalty=20,0,trapped,19,0,44.262,0
50,0.8,5165,bot4 penalty=30,0,trapped,19,0,48.521,0
50,0.8,5166,bot2,1,success,42,0,11.779,0
50,0.8,5166,bot3,1,success,42,0,18.33,0
50,0.8,5166,bot4 penalty=5,0,button_burned,44,3,91.131,0
50,0.8,5166,bot4 penalty=10,0,caught,34,8,67.224,0
50,0.8,5166,bot4 penalty=20,0,caught,34,8,54.604,0
50,0.8,5166,bot4 penalty=30,0,caught,34,8,56.159,0
50,0.8,5167,bot2,0,button_burned,24,0,20.293,0
50,0.8,5167,bot3,0,button_burned,24,2,19.649,0
50,0.8,5167,bot4 penalty=5,0,button_burned,24,0,49.991,0
50,0.8,5167,bot4 penalty=10,0,button_burned,24,5,54.334,0
50,0.8,5167,bot4 penalty=20,0,button_burned,24,11,61.307,0
50,0.8,5167,bot4 penalty=30,0,button_burned,24,15,67.954,0
50,0.8,5168,bot2,1,success,50,0,24.701,1
50,0.8,5168,bot3,1,success,50,0,32.465,1
50,0.8,5168,bot4 penalty=5,1,success,50,0,66.672,1
50,0.8,5168,bot4 penalty=10,1,success,50,0,70.546,1
50,0.8,5168,bot4 penalty=20,1,success,50,0,71.272,1
50,0.8,5168,bot4 penalty=30,1,success,50,0,71.448,1
50,0.8,5169,bot2,0,button_burned,9,0,4.771,0
50,0.8,5169,bot3,0,button_burned,9,0,6.585,0
50,0.8,5169,bot4 penalty=5,0,button_burned,9,0,17.475,0
50,0.8,5169,bot4 penalty=10,0,button_burned,9,0,21.433,0
50,0.8,5169,bot4 penalty=20,0,button_burned,9,0,26.739,0
50,0.8,5169,bot4 penalty=30,0,button_burned,9,0,29.633,0
50,0.8,5170,bot2,1,success,37,0,13.401,1
50,0.8,5170,bot3,1,success,37,0,20.714,1
50,0.8,5170,bot4 penalty=5,1,success,37,0,50.393,1
50,0.8,5170,bot4 penalty=10,1,success,37,0,53.609,1
50,0.8,5170,bot4 penalty=20,1,success,37,0,54.579,1
50,0.8,5170,bot4 penalty=30,1,success,37,0,59.279,1
50,0.8,5171,bot2,0,trapped,40,0,28.484,0
50,0.8,5171,bot3,0,trapped,40,0,37.804,0
50,0.8,5171,bot4 penalty=5,0,trapped,40,5,77.611,0
50,0.8,5171,bot4 penalty=10,0,trapped,40,7,84.04,0
50,0.8,5171,bot4 penalty=20,0,trapped,40,7,71.059,0
50,0.8,5171,bot4 penalty=30,0,trapped,40,7,89.522,0
50,0.8,5172,bot2,0,caught,13,0,10.074,0
50,0.8,5172,bot3,0,caught,13,0,9.89,0
50,0.8,5172,bot4 penalty=5,0,trapped,35,2,58.463,0
50,0.8,5172,bot4 penalty=10,0,trapped,35,5,62.987,0
50,0.8,5172,bot4 penalty=20,0,trapped,35,5,64.676,0
50,0.8,5172,bot4 penalty=30,0,trapped,35,5,59.103,0
50,0.8,5173,bot2,0,trapped,20,0,14.861,0
50,0.8,5173,bot3,0,trapped,20,0,16.035,0
50,0.8,5173,bot4 penalty=5,0,trapped,20,0,39.502,0
50,0.8,5173,bot4 penalty=10,0,trapped,53,13,140.382,0
50,0.8,5173,bot4 penalty=20,0,trapped,53,13,124.506,0
50,0.8,5173,bot4 penalty=30,0,trapped,53,13,128.338,0
50,0.8,5174,bot2,1,success,53,0,27.776,1
50,0.8,5174,bot3,1,success,53,0,30.704,1
50,0.8,5174,bot4 penalty=5,1,success,53,0,76.846,1
50,0.8,5174,bot4 penalty=10,1,success,53,0,75.832,1
50,0.8,5174,bot4 penalty=20,1,success,53,0,76.175,1
50,0.8,5174,bot4 penalty=30,1,success,53,0,74.312,1
50,0.8,5175,bot2,1,success,42,0,17.429,0
50,0.8,5175,bot3,1,success,42,0,17.74,0
50,0.8,5175,bot4 penalty=5,1,success,42,0,60.266,0
50,0.8,5175,bot4 penalty=10,0,button_burned,42,1,58.95,0
50,0.8,5175,bot4 penalty=20,0,button_burned,42,1,71.132,0
50,0.8,5175,bot4 penalty=30,0,button_burned,42,1,59.877,0
50,0.8,5176,bot2,0,caught,39,0,27.888,0
50,0.8,5176,bot3,0,trapped,47,1,40.417,0
50,0.8,5176,bot4 penalty=5,0,trapped,47,4,80.891,0
50,0.8,5176,bot4 penalty=10,0,trapped,47,4,80.891,0
50,0.8,5176,bot4 penalty=20,0,trapped,47,4,92.208,0
50,0.8,5176,bot4 penalty=30,0,trapped,47,10,88.849,0
50,0.8,5177,bot2,1,success,48,0,16.979,0
50,0.8,5177,bot3,1,success,48,0,26.281,0
50,0.8,5177,bot4 penalty=5,1,success,48,0,80.908,0
50,0.8,5177,bot4 penalty=10,1,success,48,0,71.305,0
50,0.8,5177,bot4 penalty=20,1,success,48,0,84.027,0
50,0.8,5177,bot4 penalty=30,1,success,48,0,81.313,0
50,0.8,5178,bot2,1,success,15,0,2.038,1
50,0.8,5178,bot3,1,success,15,0,2.358,1
50,0.8,5178,bot4 penalty=5,1,success,15,0,19.574,1
50,0.8,5178,bot4 penalty=10,1,success,15,0,19.495,1
50,0.8,5178,bot4 penalty=20,1,success,15,0,18.248,1
50,0.8,5178,bot4 penalty=30,1,success,15,0,18.31,1
50,0.8,5179,bot2,1,success,13,0,1.747,1
50,0.8,5179,bot3,1,success,13,0,1.847,1
50,0.8,5179,bot4 penalty=5,1,success,13,0,16.666,1
50,0.8,5179,bot4 penalty=10,1,success,13,0,17.604,1
50,0.8,5179,bot4 penalty=20,1,success,13,0,15.654,1
50,0.8,5179,bot4 penalty=30,1,success,13,0,15.542,1
50,0.8,5180,bot2,1,success,34,0,8.302,1
50,0.8,5180,bot3,1,success,34,0,10.461,1
50,0.8,5180,bot4 penalty=5,1,success,34,0,48.902,1
50,0.8,5180,bot4 penalty=10,1,success,34,0,47.828,1
50,0.8,5180,bot4 penalty=20,1,success,34,0,45.74,1
50,0.8,5180,bot4 penalty=30,1,success,34,0,43.585,1
50,0.8,5181,bot2,1,success,68,0,44.78,1
50,0.8,5181,bot3,1,success,68,0,44.981,1
50,0.8,5181,bot4 penalty=5,1,success,68,0,97.018,1
50,0.8,5181,bot4 penalty=10,1,success,68,0,102.029,1
50,0.8,5181,bot4 penalty=20,1,success,68,0,95.312,1
50,0.8,5181,bot4 penalty=30,1,success,68,0,94.269,1
50,0.8,5182,bot2,1,success,44,0,13.809,1
50,0.8,5182,bot3,1,success,44,0,17.023,1
50,0.8,5182,bot4 penalty=5,1,success,44,0,62.086,1
50,0.8,5182,bot4 penalty=10,1,success,44,0,61.805,1
50,0.8,5182,bot4 penalty=20,1,success,44,0,59.079,1
50,0.8,5182,bot4 penalty=30,1,success,44,0,75.676,1
50,0.8,5183,bot2,0,caught,25,0,17.203,0
50,0.8,5183,bot3,0,caught,25,0,19.417,0
50,0.8,5183,bot4 penalty=5,0,trapped,35,2,65.784,0
50,0.8,5183,bot4 penalty=10,0,trapped,35,2,69.838,0
50,0.8,5183,bot4 penalty=20,0,trapped,35,3,64.51,0
50,0.8,5183,bot4 penalty=30,0,trapped,35,3,71.995,0
50,0.8,5184,bot2,0,trapped,41,0,30.384,0
50,0.8,5184,bot3,0,trapped,41,0,32.467,0
50,0.8,5184,bot4 penalty=5,0,trapped,41,3,72.825,0
50,0.8,5184,bot4 penalty=10,0,trapped,41,8,71.88,0
50,0.8,5184,bot4 penalty=20,0,trapped,41,6,73.083,0
50,0.8,5184,bot4 penalty=30,0,trapped,41,6,71.622,0
50,0.8,5185,bot2,0,trapped,23,0,16.663,0
50,0.8,5185,bot3,0,trapped,23,0,21.784,0
50,0.8,5185,bot4 penalty=5,0,trapped,23,0,81.952,0
50,0.8,5185,bot4 penalty=10,0,trapped,23,0,81.079,0
50,0.8,5185,bot4 penalty=20,0,trapped,23,0,71.487,0
50,0.8,5185,bot4 penalty=30,0,trapped,23,0,63.567,0
50,0.8,5186,bot2,0,trapped,28,0,17.446,0
50,0.8,5186,bot3,0,trapped,28,0,22.484,0
50,0.8,5186,bot4 penalty=5,0,trapped,28,3,55.88,0
50,0.8,5186,bot4 penalty=10,0,trapped,28,3,56.938,0
50,0.8,5186,bot4 penalty=20,0,trapped,28,3,62.547,0
50,0.8,5186,bot4 penalty=30,0,trapped,28,3,66.166,0
50,0.8,5187,bot2,0,button_burned,49,0,24.295,0
50,0.8,5187,bot3,0,button_burned,49,3,30.956,0
50,0.8,5187,bot4 penalty=5,0,trapped,16,3,27.961,0
50,0.8,5187,bot4 penalty=10,0,trapped,16,3,27.344,0
50,0.8,5187,bot4 penalty=20,0,trapped,16,6,30.664,0
50,0.8,5187,bot4 penalty=30,0,button_burned,49,5,126.0,0
50,0.8,5188,bot2,1,success,13,0,1.806,1
50,0.8,5188,bot3,1,success,13,0,1.94,1
50,0.8,5188,bot4 penalty=5,1,success,13,0,16.574,1
50,0.8,5188,bot4 penalty=10,1,success,13,0,20.715,1
50,0.8,5188,bot4 penalty=20,1,success,13,0,17.767,1
50,0.8,5188,bot4 penalty=30,1,success,13,0,17.797,1
50,0.8,5189,bot2,0,trapped,26,0,25.116,0
50,0.8,5189,bot3,0,trapped,26,1,33.684,0
50,0.8,5189,bot4 penalty=5,0,trapped,26,4,70.684,0
50,0.8,5189,bot4 penalty=10,0,trapped,26,6,92.38,0
50,0.8,5189,bot4 penalty=20,0,trapped,26,6,72.108,0
50,0.8,5189,bot4 penalty=30,0,trapped,26,6,81.104,0
50,0.8,5190,bot2,0,button_burned,32,0,23.817,0
50,0.8,5190,bot3,0,button_burned,32,6,28.91,0
50,0.8,5190,bot4 penalty=5,0,trapped,17,4,39.316,0
50,0.8,5190,bot4 penalty=10,0,button_burned,32,13,68.772,0
50,0.8,5190,bot4 penalty=20,0,button_burned,32,13,68.412,0
50,0.8,5190,bot4 penalty=30,0,button_burned,32,13,69.778,0
50,0.8,5191,bot2,0,trapped,56,0,24.499,0
50,0.8,5191,bot3,0,trapped,56,1,37.153,0
50,0.8,5191,bot4 penalty=5,0,trapped,56,0,89.889,0
50,0.8,5191,bot4 penalty=10,0,trapped,56,5,94.402,0
50,0.8,5191,bot4 penalty=20,0,trapped,56,7,84.975,0
50,0.8,5191,bot4 penalty=30,0,trapped,56,7,114.088,0
50,0.8,5192,bot2,1,success,46,0,17.399,1
50,0.8,5192,bot3,1,success,46,0,21.293,1
50,0.8,5192,bot4 penalty=5,1,success,46,0,63.896,1
50,0.8,5192,bot4 penalty=10,1,success,46,0,63.25,1
50,0.8,5192,bot4 penalty=20,1,success,46,0,64.615,1
50,0.8,5192,bot4 penalty=30,1,success,46,0,65.958,1
50,0.8,5193,bot2,1,success,42,0,13.745,1
50,0.8,5193,bot3,1,success,42,0,15.72,1
50,0.8,5193,bot4 penalty=5,1,success,42,0,59.231,1
50,0.8,5193,bot4 penalty=10,1,success,42,0,62.244,1
50,0.8,5193,bot4 penalty=20,1,success,42,0,57.581,1
50,0.8,5193,bot4 penalty=30,1,success,42,0,55.352,1
50,0.8,5194,bot2,0,trapped,34,0,11.554,0
50,0.8,5194,bot3,0,trapped,34,0,14.792,0
50,0.8,5194,bot4 penalty=5,0,trapped,34,2,53.996,0
50,0.8,5194,bot4 penalty=10,0,trapped,34,2,56.826,0
50,0.8,5194,bot4 penalty=20,0,trapped,34,2,60.724,0
50,0.8,5194,bot4 penalty=30,0,trapped,34,13,71.008,0
50,0.8,5195,bot2,1,success,2,0,0.183,1
50,0.8,5195,bot3,1,success,2,0,0.211,1
50,0.8,5195,bot4 penalty=5,1,success,2,0,2.714,1
50,0.8,5195,bot4 penalty=10,1,success,2,0,2.566,1
50,0.8,5195,bot4 penalty=20,1,success,2,0,2.423,1
50,0.8,5195,bot4 penalty=30,1,success,2,0,2.402,1
50,0.8,5196,bot2,0,trapped,40,0,25.452,0
50,0.8,5196,bot3,0,trapped,40,1,32.671,0
50,0.8,5196,bot4 penalty=5,0,trapped,40,3,81.88,0
50,0.8,5196,bot4 penalty=10,0,trapped,40,7,78.099,0
50,0.8,5196,bot4 penalty=20,0,trapped,40,7,79.718,0
50,0.8,5196,bot4 penalty=30,0,trapped,40,7,82.153,0
50,0.8,5197,bot2,0,trapped,34,0,26.447,0
50,0.8,5197,bot3,0,trapped,34,0,32.404,0
50,0.8,5197,bot4 penalty=5,0,trapped,34,5,77.681,0
50,0.8,5197,bot4 penalty=10,0,trapped,34,5,80.593,0
50,0.8,5197,bot4 penalty=20,0,trapped,34,5,86.072,0
50,0.8,5197,bot4 penalty=30,0,trapped,34,5,94.364,0
50,0.8,5198,bot2,0,caught,17,0,16.059,0
50,0.8,5198,bot3,0,trapped,31,1,31.663,0
50,0.8,5198,bot4 penalty=5,0,trapped,31,1,78.307,0
50,0.8,5198,bot4 penalty=10,0,caught,25,1,70.129,0
50,0.8,5198,bot4 penalty=20,0,caught,25,1,49.304,0
50,0.8,5198,bot4 penalty=30,0,trapped,31,5,67.206,0
50,0.8,5199,bot2,1,success,29,0,11.445,1
50,0.8,5199,bot3,1,success,29,0,8.239,1
50,0.8,5199,bot4 penalty=5,1,success,29,0,41.457,1
50,0.8,5199,bot4 penalty=10,1,success,29,0,40.168,1
50,0.8,5199,bot4 penalty=20,1,success,29,0,38.245,1
50,0.8,5199,bot4 penalty=30,1,success,29,0,40.085,1
